household_key,recency,frequency,monetary,avg_basket_value,total_quantity,avg_quantity,total_discount,discount_rate,unique_products,shopping_days,spend_per_day,coupon_redemptions,coupon_rate,classification_1,classification_2,classification_3,HOMEOWNER_DESC,classification_5,classification_4,KID_CATEGORY_DESC,campaigns_received,campaign_types,coupon_redeemer,campaign_rate,coupon_per_campaign,unique_departments,unique_categories,unique_brands,category_diversity
1,5,86,4330.16,50.350697674418605,1997,23.22093023255814,697.04,0.16097326657675468,677,79,54.81215189873418,5.0,0.05813953488372093,Age Group6,X,Level4,Homeowner,Group5,2,None/Unknown,0.0,0.0,1,0.0,0.0,0.0,0.0,0.0,0.0
2,43,45,1954.34,43.42977777777777,834,18.533333333333335,334.99,0.1714082503556188,546,45,43.42977777777777,0.0,0.0,Unknown,Unknown,Unknown,Unknown,Unknown,Unknown,Unknown,8.0,3.0,0,0.17777777777777778,0.0,13.0,128.0,2.0,2.8444444444444446
3,8,47,2653.21,56.45127659574468,8540,181.70212765957447,675.16,0.2544691147704102,516,46,57.67847826086957,0.0,0.0,Unknown,Unknown,Unknown,Unknown,Unknown,Unknown,Unknown,1.0,1.0,0,0.02127659574468085,0.0,12.0,141.0,2.0,3.0
4,84,30,1200.1100000000001,40.00366666666667,382,12.733333333333333,115.65,0.09636616643474348,164,30,40.00366666666667,0.0,0.0,Unknown,Unknown,Unknown,Unknown,Unknown,Unknown,Unknown,3.0,2.0,0,0.1,0.0,12.0,110.0,2.0,3.6666666666666665
5,8,40,779.0600000000001,19.4765,245,6.125,118.33,0.15188817292634713,199,33,23.60787878787879,0.0,0.0,Unknown,Unknown,Unknown,Unknown,Unknown,Unknown,Unknown,1.0,1.0,0,0.025,0.0,9.0,63.0,2.0,1.575
6,4,250,5996.16,23.98464,94690,378.76,828.34,0.13814507951755792,811,221,27.131945701357466,0.0,0.0,Unknown,Unknown,Unknown,Unknown,Unknown,Unknown,Unknown,0.0,0.0,0,0.0,0.0,9.0,76.0,2.0,0.304
7,2,59,3400.05,57.627966101694916,1554,26.338983050847457,482.51,0.14191261893207452,829,59,57.627966101694916,0.0,0.0,Age Group4,X,Level5,Homeowner,Group5,2,None/Unknown,4.0,2.0,0,0.06779661016949153,0.0,18.0,154.0,2.0,2.610169491525424
8,5,113,5534.97,48.98203539823009,68333,604.7168141592921,1078.3,0.19481587072739326,1288,103,53.73757281553398,1.0,0.008849557522123894,Age Group2,Y,Level3,Unknown,Group4,3,1,4.0,2.0,1,0.035398230088495575,0.25,13.0,157.0,2.0,1.3893805309734513
9,22,20,797.42,39.870999999999995,353,17.65,181.1,0.22710742143412505,185,20,39.870999999999995,0.0,0.0,Unknown,Unknown,Unknown,Unknown,Unknown,Unknown,Unknown,10.0,2.0,0,0.5,0.0,20.0,180.0,2.0,9.0
10,26,9,234.34,26.037777777777777,108,12.0,24.84,0.1059998293078433,65,5,46.868,0.0,0.0,Unknown,Unknown,Unknown,Unknown,Unknown,Unknown,Unknown,0.0,0.0,0,0.0,0.0,8.0,72.0,2.0,8.0
11,299,5,33.39,6.678,20,4.0,10.98,0.3288409703504043,17,5,6.678,0.0,0.0,Unknown,Unknown,Unknown,Unknown,Unknown,Unknown,Unknown,0.0,0.0,0,0.0,0.0,9.0,40.0,2.0,8.0
12,207,7,266.21,38.029999999999994,103,14.714285714285714,32.7,0.12283535554637319,75,7,38.029999999999994,0.0,0.0,Unknown,Unknown,Unknown,Unknown,Unknown,Unknown,Unknown,0.0,0.0,0,0.0,0.0,6.0,14.0,2.0,2.0
13,2,275,13190.92,47.96698181818182,1863829,6777.56,1627.19,0.12335682423970429,1008,203,64.97990147783251,21.0,0.07636363636363637,Age Group2,Y,Level6,Homeowner,Group4,4,2,0.0,0.0,1,0.0,0.0,7.0,48.0,2.0,0.17454545454545456
14,7,140,2761.19,19.722785714285713,118320,845.1428571428571,589.98,0.21366874427330246,574,98,28.175408163265306,3.0,0.02142857142857143,Unknown,Unknown,Unknown,Unknown,Unknown,Unknown,Unknown,10.0,3.0,1,0.07142857142857142,0.3,16.0,162.0,2.0,1.1571428571428573
15,6,55,972.53,17.682363636363636,465,8.454545454545455,158.59,0.163069519706333,235,48,20.261041666666667,0.0,0.0,Unknown,Unknown,Unknown,Unknown,Unknown,Unknown,Unknown,5.0,2.0,0,0.09090909090909091,0.0,12.0,115.0,2.0,2.090909090909091
16,21,98,1512.02,15.428775510204082,81200,828.5714285714286,171.29,0.11328553855107737,282,90,16.80022222222222,0.0,0.0,Age Group4,Z,Level5,Homeowner,Group3,1,None/Unknown,0.0,0.0,0,0.0,0.0,14.0,91.0,2.0,0.9285714285714286
17,22,124,5139.63,41.44862903225807,295951,2386.701612903226,1109.56,0.2158832445137101,444,101,50.88742574257426,0.0,0.0,Age Group6,Z,Level1,Homeowner,Group5,2,None/Unknown,2.0,2.0,0,0.016129032258064516,0.0,10.0,109.0,2.0,0.8790322580645161
18,0,163,7118.91,43.67429447852761,260924,1600.760736196319,948.66,0.13325916467549104,691,132,53.93113636363636,8.0,0.049079754601226995,Age Group4,X,Level7,Homeowner,Group5,2,None/Unknown,5.0,1.0,1,0.03067484662576687,1.6,12.0,122.0,2.0,0.7484662576687117
19,0,421,11299.61,26.83992874109264,529311,1257.270783847981,3044.85,0.2694650523336646,1786,296,38.17435810810811,1.0,0.0023752969121140144,Age Group3,Z,Level2,Unknown,Group3,1,None/Unknown,4.0,2.0,1,0.009501187648456057,0.25,14.0,144.0,2.0,0.342042755344418
20,0,387,7486.11,19.343953488372094,477186,1233.0387596899225,813.92,0.10872402355829663,477,298,25.121174496644294,0.0,0.0,Age Group2,X,Level6,Renter,Group5,2,None/Unknown,9.0,3.0,0,0.023255813953488372,0.0,20.0,177.0,2.0,0.4573643410852713
21,29,27,870.11,32.2262962962963,38801,1437.0740740740741,165.66,0.1903897208398938,228,23,37.83086956521739,0.0,0.0,Unknown,Unknown,Unknown,Unknown,Unknown,Unknown,Unknown,7.0,2.0,0,0.25925925925925924,0.0,14.0,116.0,2.0,4.296296296296297
22,0,136,6256.04,46.00029411764706,434948,3198.1470588235293,804.68,0.12862449728582298,722,119,52.57176470588235,25.0,0.18382352941176472,Age Group4,X,Level6,Homeowner,Group5,2,None/Unknown,0.0,0.0,1,0.0,0.0,10.0,87.0,2.0,0.6397058823529411
23,0,110,3158.58,28.714363636363636,167359,1521.4454545454546,275.98,0.08737470635538755,450,100,31.5858,0.0,0.0,Unknown,Unknown,Unknown,Unknown,Unknown,Unknown,Unknown,8.0,2.0,0,0.07272727272727272,0.0,17.0,145.0,2.0,1.3181818181818181
24,2,74,1911.11,25.82581081081081,960,12.972972972972974,442.64,0.23161408814772566,370,68,28.10455882352941,0.0,0.0,Unknown,Unknown,Unknown,Unknown,Unknown,Unknown,Unknown,3.0,1.0,0,0.04054054054054054,0.0,12.0,129.0,2.0,1.7432432432432432
25,6,94,3149.65,33.50691489361702,37391,397.77659574468083,527.44,0.16745987649421365,452,86,36.62383720930233,0.0,0.0,Age Group3,Y,Level5,Unknown,Group6,1,None/Unknown,0.0,0.0,0,0.0,0.0,9.0,95.0,2.0,1.0106382978723405
26,6,113,1937.39,17.145044247787613,1057,9.353982300884956,321.64,0.16601716742627967,481,101,19.182079207920793,0.0,0.0,Unknown,Unknown,Unknown,Unknown,Unknown,Unknown,Unknown,4.0,1.0,0,0.035398230088495575,0.0,13.0,115.0,2.0,1.0176991150442478
27,0,405,5736.24,14.163555555555556,3119,7.701234567901235,478.11,0.08334902305342873,546,380,15.095368421052632,0.0,0.0,Age Group4,Y,Level3,Probable Renter,Group3,1,None/Unknown,1.0,1.0,0,0.0024691358024691358,0.0,12.0,118.0,2.0,0.291358024691358
28,9,125,2119.62,16.95696,32861,262.888,308.19,0.1453987035412008,370,120,17.6635,0.0,0.0,Unknown,Unknown,Unknown,Unknown,Unknown,Unknown,Unknown,7.0,2.0,0,0.056,0.0,11.0,89.0,2.0,0.712
29,2,69,1343.03,19.464202898550724,669,9.695652173913043,298.2,0.2220352486541626,341,59,22.76322033898305,1.0,0.014492753623188406,Unknown,Unknown,Unknown,Unknown,Unknown,Unknown,Unknown,4.0,2.0,1,0.057971014492753624,0.25,14.0,114.0,2.0,1.6521739130434783
30,0,28,622.8,22.24285714285714,64818,2314.9285714285716,100.89,0.1619942196531792,133,22,28.30909090909091,0.0,0.0,Unknown,Unknown,Unknown,Unknown,Unknown,Unknown,Unknown,5.0,2.0,0,0.17857142857142858,0.0,14.0,89.0,2.0,3.1785714285714284
31,1,69,4396.9,63.723188405797096,368604,5342.086956521739,946.68,0.2153062384862062,686,63,69.79206349206349,2.0,0.028985507246376812,Age Group3,Z,Level4,Homeowner,Group5,2,None/Unknown,0.0,0.0,1,0.0,0.0,13.0,68.0,2.0,0.9855072463768116
32,0,116,3381.82,29.153620689655174,264307,2278.5086206896553,389.98,0.11531660466849211,714,106,31.903962264150945,0.0,0.0,Unknown,Unknown,Unknown,Unknown,Unknown,Unknown,Unknown,2.0,1.0,0,0.017241379310344827,0.0,14.0,137.0,2.0,1.1810344827586208
33,0,52,1200.74,23.091153846153848,28889,555.5576923076923,274.93,0.22896713693222512,257,46,26.10304347826087,0.0,0.0,Unknown,Unknown,Unknown,Unknown,Unknown,Unknown,Unknown,6.0,2.0,0,0.11538461538461539,0.0,14.0,153.0,2.0,2.9423076923076925
34,2,36,407.38,11.31611111111111,10276,285.44444444444446,69.84,0.17143698757916442,120,34,11.981764705882354,0.0,0.0,Unknown,Unknown,Unknown,Unknown,Unknown,Unknown,Unknown,0.0,0.0,0,0.0,0.0,12.0,76.0,2.0,2.111111111111111
35,4,60,1119.51,18.6585,43905,731.75,153.35999999999999,0.13698850389902725,240,48,23.323125,0.0,0.0,Unknown,Unknown,Unknown,Unknown,Unknown,Unknown,Unknown,0.0,0.0,0,0.0,0.0,7.0,58.0,2.0,0.9666666666666667
36,3,221,4898.25,22.164027149321267,10709,48.457013574660635,866.01,0.176799877507273,681,182,26.91346153846154,0.0,0.0,Unknown,Unknown,Unknown,Unknown,Unknown,Unknown,Unknown,0.0,0.0,0,0.0,0.0,11.0,80.0,2.0,0.36199095022624433
37,1,63,2976.66,47.248571428571424,73708,1169.968253968254,544.94,0.18307095872555149,206,56,53.15464285714285,0.0,0.0,Unknown,Unknown,Unknown,Unknown,Unknown,Unknown,Unknown,3.0,2.0,0,0.047619047619047616,0.0,14.0,129.0,2.0,2.0476190476190474
38,160,27,706.13,26.152962962962963,275,10.185185185185185,59.16,0.08378060697038789,133,27,26.152962962962963,0.0,0.0,Unknown,Unknown,Unknown,Unknown,Unknown,Unknown,Unknown,2.0,1.0,0,0.07407407407407407,0.0,14.0,82.0,2.0,3.037037037037037
39,26,64,5033.66,78.6509375,13778,215.28125,812.21,0.16135575307033054,1244,56,89.88678571428571,0.0,0.0,Age Group3,X,Level8,Homeowner,Group5,2,None/Unknown,1.0,1.0,0,0.015625,0.0,7.0,68.0,2.0,1.0625
40,1,400,12907.89,32.269725,1240414,3101.035,1293.56,0.10021467490039038,1525,303,42.600297029702965,14.0,0.035,Age Group4,Y,Level1,Homeowner,Group5,2,None/Unknown,5.0,2.0,1,0.0125,2.8,18.0,172.0,2.0,0.43
41,4,73,3107.13,42.56342465753425,1467,20.095890410958905,613.95,0.19759392107829413,355,70,44.38757142857143,0.0,0.0,Unknown,Unknown,Unknown,Unknown,Unknown,Unknown,Unknown,11.0,3.0,0,0.1506849315068493,0.0,20.0,195.0,2.0,2.671232876712329
42,1,89,1985.8600000000001,22.31303370786517,1381,15.51685393258427,545.77,0.27482803420180674,305,87,22.825977011494253,0.0,0.0,Age Group6,Y,Level5,Unknown,Group2,1,None/Unknown,1.0,1.0,0,0.011235955056179775,0.0,9.0,89.0,2.0,1.0
43,1,106,884.84,8.347547169811321,43026,405.9056603773585,88.39,0.09989376610460649,245,90,9.831555555555555,0.0,0.0,Age Group3,Z,Level2,Homeowner,Group4,5+,3+,3.0,1.0,0,0.02830188679245283,0.0,13.0,77.0,2.0,0.7264150943396226
44,83,32,877.76,27.43,395,12.34375,133.74,0.15236511119212542,278,29,30.267586206896553,0.0,0.0,Unknown,Unknown,Unknown,Unknown,Unknown,Unknown,Unknown,5.0,2.0,0,0.15625,0.0,10.0,72.0,2.0,2.25
45,124,57,807.09,14.159473684210527,302,5.298245614035087,64.5,0.07991673791027022,158,55,14.674363636363637,0.0,0.0,Unknown,Unknown,Unknown,Unknown,Unknown,Unknown,Unknown,0.0,0.0,0,0.0,0.0,12.0,92.0,2.0,1.6140350877192982
46,0,137,8433.43,61.557883211678835,94957,693.1167883211679,1523.45,0.1806441744343642,1308,117,72.08059829059829,2.0,0.014598540145985401,Age Group4,X,Level9,Homeowner,Group4,5+,3+,1.0,1.0,1,0.0072992700729927005,2.0,7.0,65.0,2.0,0.4744525547445255
47,3,111,2329.13,20.983153153153154,760,6.846846846846847,293.55,0.1260341844379661,450,101,23.060693069306932,0.0,0.0,Unknown,Unknown,Unknown,Unknown,Unknown,Unknown,Unknown,9.0,3.0,0,0.08108108108108109,0.0,23.0,197.0,2.0,1.7747747747747749
48,2,50,1172.83,23.456599999999998,41593,831.86,211.2,0.18007724904717648,253,45,26.06288888888889,0.0,0.0,Age Group1,Y,Level4,Homeowner,Group5,2,None/Unknown,3.0,1.0,0,0.06,0.0,14.0,135.0,2.0,2.7
49,9,121,6445.03,53.26471074380165,439122,3629.1074380165287,1453.55,0.22553036991294068,1044,108,59.6762037037037,0.0,0.0,Age Group3,X,Level4,Homeowner,Group5,2,None/Unknown,2.0,2.0,0,0.01652892561983471,0.0,13.0,87.0,2.0,0.71900826446281
50,36,15,351.39,23.426,146,9.733333333333333,38.3,0.10899570278038646,116,15,23.426,0.0,0.0,Unknown,Unknown,Unknown,Unknown,Unknown,Unknown,Unknown,6.0,2.0,0,0.4,0.0,15.0,163.0,2.0,10.866666666666667
51,1,83,3046.86,36.70915662650602,1264,15.228915662650602,351.69,0.11542702979460821,450,78,39.06230769230769,0.0,0.0,Unknown,Unknown,Unknown,Unknown,Unknown,Unknown,Unknown,0.0,0.0,0,0.0,0.0,7.0,53.0,2.0,0.6385542168674698
52,0,139,5487.28,39.4768345323741,201452,1449.294964028777,565.3,0.10302007552011197,1015,126,43.54984126984127,0.0,0.0,Age Group4,Z,Level5,Homeowner,Group5,2,None/Unknown,4.0,1.0,0,0.02877697841726619,0.0,13.0,112.0,2.0,0.8057553956834532
53,5,56,1962.26,35.04035714285714,83737,1495.3035714285713,379.34,0.19331790894173045,332,52,37.73576923076923,0.0,0.0,Unknown,Unknown,Unknown,Unknown,Unknown,Unknown,Unknown,6.0,2.0,0,0.10714285714285714,0.0,17.0,178.0,2.0,3.1785714285714284
54,216,11,103.09,9.371818181818183,42,3.8181818181818183,18.53,0.17974585313803473,33,11,9.371818181818183,0.0,0.0,Unknown,Unknown,Unknown,Unknown,Unknown,Unknown,Unknown,0.0,0.0,0,0.0,0.0,12.0,101.0,2.0,9.181818181818182
55,8,141,1072.79,7.6084397163120565,425,3.0141843971631204,194.34,0.18115381388715407,240,135,7.946592592592593,0.0,0.0,Age Group6,X,Level4,Homeowner,Group5,2,None/Unknown,0.0,0.0,0,0.0,0.0,3.0,19.0,2.0,0.1347517730496454
56,2,201,6691.53,33.29119402985074,11135,55.398009950248756,1233.96,0.1844062568650219,1107,181,36.96977900552486,2.0,0.009950248756218905,Age Group5,X,Level7,Homeowner,Group4,4,2,4.0,2.0,1,0.01990049751243781,0.5,9.0,83.0,2.0,0.4129353233830846
57,2,194,3105.87,16.009639175257732,141557,729.6752577319587,500.36,0.16110139831995546,514,156,19.909423076923076,0.0,0.0,Age Group4,Z,Level4,Homeowner,Group5,2,None/Unknown,2.0,2.0,0,0.010309278350515464,0.0,19.0,181.0,2.0,0.9329896907216495
58,0,268,10367.08,38.68313432835821,1209027,4511.294776119403,1542.95,0.1488316864536591,1386,230,45.074260869565215,7.0,0.026119402985074626,Age Group2,X,Level9,Homeowner,Group4,4,2,4.0,2.0,1,0.014925373134328358,1.75,17.0,146.0,2.0,0.5447761194029851
59,27,44,1688.33,38.37113636363636,35749,812.4772727272727,365.8,0.21666380387720413,384,38,44.429736842105264,0.0,0.0,Unknown,Unknown,Unknown,Unknown,Unknown,Unknown,Unknown,10.0,2.0,0,0.22727272727272727,0.0,20.0,184.0,2.0,4.181818181818182
60,14,8,400.94,50.1175,11181,1397.625,216.37,0.5396568065047139,98,8,50.1175,0.0,0.0,Unknown,Unknown,Unknown,Unknown,Unknown,Unknown,Unknown,0.0,0.0,0,0.0,0.0,14.0,123.0,2.0,15.375
61,16,11,183.8,16.70909090909091,64,5.818181818181818,52.910000000000004,0.28786724700761696,40,11,16.70909090909091,0.0,0.0,Unknown,Unknown,Unknown,Unknown,Unknown,Unknown,Unknown,0.0,0.0,0,0.0,0.0,10.0,57.0,2.0,5.181818181818182
62,42,33,359.29,10.887575757575759,270,8.181818181818182,72.99,0.2031506582426452,184,28,12.831785714285715,0.0,0.0,Unknown,Unknown,Unknown,Unknown,Unknown,Unknown,Unknown,0.0,0.0,0,0.0,0.0,5.0,23.0,2.0,0.696969696969697
63,1,33,589.6,17.866666666666667,161,4.878787878787879,72.64,0.12320217096336498,65,30,19.653333333333332,0.0,0.0,Unknown,Unknown,Unknown,Unknown,Unknown,Unknown,Unknown,0.0,0.0,0,0.0,0.0,9.0,86.0,2.0,2.606060606060606
64,0,264,3917.81,14.840189393939394,1869,7.079545454545454,562.9,0.14367720741945117,760,208,18.835625,0.0,0.0,Unknown,Unknown,Unknown,Unknown,Unknown,Unknown,Unknown,0.0,0.0,0,0.0,0.0,7.0,34.0,2.0,0.12878787878787878
65,40,122,2042.17,16.73909836065574,606,4.967213114754099,229.22,0.11224334898661717,423,97,21.053298969072166,0.0,0.0,Unknown,Unknown,Unknown,Unknown,Unknown,Unknown,Unknown,4.0,2.0,0,0.03278688524590164,0.0,11.0,147.0,2.0,1.2049180327868851
66,26,29,395.95,13.653448275862068,243,8.379310344827585,82.78,0.20906680136380856,163,23,17.215217391304346,0.0,0.0,Unknown,Unknown,Unknown,Unknown,Unknown,Unknown,Unknown,6.0,2.0,0,0.20689655172413793,0.0,10.0,121.0,2.0,4.172413793103448
67,2,227,9618.9,42.37400881057268,340342,1499.3039647577093,2473.85,0.2571863726621547,1322,189,50.89365079365079,33.0,0.14537444933920704,Age Group4,X,Level1,Homeowner,Group4,5+,3+,0.0,0.0,1,0.0,0.0,7.0,70.0,2.0,0.30837004405286345
68,5,553,4960.77,8.970650994575045,203275,367.5858951175407,968.9,0.19531242125718384,962,311,15.951028938906754,1.0,0.0018083182640144665,Unknown,Unknown,Unknown,Unknown,Unknown,Unknown,Unknown,8.0,2.0,1,0.014466546112115732,0.125,22.0,196.0,2.0,0.35443037974683544
69,0,183,5704.34,31.171256830601095,2888,15.781420765027322,1040.63,0.18242776552589784,1190,148,38.54283783783784,0.0,0.0,Unknown,Unknown,Unknown,Unknown,Unknown,Unknown,Unknown,10.0,3.0,0,0.0546448087431694,0.0,16.0,167.0,2.0,0.912568306010929
70,6,32,76.4,2.3875,51,1.59375,10.71,0.14018324607329843,21,32,2.3875,0.0,0.0,Unknown,Unknown,Unknown,Unknown,Unknown,Unknown,Unknown,7.0,3.0,0,0.21875,0.0,16.0,155.0,2.0,4.84375
71,0,90,3376.03,37.51144444444445,12505,138.94444444444446,530.38,0.15710168452294557,407,85,39.718,0.0,0.0,Age Group3,X,Level3,Homeowner,Group3,2,None/Unknown,0.0,0.0,0,0.0,0.0,4.0,12.0,2.0,0.13333333333333333
72,17,107,6473.43,60.499345794392525,140869,1316.5327102803737,1002.16,0.15481128242678147,1030,99,65.38818181818182,0.0,0.0,Unknown,Unknown,Unknown,Unknown,Unknown,Unknown,Unknown,2.0,1.0,0,0.018691588785046728,0.0,16.0,109.0,2.0,1.0186915887850467
73,49,164,2864.18,17.46451219512195,215984,1316.9756097560976,242.74,0.08475026010935068,515,132,21.69833333333333,0.0,0.0,Unknown,Unknown,Unknown,Unknown,Unknown,Unknown,Unknown,7.0,3.0,0,0.042682926829268296,0.0,17.0,171.0,2.0,1.0426829268292683
74,55,131,2047.64,15.630839694656489,1480,11.297709923664122,864.83,0.42235451544216757,412,121,16.922644628099174,0.0,0.0,Age Group6,X,Level2,Homeowner,Group5,2,None/Unknown,4.0,2.0,0,0.030534351145038167,0.0,13.0,115.0,2.0,0.8778625954198473
75,2,64,1167.09,18.23578125,222787,3481.046875,177.13,0.15177064322374453,148,59,19.781186440677963,0.0,0.0,Unknown,Unknown,Unknown,Unknown,Unknown,Unknown,Unknown,5.0,2.0,0,0.078125,0.0,14.0,110.0,2.0,1.71875
76,0,16,315.94,19.74625,164,10.25,76.57000000000001,0.24235614357156424,103,15,21.062666666666665,0.0,0.0,Unknown,Unknown,Unknown,Unknown,Unknown,Unknown,Unknown,0.0,0.0,0,0.0,0.0,11.0,54.0,2.0,3.375
77,1,87,6227.1,71.57586206896552,2951,33.91954022988506,1260.28,0.20238634356281412,1313,86,72.40813953488373,1.0,0.011494252873563218,Age Group3,X,Level7,Homeowner,Group4,5+,3+,0.0,0.0,1,0.0,0.0,11.0,61.0,2.0,0.7011494252873564
78,2,210,2505.14,11.929238095238095,1546,7.3619047619047615,400.63,0.15992319790510712,390,194,12.913092783505155,0.0,0.0,Age Group5,Y,Level3,Unknown,Group2,1,None/Unknown,2.0,2.0,0,0.009523809523809525,0.0,18.0,170.0,2.0,0.8095238095238095
79,3,154,3950.12,25.65012987012987,241704,1569.5064935064936,780.47,0.19758133930108454,761,134,29.478507462686565,1.0,0.006493506493506494,Unknown,Unknown,Unknown,Unknown,Unknown,Unknown,Unknown,5.0,2.0,1,0.032467532467532464,0.2,12.0,94.0,2.0,0.6103896103896104
80,17,94,3002.09,31.937127659574468,134902,1435.127659574468,846.51,0.2819735584209667,824,85,35.318705882352944,1.0,0.010638297872340425,Age Group4,Y,Level5,Homeowner,Group5,2,None/Unknown,1.0,1.0,1,0.010638297872340425,1.0,20.0,173.0,2.0,1.8404255319148937
81,5,152,5553.7,36.5375,2942,19.355263157894736,1142.24,0.20567189441273387,1013,119,46.66974789915966,0.0,0.0,Unknown,Unknown,Unknown,Unknown,Unknown,Unknown,Unknown,2.0,2.0,0,0.013157894736842105,0.0,17.0,146.0,2.0,0.9605263157894737
82,3,51,566.51,11.108039215686274,148,2.9019607843137254,90.54,0.15982065629909448,70,51,11.108039215686274,0.0,0.0,Unknown,Unknown,Unknown,Unknown,Unknown,Unknown,Unknown,4.0,3.0,0,0.0784313725490196,0.0,15.0,161.0,2.0,3.156862745098039
83,1,110,1183.74,10.761272727272727,42133,383.0272727272727,183.92000000000002,0.1553719566796763,290,96,12.330625,0.0,0.0,Unknown,Unknown,Unknown,Unknown,Unknown,Unknown,Unknown,0.0,0.0,0,0.0,0.0,7.0,30.0,2.0,0.2727272727272727
84,15,52,1208.09,23.232499999999998,8701,167.32692307692307,150.85,0.12486652484500327,336,48,25.168541666666666,0.0,0.0,Unknown,Unknown,Unknown,Unknown,Unknown,Unknown,Unknown,1.0,1.0,0,0.019230769230769232,0.0,11.0,94.0,2.0,1.8076923076923077
85,1,282,4696.49,16.65421985815603,133187,472.29432624113474,948.81,0.20202534233012312,963,245,19.169346938775508,0.0,0.0,Age Group2,Y,Level4,Unknown,Group2,1,None/Unknown,0.0,0.0,0,0.0,0.0,10.0,105.0,2.0,0.3723404255319149
86,38,46,4019.44,87.37913043478261,16370,355.8695652173913,516.38,0.1284706327249567,757,36,111.6511111111111,0.0,0.0,Age Group6,Z,Level4,Homeowner,Group2,1,None/Unknown,8.0,3.0,0,0.17391304347826086,0.0,18.0,164.0,2.0,3.5652173913043477
87,4,45,1202.3,26.717777777777776,400,8.88888888888889,82.0,0.06820261166098311,197,45,26.717777777777776,0.0,0.0,Unknown,Unknown,Unknown,Unknown,Unknown,Unknown,Unknown,2.0,1.0,0,0.044444444444444446,0.0,15.0,153.0,2.0,3.4
88,3,229,11615.66,50.723406113537116,302041,1318.9563318777293,2233.1,0.1922490844256805,1994,182,63.82230769230769,7.0,0.03056768558951965,Unknown,Unknown,Unknown,Unknown,Unknown,Unknown,Unknown,0.0,0.0,1,0.0,0.0,6.0,71.0,2.0,0.31004366812227074
89,73,11,177.56,16.14181818181818,52,4.7272727272727275,9.93,0.055924757828339715,46,11,16.14181818181818,0.0,0.0,Unknown,Unknown,Unknown,Unknown,Unknown,Unknown,Unknown,12.0,3.0,0,1.0909090909090908,0.0,19.0,187.0,2.0,17.0
90,34,10,490.41,49.041000000000004,16694,1669.4,57.21,0.11665749067107115,109,9,54.49,0.0,0.0,Unknown,Unknown,Unknown,Unknown,Unknown,Unknown,Unknown,0.0,0.0,0,0.0,0.0,3.0,21.0,2.0,2.1
91,1,181,2899.66,16.02022099447514,310157,1713.5745856353592,302.99,0.10449156107957486,463,151,19.203046357615893,0.0,0.0,Unknown,Unknown,Unknown,Unknown,Unknown,Unknown,Unknown,0.0,0.0,0,0.0,0.0,9.0,45.0,2.0,0.24861878453038674
92,6,57,1587.38,27.848771929824565,11137,195.3859649122807,441.19,0.2779359699630838,553,55,28.861454545454546,0.0,0.0,Unknown,Unknown,Unknown,Unknown,Unknown,Unknown,Unknown,2.0,1.0,0,0.03508771929824561,0.0,13.0,125.0,2.0,2.192982456140351
93,160,106,3346.7200000000003,31.572830188679248,23269,219.5188679245283,596.15,0.1781296314002964,485,101,33.13584158415842,8.0,0.07547169811320754,Unknown,Unknown,Unknown,Unknown,Unknown,Unknown,Unknown,1.0,1.0,1,0.009433962264150943,8.0,17.0,133.0,2.0,1.2547169811320755
94,13,36,442.64,12.295555555555556,17964,499.0,109.27,0.24685975058738477,119,35,12.646857142857142,0.0,0.0,Unknown,Unknown,Unknown,Unknown,Unknown,Unknown,Unknown,12.0,3.0,0,0.3333333333333333,0.0,13.0,107.0,2.0,2.9722222222222223
95,2,308,6500.18,21.10448051948052,451641,1466.3668831168832,1937.51,0.2980702072865674,1192,244,26.640081967213117,0.0,0.0,Unknown,Unknown,Unknown,Unknown,Unknown,Unknown,Unknown,0.0,0.0,0,0.0,0.0,10.0,57.0,2.0,0.18506493506493507
96,3,59,1182.43,20.04118644067797,415,7.033898305084746,169.06,0.14297675126645976,254,49,24.13122448979592,0.0,0.0,Unknown,Unknown,Unknown,Unknown,Unknown,Unknown,Unknown,5.0,2.0,0,0.0847457627118644,0.0,17.0,163.0,2.0,2.76271186440678
97,5,180,5323.95,29.5775,390421,2169.0055555555555,982.49,0.18454155279444773,968,164,32.46310975609756,0.0,0.0,Age Group4,Y,Level6,Unknown,Group3,1,None/Unknown,2.0,1.0,0,0.011111111111111112,0.0,10.0,83.0,2.0,0.46111111111111114
98,1,205,2547.3,12.425853658536587,1810,8.829268292682928,526.12,0.20654025831272327,683,157,16.224840764331212,0.0,0.0,Age Group3,Y,Level4,Unknown,Group1,2,1,4.0,2.0,0,0.01951219512195122,0.0,14.0,140.0,2.0,0.6829268292682927
99,2,255,6926.15,27.161372549019607,51390,201.52941176470588,1164.32,0.1681049356424565,1327,191,36.262565445026176,4.0,0.01568627450980392,Unknown,Unknown,Unknown,Unknown,Unknown,Unknown,Unknown,2.0,2.0,1,0.00784313725490196,2.0,13.0,137.0,2.0,0.5372549019607843
100,20,33,2294.62,69.53393939393939,139469,4226.333333333333,388.27,0.16920884503752257,432,28,81.95071428571428,0.0,0.0,Unknown,Unknown,Unknown,Unknown,Unknown,Unknown,Unknown,4.0,2.0,0,0.12121212121212122,0.0,22.0,190.0,2.0,5.757575757575758
101,3,242,6651.58,27.485867768595043,352333,1455.9214876033059,2086.67,0.31371042669561217,574,163,40.80723926380368,5.0,0.02066115702479339,Age Group4,X,Level1,Homeowner,Group4,4,2,0.0,0.0,1,0.0,0.0,13.0,99.0,2.0,0.4090909090909091
102,532,8,304.84000000000003,38.105000000000004,139,17.375,53.16,0.17438656344311768,92,8,38.105000000000004,0.0,0.0,Unknown,Unknown,Unknown,Unknown,Unknown,Unknown,Unknown,5.0,2.0,0,0.625,0.0,13.0,123.0,2.0,15.375
103,2,51,541.99,10.627254901960784,283,5.549019607843137,100.46,0.18535397332054096,208,41,13.219268292682926,0.0,0.0,Unknown,Unknown,Unknown,Unknown,Unknown,Unknown,Unknown,0.0,0.0,0,0.0,0.0,7.0,45.0,2.0,0.8823529411764706
104,0,128,6546.74,51.14640625,40951,319.9296875,1547.87,0.2364337059360842,1065,115,56.92817391304347,4.0,0.03125,Age Group3,X,Level4,Homeowner,Group4,5+,3+,1.0,1.0,1,0.0078125,4.0,8.0,85.0,2.0,0.6640625
105,1,169,4591.67,27.1696449704142,2994,17.715976331360945,1314.32,0.28624008258433203,1253,130,35.32053846153846,8.0,0.047337278106508875,Age Group2,Z,Level1,Homeowner,Group1,3,2,8.0,3.0,1,0.047337278106508875,1.0,14.0,152.0,2.0,0.8994082840236687
106,6,67,2014.66,30.069552238805972,193359,2885.955223880597,199.63,0.09908867997577754,338,56,35.97607142857143,0.0,0.0,Unknown,Unknown,Unknown,Unknown,Unknown,Unknown,Unknown,8.0,2.0,0,0.11940298507462686,0.0,14.0,145.0,2.0,2.1641791044776117
107,29,41,1222.83,29.82512195121951,116913,2851.5365853658536,173.37,0.1417776796447585,197,33,37.055454545454545,0.0,0.0,Unknown,Unknown,Unknown,Unknown,Unknown,Unknown,Unknown,0.0,0.0,0,0.0,0.0,14.0,116.0,2.0,2.8292682926829267
108,22,62,2671.16,43.08322580645161,69520,1121.2903225806451,373.27,0.13974078677428534,646,52,51.36846153846154,0.0,0.0,Unknown,Unknown,Unknown,Unknown,Unknown,Unknown,Unknown,0.0,0.0,0,0.0,0.0,10.0,77.0,2.0,1.2419354838709677
109,3,104,3501.07,33.66413461538462,1544,14.846153846153847,452.3,0.12918907648233255,774,101,34.6640594059406,0.0,0.0,Age Group2,X,Level2,Homeowner,Group3,2,None/Unknown,4.0,2.0,0,0.038461538461538464,0.0,15.0,156.0,2.0,1.5
110,0,185,3461.32,18.70983783783784,192457,1040.3081081081082,595.76,0.17211930708515824,848,151,22.922649006622517,0.0,0.0,Age Group2,Y,Level4,Homeowner,Group3,1,None/Unknown,4.0,2.0,0,0.021621621621621623,0.0,16.0,153.0,2.0,0.827027027027027
111,24,51,1515.65,29.718627450980392,37164,728.7058823529412,353.06,0.2329429617655791,480,47,32.24787234042553,0.0,0.0,Unknown,Unknown,Unknown,Unknown,Unknown,Unknown,Unknown,4.0,2.0,0,0.0784313725490196,0.0,20.0,163.0,2.0,3.196078431372549
112,13,80,1342.65,16.783125000000002,187947,2349.3375,85.27,0.06350873273004878,196,70,19.180714285714288,0.0,0.0,Unknown,Unknown,Unknown,Unknown,Unknown,Unknown,Unknown,1.0,1.0,0,0.0125,0.0,13.0,134.0,2.0,1.675
113,2,223,15324.95,68.72174887892378,1074819,4819.816143497758,2198.01,0.14342689535691797,2013,181,84.6682320441989,2.0,0.008968609865470852,Age Group3,X,Level8,Homeowner,Group4,4,2,1.0,1.0,1,0.004484304932735426,2.0,13.0,72.0,2.0,0.32286995515695066
114,3,88,3315.63,37.67761363636364,68156,774.5,530.12,0.159885150031819,684,87,38.110689655172415,0.0,0.0,Age Group2,Y,Level4,Homeowner,Group5,2,None/Unknown,11.0,3.0,0,0.125,0.0,21.0,216.0,2.0,2.4545454545454546
115,3,201,13262.1,65.98059701492538,998548,4967.900497512438,1630.29,0.12292849548714004,1261,165,80.37636363636364,19.0,0.0945273631840796,Unknown,Unknown,Unknown,Unknown,Unknown,Unknown,Unknown,4.0,1.0,1,0.01990049751243781,4.75,17.0,142.0,2.0,0.7064676616915423
116,1,83,647.72,7.803855421686747,389,4.686746987951807,262.26,0.40489717779287343,169,80,8.0965,0.0,0.0,Unknown,Unknown,Unknown,Unknown,Unknown,Unknown,Unknown,10.0,3.0,0,0.12048192771084337,0.0,16.0,182.0,2.0,2.1927710843373496
117,0,94,2568.21,27.321382978723406,26693,283.968085106383,544.01,0.21182457820816833,717,89,28.85629213483146,7.0,0.07446808510638298,Age Group6,Z,Level4,Probable Owner,Group5,2,None/Unknown,2.0,2.0,1,0.02127659574468085,3.5,7.0,62.0,2.0,0.6595744680851063
118,4,90,4526.21,50.291222222222224,194723,2163.588888888889,541.97,0.11974035672229084,583,80,56.577625,0.0,0.0,Age Group4,Z,Level4,Homeowner,Group3,1,None/Unknown,7.0,3.0,0,0.07777777777777778,0.0,16.0,134.0,2.0,1.488888888888889
119,2,62,2593.01,41.822741935483876,842,13.580645161290322,209.62,0.08084041326489291,595,58,44.707068965517244,0.0,0.0,Age Group4,Y,Level8,Unknown,Group2,1,None/Unknown,5.0,2.0,0,0.08064516129032258,0.0,16.0,135.0,2.0,2.1774193548387095
120,58,19,242.32,12.753684210526316,18883,993.8421052631579,6.75,0.0278557279630241,23,17,14.254117647058823,0.0,0.0,Unknown,Unknown,Unknown,Unknown,Unknown,Unknown,Unknown,2.0,1.0,0,0.10526315789473684,0.0,13.0,151.0,2.0,7.947368421052632
121,42,112,2225.58,19.87125,15773,140.83035714285714,401.37,0.18034400021567412,625,90,24.728666666666665,0.0,0.0,Age Group4,Y,Level3,Unknown,Group4,3,1,0.0,0.0,0,0.0,0.0,7.0,15.0,2.0,0.13392857142857142
122,40,132,2354.22,17.834999999999997,1068,8.090909090909092,681.42,0.28944618599791017,537,115,20.471478260869564,0.0,0.0,Unknown,Unknown,Unknown,Unknown,Unknown,Unknown,Unknown,3.0,1.0,0,0.022727272727272728,0.0,14.0,118.0,2.0,0.8939393939393939
123,20,174,3222.65,18.520977011494253,113843,654.2701149425287,740.26,0.22970536670131722,583,151,21.34205298013245,0.0,0.0,Age Group4,Z,Level4,Homeowner,Group5,2,None/Unknown,5.0,1.0,0,0.028735632183908046,0.0,14.0,136.0,2.0,0.7816091954022989
124,0,61,683.41,11.203442622950819,300,4.918032786885246,145.19,0.21244933495266385,162,58,11.782931034482758,0.0,0.0,Unknown,Unknown,Unknown,Unknown,Unknown,Unknown,Unknown,3.0,1.0,0,0.04918032786885246,0.0,15.0,119.0,2.0,1.9508196721311475
125,7,358,10601.5,29.613128491620113,972069,2715.276536312849,1945.21,0.18348441258312503,1397,278,38.134892086330936,2.0,0.00558659217877095,Unknown,Unknown,Unknown,Unknown,Unknown,Unknown,Unknown,0.0,0.0,1,0.0,0.0,9.0,64.0,2.0,0.1787709497206704
126,12,31,853.45,27.530645161290323,401,12.935483870967742,184.9,0.21665006737360126,264,26,32.825,0.0,0.0,Unknown,Unknown,Unknown,Unknown,Unknown,Unknown,Unknown,10.0,3.0,0,0.3225806451612903,0.0,23.0,189.0,2.0,6.096774193548387
127,0,191,4658.2300000000005,24.3886387434555,317269,1661.0942408376964,1308.52,0.2809049789297651,890,160,29.113937500000002,4.0,0.020942408376963352,Age Group4,Y,Level3,Unknown,Group3,1,None/Unknown,0.0,0.0,1,0.0,0.0,12.0,91.0,2.0,0.47643979057591623
128,0,41,1381.08,33.68487804878048,41235,1005.7317073170732,197.03,0.14266371245691778,252,35,39.45942857142857,0.0,0.0,Unknown,Unknown,Unknown,Unknown,Unknown,Unknown,Unknown,4.0,2.0,0,0.0975609756097561,0.0,18.0,155.0,2.0,3.7804878048780486
129,21,40,475.73,11.89325,319,7.975,76.26,0.16030101107771216,169,39,12.198205128205128,0.0,0.0,Unknown,Unknown,Unknown,Unknown,Unknown,Unknown,Unknown,0.0,0.0,0,0.0,0.0,11.0,86.0,2.0,2.15
130,373,20,511.62,25.581,32624,1631.2,55.73,0.1089285016222978,121,19,26.92736842105263,0.0,0.0,Unknown,Unknown,Unknown,Unknown,Unknown,Unknown,Unknown,0.0,0.0,0,0.0,0.0,10.0,67.0,2.0,3.35
131,2,354,6156.22,17.39045197740113,132330,373.8135593220339,1213.85,0.19717456491158533,1317,242,25.438925619834713,0.0,0.0,Age Group4,Y,Level5,Unknown,Group5,2,None/Unknown,0.0,0.0,0,0.0,0.0,9.0,54.0,2.0,0.15254237288135594
132,6,98,2875.2400000000002,29.33918367346939,12539,127.94897959183673,497.04,0.17286904745342996,610,92,31.252608695652178,0.0,0.0,Unknown,Unknown,Unknown,Unknown,Unknown,Unknown,Unknown,7.0,2.0,0,0.07142857142857142,0.0,19.0,195.0,2.0,1.989795918367347
133,5,75,3823.89,50.9852,1684,22.453333333333333,882.63,0.2308199242133011,741,70,54.626999999999995,0.0,0.0,Age Group4,X,Level1,Homeowner,Group2,2,None/Unknown,6.0,2.0,0,0.08,0.0,14.0,123.0,2.0,1.64
134,2,86,5535.09,64.36151162790698,41438,481.83720930232556,1213.79,0.2192900205778045,1102,76,72.83013157894737,0.0,0.0,Age Group5,X,Level3,Homeowner,Group3,2,None/Unknown,4.0,2.0,0,0.046511627906976744,0.0,17.0,152.0,2.0,1.7674418604651163
135,0,74,717.5,9.695945945945946,309,4.175675675675675,104.46,0.14558885017421602,179,73,9.82876712328767,0.0,0.0,Unknown,Unknown,Unknown,Unknown,Unknown,Unknown,Unknown,6.0,2.0,0,0.08108108108108109,0.0,14.0,162.0,2.0,2.189189189189189
136,17,77,2804.82,36.42623376623377,1485,19.285714285714285,610.66,0.2177180710348614,773,68,41.24735294117647,0.0,0.0,Age Group4,Y,Level5,Unknown,Group6,1,None/Unknown,0.0,0.0,0,0.0,0.0,11.0,75.0,2.0,0.974025974025974
137,85,38,1062.17,27.95184210526316,500,13.157894736842104,273.93,0.2578965702288711,298,37,28.7072972972973,0.0,0.0,Unknown,Unknown,Unknown,Unknown,Unknown,Unknown,Unknown,3.0,2.0,0,0.07894736842105263,0.0,13.0,133.0,2.0,3.5
138,3,68,3529.19,51.89985294117647,1765,25.955882352941178,742.03,0.21025504435862052,757,68,51.89985294117647,0.0,0.0,Unknown,Unknown,Unknown,Unknown,Unknown,Unknown,Unknown,1.0,1.0,0,0.014705882352941176,0.0,12.0,104.0,2.0,1.5294117647058822
139,1,83,3073.33,37.028072289156626,123816,1491.7590361445782,484.84,0.1577572209948167,594,72,42.685138888888886,9.0,0.10843373493975904,Age Group3,Z,Level6,Homeowner,Group2,1,None/Unknown,2.0,1.0,1,0.024096385542168676,4.5,16.0,162.0,2.0,1.9518072289156627
140,19,140,1720.64,12.290285714285716,923,6.5928571428571425,341.2,0.198298307606472,412,98,17.557551020408166,0.0,0.0,Unknown,Unknown,Unknown,Unknown,Unknown,Unknown,Unknown,2.0,1.0,0,0.014285714285714285,0.0,16.0,131.0,2.0,0.9357142857142857
141,3,52,448.34,8.621923076923077,14709,282.86538461538464,61.22,0.1365481554177633,169,48,9.340416666666666,0.0,0.0,Unknown,Unknown,Unknown,Unknown,Unknown,Unknown,Unknown,3.0,1.0,0,0.057692307692307696,0.0,10.0,102.0,2.0,1.9615384615384615
142,1,176,2324.19,13.205625,1242,7.056818181818182,396.07,0.1704120575340226,258,175,13.281085714285714,0.0,0.0,Unknown,Unknown,Unknown,Unknown,Unknown,Unknown,Unknown,0.0,0.0,0,0.0,0.0,10.0,68.0,2.0,0.38636363636363635
143,1,408,6574.2300000000005,16.11330882352941,310038,759.8970588235294,1537.76,0.23390724084797762,1244,255,25.78129411764706,3.0,0.007352941176470588,Unknown,Unknown,Unknown,Unknown,Unknown,Unknown,Unknown,7.0,2.0,1,0.01715686274509804,0.42857142857142855,7.0,73.0,2.0,0.17892156862745098
144,62,88,2126.31,24.162613636363634,947,10.761363636363637,462.78000000000003,0.21764465200276537,495,78,27.260384615384616,0.0,0.0,Unknown,Unknown,Unknown,Unknown,Unknown,Unknown,Unknown,6.0,3.0,0,0.06818181818181818,0.0,17.0,174.0,2.0,1.9772727272727273
145,7,59,1470.49,24.9235593220339,641,10.864406779661017,377.75,0.2568871600622922,400,52,28.278653846153848,0.0,0.0,Unknown,Unknown,Unknown,Unknown,Unknown,Unknown,Unknown,4.0,2.0,0,0.06779661016949153,0.0,11.0,125.0,2.0,2.1186440677966103
146,6,41,843.02,20.561463414634147,27837,678.9512195121952,214.26,0.2541576712296268,282,34,24.79470588235294,0.0,0.0,Unknown,Unknown,Unknown,Unknown,Unknown,Unknown,Unknown,1.0,1.0,0,0.024390243902439025,0.0,10.0,114.0,2.0,2.7804878048780486
147,16,36,1487.21,41.31138888888889,80714,2242.0555555555557,715.7,0.4812366780750533,520,34,43.741470588235295,0.0,0.0,Unknown,Unknown,Unknown,Unknown,Unknown,Unknown,Unknown,0.0,0.0,0,0.0,0.0,10.0,92.0,2.0,2.5555555555555554
148,12,55,1231.76,22.395636363636363,452,8.218181818181819,133.34,0.10825160745599792,307,50,24.6352,0.0,0.0,Unknown,Unknown,Unknown,Unknown,Unknown,Unknown,Unknown,0.0,0.0,0,0.0,0.0,14.0,117.0,2.0,2.1272727272727274
149,60,215,11920.93,55.44618604651163,1241140,5772.7441860465115,1258.88,0.1056024991338763,1229,162,73.58598765432099,0.0,0.0,Age Group4,Y,Level4,Homeowner,Group5,2,None/Unknown,0.0,0.0,0,0.0,0.0,11.0,98.0,2.0,0.4558139534883721
150,103,6,230.35,38.391666666666666,100,16.666666666666668,52.18,0.22652485348382895,70,5,46.07,0.0,0.0,Unknown,Unknown,Unknown,Unknown,Unknown,Unknown,Unknown,8.0,2.0,0,1.3333333333333333,0.0,15.0,169.0,2.0,28.166666666666668
151,5,49,1226.14,25.02326530612245,55969,1142.2244897959183,353.82,0.2885641117653775,284,44,27.866818181818186,0.0,0.0,Unknown,Unknown,Unknown,Unknown,Unknown,Unknown,Unknown,0.0,0.0,0,0.0,0.0,7.0,41.0,2.0,0.8367346938775511
152,15,37,1454.28,39.30486486486486,670,18.10810810810811,462.17,0.3177998734769096,329,35,41.55085714285714,0.0,0.0,Unknown,Unknown,Unknown,Unknown,Unknown,Unknown,Unknown,1.0,1.0,0,0.02702702702702703,0.0,12.0,95.0,2.0,2.5675675675675675
153,9,92,1558.65,16.941847826086956,5763,62.641304347826086,316.8,0.2032528149360023,436,76,20.508552631578947,0.0,0.0,Unknown,Unknown,Unknown,Unknown,Unknown,Unknown,Unknown,0.0,0.0,0,0.0,0.0,12.0,114.0,2.0,1.2391304347826086
154,74,30,867.1800000000001,28.906000000000002,24034,801.1333333333333,134.83,0.15548098434004476,218,27,32.11777777777778,0.0,0.0,Unknown,Unknown,Unknown,Unknown,Unknown,Unknown,Unknown,0.0,0.0,0,0.0,0.0,12.0,82.0,2.0,2.7333333333333334
155,6,52,2101.05,40.4048076923077,15768,303.2307692307692,342.88,0.16319459317960067,399,49,42.87857142857143,0.0,0.0,Age Group3,Z,Level5,Homeowner,Group4,3,1,0.0,0.0,0,0.0,0.0,12.0,88.0,2.0,1.6923076923076923
156,1,587,5224.07,8.89960817717206,334611,570.0357751277683,756.59,0.14482769181883093,1160,326,16.02475460122699,2.0,0.0034071550255536627,Unknown,Unknown,Unknown,Unknown,Unknown,Unknown,Unknown,2.0,1.0,1,0.0034071550255536627,1.0,13.0,95.0,2.0,0.16183986371379896
157,2,172,2748.9500000000003,15.982267441860467,16281,94.65697674418605,430.08,0.15645246366794593,688,145,18.958275862068966,0.0,0.0,Age Group1,Y,Level2,Homeowner,Group5,2,None/Unknown,8.0,3.0,0,0.046511627906976744,0.0,20.0,180.0,2.0,1.0465116279069768
158,7,180,1869.79,10.387722222222221,617,3.4277777777777776,402.88,0.21546804721385823,247,169,11.063846153846153,1.0,0.005555555555555556,Age Group4,Y,Level5,Homeowner,Group6,1,None/Unknown,5.0,3.0,1,0.027777777777777776,0.2,13.0,139.0,2.0,0.7722222222222223
159,14,86,2143.87,24.928720930232558,7280,84.65116279069767,425.97,0.1986920848745493,634,78,27.48551282051282,0.0,0.0,Age Group4,Y,Level1,Homeowner,Group5,2,None/Unknown,4.0,2.0,0,0.046511627906976744,0.0,9.0,80.0,2.0,0.9302325581395349
160,8,57,1536.09,26.948947368421052,44250,776.3157894736842,232.59,0.1514169091654786,375,55,27.92890909090909,0.0,0.0,Unknown,Unknown,Unknown,Unknown,Unknown,Unknown,Unknown,0.0,0.0,0,0.0,0.0,13.0,120.0,2.0,2.1052631578947367
161,1,266,6071.52,22.82526315789474,102543,385.5,1204.96,0.1984610114106517,854,211,28.774976303317537,0.0,0.0,Age Group1,X,Level6,Unknown,Group4,3,1,1.0,1.0,0,0.0037593984962406013,0.0,17.0,120.0,2.0,0.45112781954887216
162,0,71,3037.54,42.78225352112676,1086,15.295774647887324,301.99,0.09941926690677325,430,66,46.02333333333333,0.0,0.0,Unknown,Unknown,Unknown,Unknown,Unknown,Unknown,Unknown,3.0,2.0,0,0.04225352112676056,0.0,14.0,146.0,2.0,2.056338028169014
163,57,17,272.52,16.03058823529412,13578,798.7058823529412,34.42,0.12630265668574786,104,11,24.774545454545454,0.0,0.0,Unknown,Unknown,Unknown,Unknown,Unknown,Unknown,Unknown,4.0,2.0,0,0.23529411764705882,0.0,13.0,118.0,2.0,6.9411764705882355
164,3,116,4272.41,36.83112068965517,61123,526.9224137931035,1055.33,0.24701046950082037,1127,103,41.47970873786408,6.0,0.05172413793103448,Age Group4,Y,Level4,Unknown,Group5,2,None/Unknown,0.0,0.0,1,0.0,0.0,11.0,56.0,2.0,0.4827586206896552
165,1,174,2995.47,17.215344827586204,297177,1707.9137931034484,1015.44,0.3389918777353805,502,150,19.9698,2.0,0.011494252873563218,Age Group5,X,Level4,Homeowner,Group5,2,None/Unknown,4.0,2.0,1,0.022988505747126436,0.5,15.0,166.0,2.0,0.9540229885057471
166,5,122,3059.69,25.079426229508197,1227,10.057377049180328,374.35,0.12234899614013185,410,119,25.71168067226891,0.0,0.0,Age Group2,X,Level5,Homeowner,Group4,3,1,7.0,2.0,0,0.05737704918032787,0.0,14.0,119.0,2.0,0.9754098360655737
167,2,20,1268.02,63.400999999999996,392,19.6,115.4,0.09100802826453842,286,19,66.73789473684211,0.0,0.0,Unknown,Unknown,Unknown,Unknown,Unknown,Unknown,Unknown,2.0,1.0,0,0.1,0.0,14.0,129.0,2.0,6.45
168,11,37,510.8,13.805405405405406,17183,464.4054054054054,61.12,0.1196554424432263,129,36,14.18888888888889,0.0,0.0,Unknown,Unknown,Unknown,Unknown,Unknown,Unknown,Unknown,0.0,0.0,0,0.0,0.0,12.0,114.0,2.0,3.081081081081081
169,36,24,255.58,10.649166666666668,66926,2788.5833333333335,26.48,0.10360748102355427,27,18,14.19888888888889,0.0,0.0,Unknown,Unknown,Unknown,Unknown,Unknown,Unknown,Unknown,0.0,0.0,0,0.0,0.0,11.0,61.0,2.0,2.5416666666666665
170,18,45,2024.51,44.989111111111114,13740,305.3333333333333,523.28,0.25847242048693264,578,43,47.08162790697674,0.0,0.0,Age Group2,X,Level7,Homeowner,Group4,4,2,0.0,0.0,0,0.0,0.0,6.0,18.0,2.0,0.4
171,10,25,740.46,29.6184,7651,306.04,156.01,0.21069335278070386,310,24,30.852500000000003,0.0,0.0,Unknown,Unknown,Unknown,Unknown,Unknown,Unknown,Unknown,0.0,0.0,0,0.0,0.0,12.0,137.0,2.0,5.48
172,2,159,1770.8700000000001,11.137547169811322,162153,1019.8301886792453,162.31,0.0916555139564169,192,103,17.192912621359223,0.0,0.0,Unknown,Unknown,Unknown,Unknown,Unknown,Unknown,Unknown,0.0,0.0,0,0.0,0.0,12.0,106.0,2.0,0.6666666666666666
173,317,10,234.97,23.497,121,12.1,41.85,0.17810784355449633,51,10,23.497,0.0,0.0,Unknown,Unknown,Unknown,Unknown,Unknown,Unknown,Unknown,0.0,0.0,0,0.0,0.0,13.0,84.0,2.0,8.4
174,42,27,1208.39,44.75518518518519,641,23.74074074074074,250.18,0.20703580797590182,321,27,44.75518518518519,0.0,0.0,Unknown,Unknown,Unknown,Unknown,Unknown,Unknown,Unknown,0.0,0.0,0,0.0,0.0,7.0,28.0,2.0,1.037037037037037
175,56,51,1154.02,22.627843137254903,740,14.509803921568627,183.45,0.15896604911526663,314,45,25.64488888888889,0.0,0.0,Unknown,Unknown,Unknown,Unknown,Unknown,Unknown,Unknown,0.0,0.0,0,0.0,0.0,9.0,81.0,2.0,1.588235294117647
176,100,23,788.29,34.27347826086957,65372,2842.2608695652175,148.69,0.1886234761318804,177,22,35.83136363636363,0.0,0.0,Unknown,Unknown,Unknown,Unknown,Unknown,Unknown,Unknown,0.0,0.0,0,0.0,0.0,10.0,99.0,2.0,4.304347826086956
177,19,50,1130.58,22.6116,39323,786.46,216.74,0.1917069114967539,310,46,24.57782608695652,0.0,0.0,Unknown,Unknown,Unknown,Unknown,Unknown,Unknown,Unknown,0.0,0.0,0,0.0,0.0,11.0,77.0,2.0,1.54
178,0,119,2028.47,17.04596638655462,893,7.504201680672269,310.68,0.15315977066458958,350,105,19.318761904761907,0.0,0.0,Age Group2,X,Level3,Homeowner,Group1,5+,3+,0.0,0.0,0,0.0,0.0,13.0,105.0,2.0,0.8823529411764706
179,189,38,620.5600000000001,16.330526315789474,288,7.578947368421052,142.11,0.22900283614799535,143,37,16.771891891891894,0.0,0.0,Unknown,Unknown,Unknown,Unknown,Unknown,Unknown,Unknown,0.0,0.0,0,0.0,0.0,10.0,100.0,2.0,2.6315789473684212
180,15,68,2103.4,30.93235294117647,2617,38.48529411764706,396.48,0.18849481791385375,479,57,36.901754385964914,0.0,0.0,Unknown,Unknown,Unknown,Unknown,Unknown,Unknown,Unknown,1.0,1.0,0,0.014705882352941176,0.0,6.0,52.0,2.0,0.7647058823529411
181,119,39,1670.82,42.84153846153846,150333,3854.6923076923076,353.7,0.21169246238373973,364,26,64.26230769230769,0.0,0.0,Unknown,Unknown,Unknown,Unknown,Unknown,Unknown,Unknown,2.0,1.0,0,0.05128205128205128,0.0,15.0,129.0,2.0,3.3076923076923075
182,55,36,1162.34,32.28722222222222,729,20.25,272.39,0.23434623259975568,283,34,34.186470588235295,0.0,0.0,Unknown,Unknown,Unknown,Unknown,Unknown,Unknown,Unknown,2.0,2.0,0,0.05555555555555555,0.0,13.0,106.0,2.0,2.9444444444444446
183,37,136,1560.67,11.475514705882354,808,5.9411764705882355,197.71,0.12668277086123267,355,110,14.187909090909091,0.0,0.0,Unknown,Unknown,Unknown,Unknown,Unknown,Unknown,Unknown,0.0,0.0,0,0.0,0.0,10.0,72.0,2.0,0.5294117647058824
184,0,257,7090.07,27.58782101167315,593749,2310.307392996109,1048.93,0.1479435322923469,827,195,36.35933333333333,4.0,0.01556420233463035,Age Group4,Y,Level3,Unknown,Group2,1,None/Unknown,5.0,2.0,1,0.019455252918287938,0.8,12.0,95.0,2.0,0.36964980544747084
185,6,68,2137.62,31.435588235294116,93549,1375.7205882352941,611.39,0.2860143524106249,476,55,38.86581818181818,0.0,0.0,Unknown,Unknown,Unknown,Unknown,Unknown,Unknown,Unknown,5.0,2.0,0,0.07352941176470588,0.0,18.0,166.0,2.0,2.4411764705882355
186,5,3,59.52,19.84,20,6.666666666666667,3.7800000000000002,0.06350806451612903,13,3,19.84,0.0,0.0,Unknown,Unknown,Unknown,Unknown,Unknown,Unknown,Unknown,1.0,1.0,0,0.3333333333333333,0.0,14.0,120.0,2.0,40.0
187,6,59,701.0,11.88135593220339,427,7.237288135593221,167.24,0.23857346647646221,262,49,14.306122448979592,0.0,0.0,Unknown,Unknown,Unknown,Unknown,Unknown,Unknown,Unknown,0.0,0.0,0,0.0,0.0,3.0,7.0,2.0,0.11864406779661017
188,15,43,1847.6200000000001,42.96790697674419,36901,858.1627906976744,451.4,0.24431430705448087,478,38,48.62157894736843,0.0,0.0,Unknown,Unknown,Unknown,Unknown,Unknown,Unknown,Unknown,2.0,1.0,0,0.046511627906976744,0.0,11.0,91.0,2.0,2.116279069767442
189,19,38,801.99,21.105,29305,771.1842105263158,86.46,0.10780683050910858,149,38,21.105,0.0,0.0,Unknown,Unknown,Unknown,Unknown,Unknown,Unknown,Unknown,2.0,1.0,0,0.05263157894736842,0.0,10.0,98.0,2.0,2.5789473684210527
190,42,23,696.28,30.273043478260867,283,12.304347826086957,137.98,0.19816740391796403,206,19,36.64631578947368,0.0,0.0,Unknown,Unknown,Unknown,Unknown,Unknown,Unknown,Unknown,0.0,0.0,0,0.0,0.0,10.0,59.0,2.0,2.5652173913043477
191,3,34,552.85,16.26029411764706,25375,746.3235294117648,148.3,0.2682463597720901,182,27,20.475925925925928,0.0,0.0,Unknown,Unknown,Unknown,Unknown,Unknown,Unknown,Unknown,0.0,0.0,0,0.0,0.0,12.0,76.0,2.0,2.235294117647059
192,1,95,3778.08,39.769263157894734,1498,15.76842105263158,552.28,0.14618007030025834,494,93,40.62451612903226,2.0,0.021052631578947368,Age Group4,X,Level4,Homeowner,Group2,2,None/Unknown,0.0,0.0,1,0.0,0.0,11.0,70.0,2.0,0.7368421052631579
193,17,136,4814.66,35.40191176470588,706882,5197.661764705882,580.8,0.12063157107667,501,100,48.1466,0.0,0.0,Age Group4,X,Level6,Homeowner,Group5,2,None/Unknown,5.0,2.0,0,0.03676470588235294,0.0,10.0,116.0,2.0,0.8529411764705882
194,1,73,1882.81,25.79191780821918,33205,454.86301369863014,285.45,0.15160850006107893,473,67,28.101641791044774,0.0,0.0,Unknown,Unknown,Unknown,Unknown,Unknown,Unknown,Unknown,5.0,2.0,0,0.0684931506849315,0.0,14.0,113.0,2.0,1.547945205479452
195,0,91,4166.72,45.78813186813187,307897,3383.4835164835163,1134.99,0.272394113355349,715,72,57.87111111111111,0.0,0.0,Unknown,Unknown,Unknown,Unknown,Unknown,Unknown,Unknown,1.0,1.0,0,0.01098901098901099,0.0,16.0,133.0,2.0,1.4615384615384615
196,0,186,5261.19,28.285967741935483,51990,279.51612903225805,1259.84,0.23945913377011666,1096,162,32.47648148148148,5.0,0.026881720430107527,Unknown,Unknown,Unknown,Unknown,Unknown,Unknown,Unknown,2.0,1.0,1,0.010752688172043012,2.5,12.0,146.0,2.0,0.7849462365591398
197,1,55,1929.23,35.07690909090909,899,16.345454545454544,213.91,0.11087843336460661,266,53,36.40056603773585,0.0,0.0,Unknown,Unknown,Unknown,Unknown,Unknown,Unknown,Unknown,7.0,2.0,0,0.12727272727272726,0.0,17.0,153.0,2.0,2.7818181818181817
198,2,461,8659.17,18.78344902386117,4270,9.262472885032539,1818.86,0.21005015492246945,1777,234,37.005,0.0,0.0,Age Group3,X,Level1,Homeowner,Group4,3,1,0.0,0.0,0,0.0,0.0,7.0,83.0,2.0,0.18004338394793926
199,10,54,667.97,12.369814814814815,368,6.814814814814815,131.16,0.19635612377801398,165,51,13.097450980392157,0.0,0.0,Unknown,Unknown,Unknown,Unknown,Unknown,Unknown,Unknown,10.0,3.0,0,0.18518518518518517,0.0,19.0,194.0,2.0,3.5925925925925926
200,1,80,1166.63,14.582875000000001,523,6.5375,172.23,0.14763035409684303,332,59,19.773389830508478,0.0,0.0,Unknown,Unknown,Unknown,Unknown,Unknown,Unknown,Unknown,0.0,0.0,0,0.0,0.0,9.0,65.0,2.0,0.8125
201,7,48,1435.17,29.899375000000003,732,15.25,358.64,0.2498937408111931,288,43,33.37604651162791,0.0,0.0,Age Group4,X,Level2,Homeowner,Group4,5+,3+,1.0,1.0,0,0.020833333333333332,0.0,9.0,109.0,2.0,2.2708333333333335
202,15,37,964.88,26.077837837837837,21388,578.0540540540541,161.38,0.16725395904153884,240,35,27.568,0.0,0.0,Unknown,Unknown,Unknown,Unknown,Unknown,Unknown,Unknown,0.0,0.0,0,0.0,0.0,12.0,87.0,2.0,2.3513513513513513
203,1,42,908.83,21.638809523809524,66331,1579.3095238095239,128.65,0.1415556264647954,270,36,25.24527777777778,0.0,0.0,Unknown,Unknown,Unknown,Unknown,Unknown,Unknown,Unknown,0.0,0.0,0,0.0,0.0,13.0,97.0,2.0,2.3095238095238093
204,5,57,929.27,16.302982456140352,41791,733.1754385964912,232.36,0.25004573482410924,311,50,18.5854,0.0,0.0,Unknown,Unknown,Unknown,Unknown,Unknown,Unknown,Unknown,0.0,0.0,0,0.0,0.0,12.0,90.0,2.0,1.5789473684210527
205,3,106,3749.64,35.37396226415094,19126,180.43396226415095,491.53,0.13108725104276678,633,83,45.176385542168674,0.0,0.0,Unknown,Unknown,Unknown,Unknown,Unknown,Unknown,Unknown,0.0,0.0,0,0.0,0.0,14.0,91.0,2.0,0.8584905660377359
206,56,15,386.6,25.773333333333333,172,11.466666666666667,76.52,0.19793067770305223,124,13,29.73846153846154,0.0,0.0,Unknown,Unknown,Unknown,Unknown,Unknown,Unknown,Unknown,4.0,2.0,0,0.26666666666666666,0.0,16.0,148.0,2.0,9.866666666666667
207,58,21,995.72,47.415238095238095,17454,831.1428571428571,120.55,0.12106817177519784,311,20,49.786,0.0,0.0,Unknown,Unknown,Unknown,Unknown,Unknown,Unknown,Unknown,0.0,0.0,0,0.0,0.0,8.0,63.0,2.0,3.0
208,10,140,4296.33,30.68807142857143,222425,1588.75,1146.58,0.2668742857275861,484,129,33.304883720930235,6.0,0.04285714285714286,Age Group4,Y,Level5,Homeowner,Group5,2,None/Unknown,0.0,0.0,1,0.0,0.0,14.0,100.0,2.0,0.7142857142857143
209,1,196,6876.56,35.08448979591837,323980,1652.9591836734694,1216.32,0.1768791372430401,921,143,48.08783216783217,0.0,0.0,Age Group4,Y,Level3,Homeowner,Group4,3,1,8.0,2.0,0,0.04081632653061224,0.0,11.0,121.0,2.0,0.6173469387755102
210,3,147,3772.56,25.663673469387756,6861,46.673469387755105,945.32,0.25057785694594653,839,128,29.473125,0.0,0.0,Unknown,Unknown,Unknown,Unknown,Unknown,Unknown,Unknown,5.0,2.0,0,0.034013605442176874,0.0,18.0,143.0,2.0,0.9727891156462585
211,1,112,2244.06,20.03625,1389,12.401785714285714,383.14,0.17073518533372548,334,105,21.372,0.0,0.0,Age Group6,X,Level4,Homeowner,Group3,2,None/Unknown,6.0,2.0,0,0.05357142857142857,0.0,18.0,153.0,2.0,1.3660714285714286
212,14,109,3052.66,28.00605504587156,40781,374.13761467889907,452.15,0.14811672443049667,864,104,29.3525,0.0,0.0,Age Group3,Y,Level1,Unknown,Group3,1,None/Unknown,2.0,1.0,0,0.01834862385321101,0.0,9.0,90.0,2.0,0.8256880733944955
213,36,9,606.5,67.38888888888889,362,40.22222222222222,82.64,0.13625721352019785,210,8,75.8125,0.0,0.0,Unknown,Unknown,Unknown,Unknown,Unknown,Unknown,Unknown,5.0,2.0,0,0.5555555555555556,0.0,14.0,165.0,2.0,18.333333333333332
214,7,86,2657.91,30.905930232558138,1228,14.279069767441861,511.77,0.19254602300303622,464,85,31.269529411764704,1.0,0.011627906976744186,Age Group5,Z,Level1,Homeowner,Group5,2,None/Unknown,0.0,0.0,1,0.0,0.0,8.0,77.0,2.0,0.8953488372093024
215,0,142,1672.66,11.779295774647888,60552,426.4225352112676,308.66,0.1845324214126003,479,127,13.170551181102363,2.0,0.014084507042253521,Unknown,Unknown,Unknown,Unknown,Unknown,Unknown,Unknown,4.0,2.0,1,0.028169014084507043,0.5,10.0,117.0,2.0,0.823943661971831
216,0,120,2624.5,21.870833333333334,1047,8.725,299.38,0.11407125166698419,369,108,24.300925925925927,0.0,0.0,Age Group3,Y,Level5,Homeowner,Group6,1,None/Unknown,1.0,1.0,0,0.008333333333333333,0.0,15.0,124.0,2.0,1.0333333333333334
217,20,65,2435.12,37.46338461538461,207352,3190.0307692307692,564.75,0.23191875554387464,473,55,44.27490909090909,0.0,0.0,Unknown,Unknown,Unknown,Unknown,Unknown,Unknown,Unknown,2.0,1.0,0,0.03076923076923077,0.0,17.0,123.0,2.0,1.8923076923076922
218,0,164,9211.72,56.1690243902439,898192,5476.780487804878,1039.14,0.11280629458993545,1116,137,67.23883211678832,0.0,0.0,Age Group4,X,Level2,Homeowner,Group5,2,None/Unknown,2.0,2.0,0,0.012195121951219513,0.0,18.0,135.0,2.0,0.823170731707317
219,2,228,11884.79,52.12627192982457,139031,609.7850877192982,1464.7,0.1232415549622669,1405,205,57.97458536585366,0.0,0.0,Age Group5,X,Level9,Homeowner,Group5,2,None/Unknown,4.0,2.0,0,0.017543859649122806,0.0,19.0,169.0,2.0,0.7412280701754386
220,32,91,2525.2400000000002,27.749890109890114,221038,2428.989010989011,503.98,0.1995770699022667,491,74,34.12486486486487,0.0,0.0,Age Group4,X,Level4,Homeowner,Group5,2,None/Unknown,7.0,2.0,0,0.07692307692307693,0.0,20.0,193.0,2.0,2.120879120879121
221,16,79,2879.29,36.44670886075949,46743,591.6835443037975,674.68,0.23432165568595034,663,72,39.990138888888886,0.0,0.0,Age Group6,Y,Level2,Unknown,Group6,1,None/Unknown,3.0,2.0,0,0.0379746835443038,0.0,13.0,127.0,2.0,1.6075949367088607
222,2,130,5897.9,45.36846153846154,199914,1537.8,678.03,0.11496125739670052,902,117,50.409401709401706,1.0,0.007692307692307693,Age Group3,X,Level4,Unknown,Group5,2,None/Unknown,3.0,1.0,1,0.023076923076923078,0.3333333333333333,10.0,102.0,2.0,0.7846153846153846
223,13,118,2738.98,23.21169491525424,23911,202.635593220339,481.09,0.17564567831820604,593,100,27.3898,0.0,0.0,Unknown,Unknown,Unknown,Unknown,Unknown,Unknown,Unknown,3.0,1.0,0,0.025423728813559324,0.0,17.0,146.0,2.0,1.2372881355932204
224,5,56,1600.8,28.585714285714285,13033,232.73214285714286,508.46999999999997,0.31763493253373315,429,52,30.784615384615385,0.0,0.0,Unknown,Unknown,Unknown,Unknown,Unknown,Unknown,Unknown,4.0,2.0,0,0.07142857142857142,0.0,15.0,133.0,2.0,2.375
225,37,44,729.82,16.586818181818185,321,7.295454545454546,116.11,0.15909402318379873,207,42,17.37666666666667,0.0,0.0,Unknown,Unknown,Unknown,Unknown,Unknown,Unknown,Unknown,0.0,0.0,0,0.0,0.0,14.0,106.0,2.0,2.409090909090909
226,43,50,1205.06,24.1012,47026,940.52,275.44,0.22856953180754486,291,42,28.69190476190476,0.0,0.0,Unknown,Unknown,Unknown,Unknown,Unknown,Unknown,Unknown,0.0,0.0,0,0.0,0.0,7.0,84.0,2.0,1.68
227,6,135,1390.25,10.298148148148147,18116,134.1925925925926,696.96,0.5013199064916383,288,130,10.694230769230769,0.0,0.0,Unknown,Unknown,Unknown,Unknown,Unknown,Unknown,Unknown,1.0,1.0,0,0.007407407407407408,0.0,8.0,91.0,2.0,0.674074074074074
228,4,87,2404.81,27.641494252873564,86509,994.3563218390805,523.27,0.21759307388109664,569,80,30.060125,0.0,0.0,Unknown,Unknown,Unknown,Unknown,Unknown,Unknown,Unknown,1.0,1.0,0,0.011494252873563218,0.0,9.0,41.0,2.0,0.47126436781609193
229,19,40,1004.89,25.12225,547,13.675,331.31,0.3296977778662341,226,38,26.444473684210525,0.0,0.0,Unknown,Unknown,Unknown,Unknown,Unknown,Unknown,Unknown,2.0,1.0,0,0.05,0.0,13.0,133.0,2.0,3.325
230,0,168,4521.01,26.91077380952381,153424,913.2380952380952,1027.99,0.22738060743064048,992,147,30.755170068027212,0.0,0.0,Age Group2,Y,Level3,Unknown,Group3,1,None/Unknown,0.0,0.0,0,0.0,0.0,9.0,91.0,2.0,0.5416666666666666
231,258,9,325.68,36.18666666666667,19363,2151.4444444444443,107.42,0.32983296487349545,91,8,40.71,0.0,0.0,Unknown,Unknown,Unknown,Unknown,Unknown,Unknown,Unknown,4.0,2.0,0,0.4444444444444444,0.0,15.0,138.0,2.0,15.333333333333334
232,39,631,12695.57,20.119762282091916,527603,836.1378763866878,2173.29,0.17118490938177647,1931,292,43.4779794520548,1.0,0.001584786053882726,Age Group3,Y,Level4,Unknown,Group5,2,None/Unknown,0.0,0.0,1,0.0,0.0,9.0,47.0,2.0,0.07448494453248812
233,15,15,645.39,43.025999999999996,323,21.533333333333335,103.19,0.1598878197678923,109,14,46.09928571428571,0.0,0.0,Unknown,Unknown,Unknown,Unknown,Unknown,Unknown,Unknown,7.0,2.0,0,0.4666666666666667,0.0,20.0,209.0,2.0,13.933333333333334
234,15,19,260.64,13.717894736842105,134,7.052631578947368,51.35,0.19701503990178024,110,18,14.479999999999999,0.0,0.0,Unknown,Unknown,Unknown,Unknown,Unknown,Unknown,Unknown,0.0,0.0,0,0.0,0.0,6.0,52.0,2.0,2.736842105263158
235,3,200,12156.64,60.783199999999994,452806,2264.03,1169.59,0.09620997249239921,1466,181,67.16375690607734,0.0,0.0,Age Group3,X,Level12,Homeowner,Group4,5+,3+,0.0,0.0,0,0.0,0.0,7.0,47.0,2.0,0.235
236,3,47,1591.78,33.867659574468085,772,16.425531914893618,435.37,0.27351141489401803,428,46,34.60391304347826,0.0,0.0,Unknown,Unknown,Unknown,Unknown,Unknown,Unknown,Unknown,7.0,3.0,0,0.14893617021276595,0.0,20.0,196.0,2.0,4.170212765957447
237,57,6,549.59,91.59833333333334,242,40.333333333333336,75.93,0.1381575356174603,148,6,91.59833333333334,0.0,0.0,Unknown,Unknown,Unknown,Unknown,Unknown,Unknown,Unknown,2.0,2.0,0,0.3333333333333333,0.0,14.0,121.0,2.0,20.166666666666668
238,59,28,693.4,24.764285714285712,264,9.428571428571429,89.2,0.12864147678107876,169,26,26.66923076923077,0.0,0.0,Unknown,Unknown,Unknown,Unknown,Unknown,Unknown,Unknown,0.0,0.0,0,0.0,0.0,9.0,68.0,2.0,2.4285714285714284
239,0,264,4671.2,17.69393939393939,3231,12.238636363636363,990.36,0.21201404350059944,1226,240,19.46333333333333,14.0,0.05303030303030303,Age Group4,Y,Level5,Renter,Group6,1,None/Unknown,0.0,0.0,1,0.0,0.0,10.0,82.0,2.0,0.3106060606060606
240,7,31,365.61,11.793870967741936,236,7.612903225806452,139.23,0.3808156232050545,96,27,13.541111111111112,0.0,0.0,Unknown,Unknown,Unknown,Unknown,Unknown,Unknown,Unknown,9.0,3.0,0,0.2903225806451613,0.0,18.0,175.0,2.0,5.645161290322581
241,39,16,199.73,12.483125,86,5.375,40.14,0.2009713112702148,56,14,14.266428571428571,0.0,0.0,Unknown,Unknown,Unknown,Unknown,Unknown,Unknown,Unknown,0.0,0.0,0,0.0,0.0,10.0,59.0,2.0,3.6875
242,0,87,5231.8,60.13563218390805,2364,27.17241379310345,709.59,0.13563018464008564,946,86,60.834883720930236,0.0,0.0,Age Group4,X,Level6,Homeowner,Group4,5+,3+,0.0,0.0,0,0.0,0.0,5.0,37.0,2.0,0.42528735632183906
243,1,250,8074.12,32.29648,678425,2713.7,831.58,0.1029932673777452,1078,207,39.00541062801933,4.0,0.016,Age Group6,Y,Level5,Homeowner,Group5,2,None/Unknown,5.0,2.0,1,0.02,0.8,15.0,161.0,2.0,0.644
244,34,41,1698.95,41.43780487804878,933,22.75609756097561,248.78,0.1464316195297095,422,41,41.43780487804878,0.0,0.0,Unknown,Unknown,Unknown,Unknown,Unknown,Unknown,Unknown,7.0,2.0,0,0.17073170731707318,0.0,19.0,188.0,2.0,4.585365853658536
245,27,48,1396.45,29.092708333333334,135317,2819.1041666666665,402.63,0.2883239643381431,310,44,31.7375,0.0,0.0,Unknown,Unknown,Unknown,Unknown,Unknown,Unknown,Unknown,0.0,0.0,0,0.0,0.0,13.0,91.0,2.0,1.8958333333333333
246,19,47,847.25,18.02659574468085,3926,83.53191489361703,141.86,0.16743582177633523,238,45,18.82777777777778,0.0,0.0,Unknown,Unknown,Unknown,Unknown,Unknown,Unknown,Unknown,1.0,1.0,0,0.02127659574468085,0.0,10.0,84.0,2.0,1.7872340425531914
247,7,59,1243.06,21.068813559322034,586,9.932203389830509,167.76,0.134957282834296,321,51,24.373725490196076,0.0,0.0,Unknown,Unknown,Unknown,Unknown,Unknown,Unknown,Unknown,2.0,1.0,0,0.03389830508474576,0.0,11.0,89.0,2.0,1.5084745762711864
248,7,57,6039.01,105.94754385964913,83561,1465.982456140351,1997.99,0.33084727463607444,1514,53,113.94358490566039,6.0,0.10526315789473684,Age Group3,X,Level8,Homeowner,Group4,4,2,0.0,0.0,1,0.0,0.0,14.0,102.0,2.0,1.7894736842105263
249,7,137,2823.23,20.607518248175182,18312,133.66423357664235,485.35,0.1719130216099999,589,117,24.13017094017094,1.0,0.0072992700729927005,Age Group3,X,Level1,Renter,Group6,3,1,3.0,2.0,1,0.021897810218978103,0.3333333333333333,18.0,166.0,2.0,1.2116788321167884
250,5,121,5991.84,49.51933884297521,2455,20.289256198347108,766.54,0.1279306523538679,521,119,50.351596638655465,0.0,0.0,Age Group4,X,Level6,Homeowner,Group1,4,2,3.0,1.0,0,0.024793388429752067,0.0,16.0,142.0,2.0,1.1735537190082646
251,8,83,2268.51,27.331445783132533,8212,98.93975903614458,478.52,0.21094022067348167,546,73,31.075479452054797,2.0,0.024096385542168676,Unknown,Unknown,Unknown,Unknown,Unknown,Unknown,Unknown,0.0,0.0,1,0.0,0.0,12.0,123.0,2.0,1.4819277108433735
252,46,9,93.78,10.42,35,3.888888888888889,8.47,0.09031776498187247,27,9,10.42,0.0,0.0,Unknown,Unknown,Unknown,Unknown,Unknown,Unknown,Unknown,2.0,2.0,0,0.2222222222222222,0.0,12.0,126.0,2.0,14.0
253,1,385,10993.710000000001,28.55509090909091,162749,422.72467532467533,3211.57,0.2921279531659467,1746,262,41.960725190839696,0.0,0.0,Age Group4,Y,Level1,Unknown,Group3,1,None/Unknown,0.0,0.0,0,0.0,0.0,5.0,15.0,2.0,0.03896103896103896
254,3,43,442.14,10.282325581395348,230,5.348837209302325,69.65,0.1575292893653594,146,42,10.527142857142858,0.0,0.0,Unknown,Unknown,Unknown,Unknown,Unknown,Unknown,Unknown,7.0,3.0,0,0.16279069767441862,0.0,20.0,174.0,2.0,4.046511627906977
255,14,18,672.09,37.33833333333334,232,12.88888888888889,158.64,0.23603981609605854,141,18,37.33833333333334,0.0,0.0,Unknown,Unknown,Unknown,Unknown,Unknown,Unknown,Unknown,0.0,0.0,0,0.0,0.0,8.0,66.0,2.0,3.6666666666666665
256,0,125,9850.35,78.8028,113983,911.864,1026.8,0.10423995086469008,918,115,85.65521739130435,33.0,0.264,Age Group2,Y,Level5,Homeowner,Group5,2,None/Unknown,0.0,0.0,1,0.0,0.0,8.0,58.0,2.0,0.464
257,13,122,2689.9900000000002,22.04909836065574,16244,133.14754098360655,689.63,0.2563689827843226,574,95,28.315684210526317,0.0,0.0,Age Group2,Y,Level3,Unknown,Group1,3,2,12.0,3.0,0,0.09836065573770492,0.0,15.0,161.0,2.0,1.319672131147541
258,1,211,2631.11,12.469715639810428,38590,182.89099526066352,654.39,0.24871252057116577,962,189,13.921216931216932,0.0,0.0,Unknown,Unknown,Unknown,Unknown,Unknown,Unknown,Unknown,3.0,1.0,0,0.014218009478672985,0.0,15.0,117.0,2.0,0.5545023696682464
259,17,54,1158.33,21.450555555555553,408,7.555555555555555,119.55,0.10320893009764057,193,54,21.450555555555553,0.0,0.0,Unknown,Unknown,Unknown,Unknown,Unknown,Unknown,Unknown,5.0,1.0,0,0.09259259259259259,0.0,17.0,156.0,2.0,2.888888888888889
260,12,30,425.04,14.168000000000001,6876,229.2,51.25,0.1205768868812347,156,29,14.656551724137932,0.0,0.0,Unknown,Unknown,Unknown,Unknown,Unknown,Unknown,Unknown,0.0,0.0,0,0.0,0.0,9.0,87.0,2.0,2.9
261,61,44,1241.8700000000001,28.224318181818184,132982,3022.318181818182,123.36,0.09933406878336701,216,41,30.289512195121954,0.0,0.0,Unknown,Unknown,Unknown,Unknown,Unknown,Unknown,Unknown,0.0,0.0,0,0.0,0.0,9.0,73.0,2.0,1.6590909090909092
262,14,218,4802.27,22.02876146788991,2104,9.65137614678899,798.69,0.1663150968187961,931,159,30.20295597484277,1.0,0.0045871559633027525,Unknown,Unknown,Unknown,Unknown,Unknown,Unknown,Unknown,1.0,1.0,1,0.0045871559633027525,1.0,9.0,84.0,2.0,0.3853211009174312
263,3,325,5870.33,18.062553846153847,2700,8.307692307692308,1071.8,0.18257917357286557,815,298,19.69909395973154,0.0,0.0,Age Group4,Y,Level4,Unknown,Group5,2,None/Unknown,7.0,3.0,0,0.021538461538461538,0.0,15.0,160.0,2.0,0.49230769230769234
264,31,61,1783.07,29.230655737704918,26441,433.4590163934426,374.75,0.21017122154486365,439,59,30.221525423728814,0.0,0.0,Age Group4,Y,Level6,Homeowner,Group5,2,None/Unknown,6.0,2.0,0,0.09836065573770492,0.0,15.0,153.0,2.0,2.5081967213114753
265,1,53,1881.76,35.50490566037736,4512,85.13207547169812,422.6,0.22457699175240203,485,50,37.6352,0.0,0.0,Unknown,Unknown,Unknown,Unknown,Unknown,Unknown,Unknown,1.0,1.0,0,0.018867924528301886,0.0,12.0,87.0,2.0,1.6415094339622642
266,14,59,3130.2200000000003,53.05457627118645,71030,1203.8983050847457,439.61,0.1404406080083828,505,56,55.89678571428572,0.0,0.0,Unknown,Unknown,Unknown,Unknown,Unknown,Unknown,Unknown,3.0,3.0,0,0.05084745762711865,0.0,15.0,134.0,2.0,2.2711864406779663
267,36,26,385.56,14.829230769230769,7159,275.34615384615387,33.3,0.08636788048552754,37,24,16.065,0.0,0.0,Unknown,Unknown,Unknown,Unknown,Unknown,Unknown,Unknown,2.0,2.0,0,0.07692307692307693,0.0,12.0,109.0,2.0,4.1923076923076925
268,35,30,809.21,26.973666666666666,388,12.933333333333334,193.86,0.23956698508421795,289,24,33.717083333333335,0.0,0.0,Unknown,Unknown,Unknown,Unknown,Unknown,Unknown,Unknown,0.0,0.0,0,0.0,0.0,5.0,22.0,2.0,0.7333333333333333
269,4,84,1764.76,21.009047619047617,648,7.714285714285714,260.04,0.14735148122124256,263,70,25.210857142857144,0.0,0.0,Unknown,Unknown,Unknown,Unknown,Unknown,Unknown,Unknown,0.0,0.0,0,0.0,0.0,10.0,94.0,2.0,1.119047619047619
270,3,41,923.46,22.52341463414634,14693,358.3658536585366,267.46,0.289628137656206,178,34,27.160588235294117,0.0,0.0,Unknown,Unknown,Unknown,Unknown,Unknown,Unknown,Unknown,0.0,0.0,0,0.0,0.0,10.0,100.0,2.0,2.4390243902439024
271,7,98,1375.52,14.03591836734694,23771,242.5612244897959,229.87,0.16711498197045482,224,86,15.994418604651162,0.0,0.0,Unknown,Unknown,Unknown,Unknown,Unknown,Unknown,Unknown,0.0,0.0,0,0.0,0.0,12.0,78.0,2.0,0.7959183673469388
272,254,7,401.62,57.37428571428571,10984,1569.142857142857,72.8,0.18126587321348536,123,7,57.37428571428571,0.0,0.0,Unknown,Unknown,Unknown,Unknown,Unknown,Unknown,Unknown,4.0,2.0,0,0.5714285714285714,0.0,13.0,93.0,2.0,13.285714285714286
273,1,127,2500.86,19.691811023622048,1006,7.921259842519685,288.82,0.11548827203442015,500,110,22.73509090909091,0.0,0.0,Unknown,Unknown,Unknown,Unknown,Unknown,Unknown,Unknown,0.0,0.0,0,0.0,0.0,8.0,62.0,2.0,0.4881889763779528
274,37,15,120.07000000000001,8.004666666666667,71,4.733333333333333,13.69,0.11401682351961355,65,14,8.576428571428572,0.0,0.0,Unknown,Unknown,Unknown,Unknown,Unknown,Unknown,Unknown,2.0,1.0,0,0.13333333333333333,0.0,15.0,132.0,2.0,8.8
275,0,321,6284.99,19.57940809968847,222850,694.2367601246106,1147.85,0.18263354436522572,708,248,25.342701612903223,0.0,0.0,Unknown,Unknown,Unknown,Unknown,Unknown,Unknown,Unknown,0.0,0.0,0,0.0,0.0,6.0,33.0,2.0,0.102803738317757
276,2,173,5758.71,33.28734104046243,281866,1629.2832369942196,1226.84,0.21304076781084652,836,137,42.034379562043796,1.0,0.005780346820809248,Age Group3,Y,Level4,Unknown,Group2,1,None/Unknown,3.0,1.0,1,0.017341040462427744,0.3333333333333333,15.0,134.0,2.0,0.7745664739884393
277,17,31,754.05,24.324193548387097,372,12.0,251.99,0.33418208341621913,175,26,29.001923076923074,0.0,0.0,Unknown,Unknown,Unknown,Unknown,Unknown,Unknown,Unknown,6.0,3.0,0,0.1935483870967742,0.0,14.0,154.0,2.0,4.967741935483871
278,5,84,2053.56,24.447142857142858,805,9.583333333333334,359.26,0.17494497360680963,450,81,25.352592592592593,0.0,0.0,Unknown,Unknown,Unknown,Unknown,Unknown,Unknown,Unknown,0.0,0.0,0,0.0,0.0,8.0,62.0,2.0,0.7380952380952381
279,56,53,1816.6200000000001,34.275849056603775,141754,2674.603773584906,397.93,0.21904966366108486,358,43,42.24697674418605,1.0,0.018867924528301886,Unknown,Unknown,Unknown,Unknown,Unknown,Unknown,Unknown,3.0,1.0,1,0.05660377358490566,0.3333333333333333,10.0,108.0,2.0,2.0377358490566038
280,3,105,2375.86,22.627238095238095,138689,1320.847619047619,624.07,0.2626712011650518,399,91,26.10835164835165,0.0,0.0,Unknown,Unknown,Unknown,Unknown,Unknown,Unknown,Unknown,1.0,1.0,0,0.009523809523809525,0.0,15.0,118.0,2.0,1.1238095238095238
281,5,79,1495.08,18.92506329113924,12358,156.43037974683546,389.92,0.2608020975466196,264,79,18.92506329113924,0.0,0.0,Age Group3,Z,Level5,Homeowner,Group3,1,None/Unknown,1.0,1.0,0,0.012658227848101266,0.0,13.0,113.0,2.0,1.4303797468354431
282,0,110,4162.56,37.841454545454546,164317,1493.790909090909,560.91,0.13475121079335792,722,93,44.75870967741936,6.0,0.05454545454545454,Age Group4,Y,Level4,Unknown,Group3,1,None/Unknown,5.0,2.0,1,0.045454545454545456,1.2,10.0,86.0,2.0,0.7818181818181819
283,11,78,6023.37,77.22269230769231,2119,27.166666666666668,882.32,0.14648278289396136,1089,73,82.51191780821918,3.0,0.038461538461538464,Age Group2,X,Level5,Homeowner,Group5,2,None/Unknown,5.0,2.0,1,0.0641025641025641,0.6,15.0,152.0,2.0,1.9487179487179487
284,6,21,534.98,25.475238095238097,14403,685.8571428571429,64.57,0.12069610078881451,144,19,28.15684210526316,0.0,0.0,Unknown,Unknown,Unknown,Unknown,Unknown,Unknown,Unknown,7.0,2.0,0,0.3333333333333333,0.0,15.0,170.0,2.0,8.095238095238095
285,1,202,4227.64,20.92891089108911,153437,759.5891089108911,927.08,0.21929019500241267,816,167,25.315209580838324,0.0,0.0,Unknown,Unknown,Unknown,Unknown,Unknown,Unknown,Unknown,0.0,0.0,0,0.0,0.0,11.0,62.0,2.0,0.3069306930693069
286,0,41,1245.24,30.37170731707317,484,11.804878048780488,130.54,0.10483119719893354,194,35,35.57828571428571,0.0,0.0,Unknown,Unknown,Unknown,Unknown,Unknown,Unknown,Unknown,6.0,2.0,0,0.14634146341463414,0.0,15.0,133.0,2.0,3.2439024390243905
287,2,271,3229.28,11.916162361623616,115622,426.64944649446494,512.76,0.15878462072040825,797,220,14.678545454545455,0.0,0.0,Unknown,Unknown,Unknown,Unknown,Unknown,Unknown,Unknown,1.0,1.0,0,0.0036900369003690036,0.0,10.0,88.0,2.0,0.3247232472324723
288,2,92,3114.77,33.856195652173916,235674,2561.6739130434785,325.51,0.10450530857816147,623,81,38.45395061728395,0.0,0.0,Unknown,Unknown,Unknown,Unknown,Unknown,Unknown,Unknown,8.0,2.0,0,0.08695652173913043,0.0,15.0,152.0,2.0,1.6521739130434783
289,13,183,5970.47,32.62551912568306,683988,3737.6393442622953,609.55,0.1020941399923289,830,146,40.8936301369863,0.0,0.0,Age Group4,Z,Level7,Homeowner,Group2,1,None/Unknown,3.0,2.0,0,0.01639344262295082,0.0,15.0,144.0,2.0,0.7868852459016393
290,1,290,5524.34,19.04944827586207,3848,13.26896551724138,1080.55,0.19559802618955385,907,235,23.507829787234044,0.0,0.0,Age Group2,Y,Level4,Unknown,Group5,2,None/Unknown,5.0,2.0,0,0.017241379310344827,0.0,19.0,153.0,2.0,0.5275862068965518
291,23,61,2474.4900000000002,40.56540983606558,1545,25.327868852459016,497.56,0.20107577723086373,510,50,49.4898,0.0,0.0,Unknown,Unknown,Unknown,Unknown,Unknown,Unknown,Unknown,8.0,3.0,0,0.13114754098360656,0.0,17.0,142.0,2.0,2.3278688524590163
292,7,83,977.07,11.771927710843373,7065,85.12048192771084,211.76999999999998,0.21673984463753873,282,69,14.160434782608696,0.0,0.0,Unknown,Unknown,Unknown,Unknown,Unknown,Unknown,Unknown,4.0,3.0,0,0.04819277108433735,0.0,12.0,108.0,2.0,1.3012048192771084
293,17,108,3957.66,36.644999999999996,1604,14.851851851851851,741.25,0.1872950177630216,775,90,43.974,0.0,0.0,Unknown,Unknown,Unknown,Unknown,Unknown,Unknown,Unknown,0.0,0.0,0,0.0,0.0,10.0,102.0,2.0,0.9444444444444444
294,1,269,5411.36,20.116579925650555,17178,63.858736059479554,1501.65,0.2774995564885722,1025,236,22.929491525423728,10.0,0.03717472118959108,Age Group2,X,Level5,Homeowner,Group4,4,2,5.0,2.0,1,0.01858736059479554,2.0,14.0,153.0,2.0,0.5687732342007435
295,0,5,149.31,29.862000000000002,79,15.8,84.78,0.5678119349005425,40,5,29.862000000000002,0.0,0.0,Unknown,Unknown,Unknown,Unknown,Unknown,Unknown,Unknown,10.0,2.0,0,2.0,0.0,16.0,151.0,2.0,30.2
296,14,12,149.25,12.4375,35928,2994.0,15.11,0.1012395309882747,35,11,13.568181818181818,0.0,0.0,Unknown,Unknown,Unknown,Unknown,Unknown,Unknown,Unknown,0.0,0.0,0,0.0,0.0,5.0,23.0,2.0,1.9166666666666667
297,13,114,3535.62,31.01421052631579,8677,76.1140350877193,630.8,0.1784128384837737,751,94,37.612978723404254,0.0,0.0,Unknown,Unknown,Unknown,Unknown,Unknown,Unknown,Unknown,0.0,0.0,0,0.0,0.0,7.0,30.0,2.0,0.2631578947368421
298,419,7,224.86,32.12285714285714,123,17.571428571428573,52.25,0.23236680601263007,109,4,56.215,0.0,0.0,Unknown,Unknown,Unknown,Unknown,Unknown,Unknown,Unknown,2.0,1.0,0,0.2857142857142857,0.0,18.0,149.0,2.0,21.285714285714285
299,1,11,242.24,22.021818181818183,149,13.545454545454545,11.24,0.0464002642007926,25,11,22.021818181818183,0.0,0.0,Unknown,Unknown,Unknown,Unknown,Unknown,Unknown,Unknown,0.0,0.0,0,0.0,0.0,6.0,56.0,2.0,5.090909090909091
300,26,107,4974.31,46.488878504672904,2110,19.7196261682243,883.54,0.17762061471842325,990,95,52.36115789473685,0.0,0.0,Age Group5,X,Level1,Unknown,Group3,2,None/Unknown,0.0,0.0,0,0.0,0.0,6.0,13.0,2.0,0.12149532710280374
301,0,81,7211.68,89.03308641975309,2925,36.111111111111114,1211.34,0.1679691833248286,1273,77,93.65818181818182,0.0,0.0,Age Group3,X,Level4,Homeowner,Group4,4,2,6.0,2.0,0,0.07407407407407407,0.0,14.0,149.0,2.0,1.8395061728395061
302,20,95,1797.53,18.92136842105263,11083,116.66315789473684,223.35,0.1242538372099492,403,88,20.426477272727272,0.0,0.0,Age Group4,Y,Level4,Homeowner,Group4,3,1,8.0,3.0,0,0.08421052631578947,0.0,18.0,163.0,2.0,1.7157894736842105
303,0,199,4879.67,24.52095477386935,78902,396.4924623115578,1273.51,0.26098281236231136,956,164,29.75408536585366,0.0,0.0,Unknown,Unknown,Unknown,Unknown,Unknown,Unknown,Unknown,1.0,1.0,0,0.005025125628140704,0.0,13.0,116.0,2.0,0.5829145728643216
304,0,304,8586.28,28.24434210526316,486965,1601.858552631579,1786.09,0.20801674298997933,1711,256,33.54015625,0.0,0.0,Age Group2,Y,Level5,Unknown,Group5,2,None/Unknown,4.0,2.0,0,0.013157894736842105,0.0,14.0,156.0,2.0,0.5131578947368421
305,2,141,3827.02,27.141985815602837,183884,1304.1418439716313,625.13,0.16334641574906847,489,125,30.61616,2.0,0.014184397163120567,Unknown,Unknown,Unknown,Unknown,Unknown,Unknown,Unknown,9.0,3.0,1,0.06382978723404255,0.2222222222222222,16.0,187.0,2.0,1.326241134751773
306,0,185,5716.7300000000005,30.901243243243247,333635,1803.4324324324325,1853.09,0.3241520939418163,1131,149,38.36731543624161,4.0,0.021621621621621623,Age Group1,Y,Level4,Homeowner,Group4,4,2,7.0,3.0,1,0.03783783783783784,0.5714285714285714,17.0,134.0,2.0,0.7243243243243244
307,1,415,2582.03,6.2217590361445785,69360,167.13253012048193,537.86,0.20830896620101236,336,340,7.5942058823529415,2.0,0.004819277108433735,Unknown,Unknown,Unknown,Unknown,Unknown,Unknown,Unknown,4.0,2.0,1,0.00963855421686747,0.5,16.0,166.0,2.0,0.4
308,1,83,2465.26,29.701927710843375,70921,854.4698795180723,228.5,0.09268799234157857,463,76,32.43763157894737,0.0,0.0,Unknown,Unknown,Unknown,Unknown,Unknown,Unknown,Unknown,4.0,1.0,0,0.04819277108433735,0.0,12.0,71.0,2.0,0.8554216867469879
309,87,22,2325.59,105.70863636363637,1031,46.86363636363637,464.39,0.1996869611582437,292,21,110.74238095238096,0.0,0.0,Age Group2,X,Level6,Homeowner,Group2,2,None/Unknown,1.0,1.0,0,0.045454545454545456,0.0,16.0,135.0,2.0,6.136363636363637
310,5,9,184.02,20.44666666666667,8390,932.2222222222222,24.650000000000002,0.13395283121399848,48,6,30.67,0.0,0.0,Unknown,Unknown,Unknown,Unknown,Unknown,Unknown,Unknown,0.0,0.0,0,0.0,0.0,10.0,77.0,2.0,8.555555555555555
311,2,51,1351.13,26.49274509803922,73486,1440.9019607843138,149.9,0.11094417265548097,337,46,29.37239130434783,0.0,0.0,Unknown,Unknown,Unknown,Unknown,Unknown,Unknown,Unknown,0.0,0.0,0,0.0,0.0,11.0,31.0,2.0,0.6078431372549019
312,15,40,2578.05,64.45125,1015,25.375,391.74,0.15195205678710652,555,37,69.67702702702704,0.0,0.0,Unknown,Unknown,Unknown,Unknown,Unknown,Unknown,Unknown,0.0,0.0,0,0.0,0.0,14.0,120.0,2.0,3.0
313,625,4,92.54,23.135,44,11.0,17.33,0.1872703695699157,37,4,23.135,0.0,0.0,Unknown,Unknown,Unknown,Unknown,Unknown,Unknown,Unknown,2.0,1.0,0,0.5,0.0,17.0,146.0,2.0,36.5
314,4,41,3004.01,73.26853658536587,1736,42.34146341463415,462.75,0.1540440943938269,556,34,88.35323529411765,0.0,0.0,Age Group4,Y,Level6,Homeowner,Group4,3,1,0.0,0.0,0,0.0,0.0,6.0,26.0,2.0,0.6341463414634146
315,84,11,182.19,16.562727272727273,86,7.818181818181818,32.1,0.17618969207969704,54,10,18.219,0.0,0.0,Unknown,Unknown,Unknown,Unknown,Unknown,Unknown,Unknown,1.0,1.0,0,0.09090909090909091,0.0,13.0,126.0,2.0,11.454545454545455
316,0,53,1037.78,19.580754716981133,9527,179.75471698113208,198.63,0.1913989477538592,330,45,23.061777777777777,0.0,0.0,Unknown,Unknown,Unknown,Unknown,Unknown,Unknown,Unknown,0.0,0.0,0,0.0,0.0,8.0,35.0,2.0,0.660377358490566
317,1,61,6083.3,99.72622950819672,2475,40.57377049180328,939.78,0.1544852300560551,906,59,103.10677966101696,0.0,0.0,Age Group4,X,Level6,Homeowner,Group2,2,None/Unknown,0.0,0.0,0,0.0,0.0,11.0,96.0,2.0,1.5737704918032787
318,0,92,1242.25,13.502717391304348,16688,181.3913043478261,173.47,0.13964177902998592,244,73,17.017123287671232,3.0,0.03260869565217391,Unknown,Unknown,Unknown,Unknown,Unknown,Unknown,Unknown,6.0,2.0,1,0.06521739130434782,0.5,14.0,160.0,2.0,1.7391304347826086
319,21,109,3758.5,34.481651376146786,240446,2205.9266055045873,828.68,0.22048157509644803,853,92,40.85326086956522,0.0,0.0,Age Group4,Y,Level4,Homeowner,Group1,4,3+,3.0,1.0,0,0.027522935779816515,0.0,13.0,88.0,2.0,0.8073394495412844
320,22,19,497.41,26.179473684210528,170,8.947368421052632,58.87,0.11835306889688586,135,18,27.63388888888889,0.0,0.0,Unknown,Unknown,Unknown,Unknown,Unknown,Unknown,Unknown,5.0,1.0,0,0.2631578947368421,0.0,14.0,152.0,2.0,8.0
321,21,106,5935.66,55.996792452830185,2303,21.72641509433962,1177.04,0.1982997678438455,816,101,58.76891089108911,2.0,0.018867924528301886,Age Group4,X,Level7,Homeowner,Group5,2,None/Unknown,0.0,0.0,1,0.0,0.0,9.0,69.0,2.0,0.6509433962264151
322,3,71,2418.88,34.0687323943662,13040,183.66197183098592,334.39,0.13824166556422807,680,62,39.0141935483871,0.0,0.0,Unknown,Unknown,Unknown,Unknown,Unknown,Unknown,Unknown,7.0,2.0,0,0.09859154929577464,0.0,16.0,156.0,2.0,2.1971830985915495
323,0,14,156.99,11.213571428571429,1126,80.42857142857143,23.68,0.15083763297025288,52,13,12.076153846153847,0.0,0.0,Unknown,Unknown,Unknown,Unknown,Unknown,Unknown,Unknown,3.0,1.0,0,0.21428571428571427,0.0,17.0,149.0,2.0,10.642857142857142
324,0,150,8554.87,57.03246666666667,604228,4028.1866666666665,855.0,0.09994307336055369,1173,115,74.39017391304348,1.0,0.006666666666666667,Age Group4,Y,Level5,Unknown,Group3,1,None/Unknown,0.0,0.0,1,0.0,0.0,6.0,29.0,2.0,0.19333333333333333
325,13,75,2850.58,38.007733333333334,16447,219.29333333333332,1053.81,0.3696826610724835,757,73,39.04904109589041,0.0,0.0,Age Group3,X,Level6,Homeowner,Group4,4,2,7.0,2.0,0,0.09333333333333334,0.0,20.0,179.0,2.0,2.3866666666666667
326,0,26,739.72,28.450769230769232,206,7.923076923076923,163.91,0.22158384253501323,123,25,29.588800000000003,0.0,0.0,Unknown,Unknown,Unknown,Unknown,Unknown,Unknown,Unknown,0.0,0.0,0,0.0,0.0,12.0,139.0,2.0,5.346153846153846
327,40,27,226.71,8.396666666666667,136,5.037037037037037,46.6,0.2055489391733933,99,24,9.446250000000001,0.0,0.0,Unknown,Unknown,Unknown,Unknown,Unknown,Unknown,Unknown,0.0,0.0,0,0.0,0.0,9.0,56.0,2.0,2.074074074074074
328,3,239,17332.13,72.51937238493724,356334,1490.937238493724,1904.41,0.10987743572197993,2054,198,87.5360101010101,0.0,0.0,Unknown,Unknown,Unknown,Unknown,Unknown,Unknown,Unknown,0.0,0.0,0,0.0,0.0,8.0,49.0,2.0,0.20502092050209206
329,5,146,3026.71,20.730890410958903,1573,10.773972602739725,253.54,0.08376752315220157,586,144,21.018819444444446,0.0,0.0,Age Group2,Y,Level6,Unknown,Group3,1,None/Unknown,6.0,2.0,0,0.0410958904109589,0.0,20.0,229.0,2.0,1.5684931506849316
330,25,189,1679.38,8.885608465608467,68456,362.2010582010582,241.9,0.1440412533196775,335,171,9.82093567251462,0.0,0.0,Unknown,Unknown,Unknown,Unknown,Unknown,Unknown,Unknown,6.0,3.0,0,0.031746031746031744,0.0,14.0,138.0,2.0,0.7301587301587301
331,20,65,1273.3,19.589230769230767,557,8.569230769230769,154.56,0.12138537658053876,294,50,25.465999999999998,0.0,0.0,Unknown,Unknown,Unknown,Unknown,Unknown,Unknown,Unknown,2.0,1.0,0,0.03076923076923077,0.0,14.0,106.0,2.0,1.6307692307692307
332,4,118,5519.02,46.77135593220339,2884,24.440677966101696,1192.48,0.21606734528956226,1419,109,50.63321100917432,0.0,0.0,Age Group3,X,Level8,Homeowner,Group4,5+,3+,2.0,2.0,0,0.01694915254237288,0.0,8.0,98.0,2.0,0.8305084745762712
333,33,39,1248.81,32.02076923076923,718,18.41025641025641,370.72,0.29685860939614517,303,35,35.68028571428571,0.0,0.0,Unknown,Unknown,Unknown,Unknown,Unknown,Unknown,Unknown,7.0,3.0,0,0.1794871794871795,0.0,16.0,185.0,2.0,4.743589743589744
334,0,466,4827.8,10.360085836909871,41567,89.19957081545064,1342.24,0.27802311611914327,984,278,17.366187050359713,6.0,0.012875536480686695,Age Group4,X,Level1,Homeowner,Group5,2,None/Unknown,1.0,1.0,1,0.002145922746781116,6.0,12.0,98.0,2.0,0.21030042918454936
335,5,147,2822.18,19.198503401360544,1067,7.258503401360544,239.0,0.08468630633056716,475,129,21.87736434108527,0.0,0.0,Unknown,Unknown,Unknown,Unknown,Unknown,Unknown,Unknown,8.0,3.0,0,0.05442176870748299,0.0,17.0,154.0,2.0,1.0476190476190477
336,24,120,3089.7400000000002,25.747833333333336,120191,1001.5916666666667,340.96,0.11035232738029736,448,83,37.225783132530125,0.0,0.0,Unknown,Unknown,Unknown,Unknown,Unknown,Unknown,Unknown,3.0,1.0,0,0.025,0.0,15.0,130.0,2.0,1.0833333333333333
337,12,61,933.59,15.304754098360656,31203,511.5245901639344,281.24,0.30124572885313683,172,59,15.8235593220339,0.0,0.0,Unknown,Unknown,Unknown,Unknown,Unknown,Unknown,Unknown,2.0,2.0,0,0.03278688524590164,0.0,16.0,118.0,2.0,1.9344262295081966
338,2,154,2690.97,17.47383116883117,15994,103.85714285714286,535.4399999999999,0.19897657721936698,563,125,21.527759999999997,0.0,0.0,Unknown,Unknown,Unknown,Unknown,Unknown,Unknown,Unknown,1.0,1.0,0,0.006493506493506494,0.0,10.0,52.0,2.0,0.33766233766233766
339,15,67,1668.92,24.909253731343284,1174,17.52238805970149,611.78,0.36657239412314546,529,64,26.076875,0.0,0.0,Unknown,Unknown,Unknown,Unknown,Unknown,Unknown,Unknown,3.0,2.0,0,0.04477611940298507,0.0,18.0,142.0,2.0,2.1194029850746268
340,84,29,1057.56,36.46758620689655,490,16.896551724137932,212.17,0.20062218692083664,273,23,45.98086956521739,0.0,0.0,Unknown,Unknown,Unknown,Unknown,Unknown,Unknown,Unknown,2.0,2.0,0,0.06896551724137931,0.0,12.0,117.0,2.0,4.0344827586206895
341,74,30,393.5,13.116666666666667,300,10.0,96.14,0.24432020330368487,140,26,15.134615384615385,0.0,0.0,Unknown,Unknown,Unknown,Unknown,Unknown,Unknown,Unknown,0.0,0.0,0,0.0,0.0,13.0,91.0,2.0,3.033333333333333
342,8,48,2125.51,44.28145833333334,1052,21.916666666666668,423.56,0.19927452705468332,544,44,48.30704545454546,0.0,0.0,Unknown,Unknown,Unknown,Unknown,Unknown,Unknown,Unknown,0.0,0.0,0,0.0,0.0,8.0,48.0,2.0,1.0
343,6,67,1650.64,24.63641791044776,581,8.671641791044776,227.66,0.13792226045655018,347,65,25.39446153846154,0.0,0.0,Unknown,Unknown,Unknown,Unknown,Unknown,Unknown,Unknown,2.0,2.0,0,0.029850746268656716,0.0,12.0,116.0,2.0,1.7313432835820894
344,0,48,2237.91,46.623124999999995,114780,2391.25,339.16,0.15155211782421993,497,46,48.650217391304345,0.0,0.0,Unknown,Unknown,Unknown,Unknown,Unknown,Unknown,Unknown,1.0,1.0,0,0.020833333333333332,0.0,12.0,108.0,2.0,2.25
345,0,182,5741.08,31.544395604395604,3169,17.412087912087912,1684.43,0.29339949974569246,1344,172,33.37837209302325,1.0,0.005494505494505495,Unknown,Unknown,Unknown,Unknown,Unknown,Unknown,Unknown,0.0,0.0,1,0.0,0.0,14.0,137.0,2.0,0.7527472527472527
346,5,124,5351.41,43.156532258064516,2357,19.008064516129032,889.5,0.16621787528894255,541,119,44.96983193277311,1.0,0.008064516129032258,Age Group6,X,Level5,Homeowner,Group5,2,None/Unknown,9.0,2.0,1,0.07258064516129033,0.1111111111111111,14.0,165.0,2.0,1.3306451612903225
347,42,15,540.76,36.050666666666665,179,11.933333333333334,51.23,0.09473703676307418,106,12,45.06333333333333,0.0,0.0,Unknown,Unknown,Unknown,Unknown,Unknown,Unknown,Unknown,3.0,1.0,0,0.2,0.0,13.0,127.0,2.0,8.466666666666667
348,2,126,2961.83,23.506587301587302,53608,425.46031746031747,652.05,0.22015105525975495,760,87,34.044022988505745,0.0,0.0,Unknown,Unknown,Unknown,Unknown,Unknown,Unknown,Unknown,0.0,0.0,0,0.0,0.0,11.0,61.0,2.0,0.48412698412698413
349,5,34,869.16,25.563529411764705,385,11.323529411764707,123.57,0.142171752036449,235,32,27.16125,0.0,0.0,Unknown,Unknown,Unknown,Unknown,Unknown,Unknown,Unknown,1.0,1.0,0,0.029411764705882353,0.0,15.0,137.0,2.0,4.029411764705882
350,1,103,3083.25,29.934466019417474,297333,2886.7281553398057,283.24,0.09186410443525501,473,92,33.51358695652174,0.0,0.0,Age Group4,X,Level5,Homeowner,Group1,4,2,0.0,0.0,0,0.0,0.0,10.0,97.0,2.0,0.941747572815534
351,2,296,7659.67,25.877263513513515,56406,190.5608108108108,1672.72,0.21838016520293954,909,234,32.73363247863248,3.0,0.010135135135135136,Age Group4,Y,Level5,Unknown,Group6,1,None/Unknown,5.0,2.0,1,0.016891891891891893,0.6,15.0,140.0,2.0,0.47297297297297297
352,17,6,178.7,29.78333333333333,17385,2897.5,16.97,0.09496362618914382,53,6,29.78333333333333,0.0,0.0,Unknown,Unknown,Unknown,Unknown,Unknown,Unknown,Unknown,7.0,3.0,0,1.1666666666666667,0.0,16.0,162.0,2.0,27.0
353,11,125,3799.2000000000003,30.393600000000003,1550,12.4,566.28,0.1490524320909665,863,114,33.32631578947369,2.0,0.016,Age Group4,X,Level9,Homeowner,Group5,2,None/Unknown,0.0,0.0,1,0.0,0.0,9.0,35.0,2.0,0.28
354,2,157,8729.87,55.604267515923574,3854,24.547770700636942,1255.1,0.14377075489096627,1601,152,57.4333552631579,3.0,0.01910828025477707,Age Group2,X,Level4,Homeowner,Group4,5+,3+,3.0,1.0,1,0.01910828025477707,1.0,19.0,186.0,2.0,1.1847133757961783
355,340,7,340.34,48.62,102,14.571428571428571,69.52,0.20426632191338073,66,5,68.068,0.0,0.0,Unknown,Unknown,Unknown,Unknown,Unknown,Unknown,Unknown,7.0,2.0,0,1.0,0.0,18.0,181.0,2.0,25.857142857142858
356,4,234,2837.33,12.12534188034188,138060,590.0,272.03,0.09587534759791776,393,179,15.851005586592178,0.0,0.0,Unknown,Unknown,Unknown,Unknown,Unknown,Unknown,Unknown,0.0,0.0,0,0.0,0.0,9.0,36.0,2.0,0.15384615384615385
357,15,22,1704.27,77.46681818181818,882,40.09090909090909,540.02,0.31686293838417623,537,21,81.15571428571428,0.0,0.0,Unknown,Unknown,Unknown,Unknown,Unknown,Unknown,Unknown,1.0,1.0,0,0.045454545454545456,0.0,14.0,102.0,2.0,4.636363636363637
358,0,371,12729.34,34.31088948787062,4665,12.574123989218329,1518.81,0.1193156911513087,1749,307,41.46364820846905,0.0,0.0,Age Group3,Y,Level5,Homeowner,Group5,2,None/Unknown,0.0,0.0,0,0.0,0.0,13.0,116.0,2.0,0.31266846361185985
359,657,2,172.85,86.425,96,48.0,29.68,0.1717095747758172,70,2,86.425,0.0,0.0,Unknown,Unknown,Unknown,Unknown,Unknown,Unknown,Unknown,8.0,3.0,0,4.0,0.0,21.0,204.0,2.0,102.0
360,1,37,447.6,12.097297297297297,214,5.783783783783784,67.69,0.15122877569258264,163,34,13.164705882352942,0.0,0.0,Unknown,Unknown,Unknown,Unknown,Unknown,Unknown,Unknown,0.0,0.0,0,0.0,0.0,5.0,45.0,2.0,1.2162162162162162
361,0,217,8747.1,40.309216589861755,4918,22.663594470046082,2023.46,0.231329240548296,1613,201,43.517910447761196,6.0,0.027649769585253458,Age Group4,Y,Level5,Unknown,Group6,1,None/Unknown,0.0,0.0,1,0.0,0.0,8.0,71.0,2.0,0.3271889400921659
362,5,91,2987.4900000000002,32.829560439560446,65682,721.7802197802198,412.28000000000003,0.13800213557200192,543,90,33.19433333333333,2.0,0.02197802197802198,Age Group6,Y,Level5,Unknown,Group2,1,None/Unknown,10.0,2.0,1,0.10989010989010989,0.2,19.0,206.0,2.0,2.2637362637362637
363,130,4,52.4,13.1,33,8.25,26.48,0.5053435114503817,22,4,13.1,0.0,0.0,Unknown,Unknown,Unknown,Unknown,Unknown,Unknown,Unknown,3.0,1.0,0,0.75,0.0,17.0,121.0,2.0,30.25
364,6,86,2566.92,29.847906976744188,12130,141.04651162790697,529.07,0.206110825425023,592,81,31.69037037037037,0.0,0.0,Unknown,Unknown,Unknown,Unknown,Unknown,Unknown,Unknown,0.0,0.0,0,0.0,0.0,6.0,14.0,2.0,0.16279069767441862
365,14,170,7048.43,41.46135294117647,163221,960.1235294117647,930.54,0.13202088975842846,714,137,51.448394160583945,0.0,0.0,Unknown,Unknown,Unknown,Unknown,Unknown,Unknown,Unknown,5.0,2.0,0,0.029411764705882353,0.0,12.0,119.0,2.0,0.7
366,36,48,615.78,12.82875,444,9.25,190.58,0.30949365032966325,261,42,14.661428571428571,0.0,0.0,Unknown,Unknown,Unknown,Unknown,Unknown,Unknown,Unknown,7.0,2.0,0,0.14583333333333334,0.0,16.0,156.0,2.0,3.25
367,3,114,7186.37,63.038333333333334,11282,98.96491228070175,2343.41,0.32609091933757933,1102,98,73.33030612244897,35.0,0.30701754385964913,Age Group5,X,Level5,Homeowner,Group5,2,None/Unknown,0.0,0.0,1,0.0,0.0,9.0,78.0,2.0,0.6842105263157895
368,18,53,1346.46,25.40490566037736,45796,864.0754716981132,237.52,0.1764033094187722,232,51,26.401176470588236,0.0,0.0,Unknown,Unknown,Unknown,Unknown,Unknown,Unknown,Unknown,9.0,3.0,0,0.16981132075471697,0.0,17.0,173.0,2.0,3.2641509433962264
369,2,35,1034.95,29.57,10625,303.57142857142856,149.78,0.14472196724479444,298,28,36.9625,0.0,0.0,Unknown,Unknown,Unknown,Unknown,Unknown,Unknown,Unknown,3.0,1.0,0,0.08571428571428572,0.0,10.0,90.0,2.0,2.5714285714285716
370,155,133,3386.78,25.46451127819549,329146,2474.781954887218,508.23,0.15006289159614736,646,120,28.223166666666668,0.0,0.0,Age Group6,Y,Level5,Unknown,Group5,2,None/Unknown,1.0,1.0,0,0.007518796992481203,0.0,13.0,96.0,2.0,0.7218045112781954
371,0,161,15716.54,97.61826086956522,7083,43.993788819875775,2715.58,0.17278484959157675,2079,154,102.05545454545455,0.0,0.0,Age Group3,X,Level6,Homeowner,Group4,3,1,1.0,1.0,0,0.006211180124223602,0.0,16.0,149.0,2.0,0.9254658385093167
372,215,10,440.42,44.042,9460,946.0,102.62,0.23300485899822895,147,9,48.93555555555556,0.0,0.0,Unknown,Unknown,Unknown,Unknown,Unknown,Unknown,Unknown,12.0,3.0,0,1.2,0.0,20.0,206.0,2.0,20.6
373,3,13,96.91,7.454615384615384,56,4.3076923076923075,18.48,0.1906923950056754,42,13,7.454615384615384,0.0,0.0,Unknown,Unknown,Unknown,Unknown,Unknown,Unknown,Unknown,0.0,0.0,0,0.0,0.0,11.0,57.0,2.0,4.384615384615385
374,6,163,7099.56,43.55558282208589,127887,784.5828220858896,706.89,0.09956814225106907,869,131,54.1951145038168,0.0,0.0,Unknown,Unknown,Unknown,Unknown,Unknown,Unknown,Unknown,0.0,0.0,0,0.0,0.0,9.0,26.0,2.0,0.15950920245398773
375,15,24,203.94,8.4975,7657,319.0416666666667,76.49,0.3750612925370207,58,24,8.4975,0.0,0.0,Unknown,Unknown,Unknown,Unknown,Unknown,Unknown,Unknown,9.0,3.0,0,0.375,0.0,18.0,167.0,2.0,6.958333333333333
376,1,493,4714.62,9.56312373225152,2702,5.480730223123732,638.78,0.13548918046417313,746,397,11.875617128463476,0.0,0.0,Unknown,Unknown,Unknown,Unknown,Unknown,Unknown,Unknown,0.0,0.0,0,0.0,0.0,5.0,35.0,2.0,0.07099391480730223
377,0,133,3166.45,23.807894736842105,1527,11.481203007518797,580.37,0.18328727755056926,628,128,24.737890625,0.0,0.0,Age Group4,X,Level5,Homeowner,Group5,2,None/Unknown,6.0,3.0,0,0.045112781954887216,0.0,16.0,140.0,2.0,1.0526315789473684
378,3,325,4715.42,14.508984615384616,136919,421.28923076923076,637.68,0.13523291668610643,704,294,16.038843537414966,9.0,0.027692307692307693,Age Group5,X,Level5,Homeowner,Group3,2,None/Unknown,5.0,2.0,1,0.015384615384615385,1.8,13.0,128.0,2.0,0.39384615384615385
379,4,2,55.64,27.82,28,14.0,6.38,0.11466570812365205,24,2,27.82,0.0,0.0,Unknown,Unknown,Unknown,Unknown,Unknown,Unknown,Unknown,5.0,2.0,0,2.5,0.0,17.0,157.0,2.0,78.5
380,0,129,7726.4400000000005,59.89488372093024,3914,30.34108527131783,1552.09,0.20088035369458634,999,126,61.320952380952384,0.0,0.0,Unknown,Unknown,Unknown,Unknown,Unknown,Unknown,Unknown,0.0,0.0,0,0.0,0.0,1.0,10.0,2.0,0.07751937984496124
381,12,93,3120.79,33.556881720430106,10271,110.44086021505376,448.34,0.14366234190701713,782,84,37.15226190476191,0.0,0.0,Age Group2,Z,Level4,Homeowner,Group1,2,1,7.0,3.0,0,0.07526881720430108,0.0,11.0,130.0,2.0,1.3978494623655915
382,36,34,694.7,20.43235294117647,39993,1176.264705882353,68.21,0.09818626745357707,145,32,21.709375,0.0,0.0,Unknown,Unknown,Unknown,Unknown,Unknown,Unknown,Unknown,5.0,3.0,0,0.14705882352941177,0.0,15.0,160.0,2.0,4.705882352941177
383,18,150,5763.4400000000005,38.42293333333334,193134,1287.56,885.55,0.15364955651485915,629,136,42.37823529411765,1.0,0.006666666666666667,Age Group4,Y,Level5,Homeowner,Group6,1,None/Unknown,0.0,0.0,1,0.0,0.0,11.0,76.0,2.0,0.5066666666666667
384,5,80,3914.84,48.935500000000005,85235,1065.4375,567.51,0.14496377885175382,777,69,56.7368115942029,0.0,0.0,Unknown,Unknown,Unknown,Unknown,Unknown,Unknown,Unknown,4.0,2.0,0,0.05,0.0,15.0,144.0,2.0,1.8
385,10,41,2929.72,71.45658536585366,50635,1235.0,543.47,0.18550236882705518,562,37,79.18162162162162,0.0,0.0,Age Group2,X,Level5,Homeowner,Group4,5+,3+,5.0,2.0,0,0.12195121951219512,0.0,19.0,156.0,2.0,3.8048780487804876
386,1,281,4676.43,16.642099644128116,115323,410.4021352313167,1214.72,0.2597537010069647,1174,199,23.49964824120603,0.0,0.0,Age Group3,Z,Level3,Probable Owner,Group3,1,None/Unknown,0.0,0.0,0,0.0,0.0,15.0,129.0,2.0,0.45907473309608543
387,7,131,5697.25,43.49045801526717,1858,14.183206106870228,749.52,0.1315582079073237,928,114,49.97587719298246,1.0,0.007633587786259542,Age Group2,Z,Level5,Homeowner,Group3,1,None/Unknown,5.0,2.0,1,0.03816793893129771,0.2,16.0,160.0,2.0,1.2213740458015268
388,3,58,1286.54,22.181724137931035,10063,173.5,505.37,0.3928132821365834,389,54,23.824814814814815,0.0,0.0,Unknown,Unknown,Unknown,Unknown,Unknown,Unknown,Unknown,3.0,1.0,0,0.05172413793103448,0.0,16.0,172.0,2.0,2.9655172413793105
389,1,271,14880.92,54.91114391143911,469189,1731.3247232472324,3266.66,0.21952002967558457,1698,230,64.69965217391304,23.0,0.08487084870848709,Age Group3,Y,Level9,Probable Owner,Group3,1,None/Unknown,0.0,0.0,1,0.0,0.0,9.0,80.0,2.0,0.2952029520295203
390,2,108,1806.02,16.722407407407406,12164,112.62962962962963,261.53,0.14481013499296794,370,105,17.200190476190475,0.0,0.0,Age Group4,Z,Level3,Renter,Group3,1,None/Unknown,10.0,3.0,0,0.09259259259259259,0.0,20.0,182.0,2.0,1.6851851851851851
391,98,49,1412.64,28.829387755102044,596,12.16326530612245,195.38,0.13830841544908823,334,40,35.316,0.0,0.0,Age Group6,Z,Level3,Unknown,Group3,1,None/Unknown,3.0,1.0,0,0.061224489795918366,0.0,14.0,119.0,2.0,2.4285714285714284
392,2,104,11443.97,110.03817307692307,3359,32.29807692307692,866.77,0.07574032438043792,1236,102,112.19578431372548,0.0,0.0,Age Group3,X,Level12,Homeowner,Group4,3,1,2.0,2.0,0,0.019230769230769232,0.0,9.0,96.0,2.0,0.9230769230769231
393,0,180,3895.2400000000002,21.640222222222224,1974,10.966666666666667,860.0,0.22078228812602047,1092,152,25.626578947368422,1.0,0.005555555555555556,Unknown,Unknown,Unknown,Unknown,Unknown,Unknown,Unknown,8.0,3.0,1,0.044444444444444446,0.125,18.0,176.0,2.0,0.9777777777777777
394,1,65,1565.89,24.090615384615386,577,8.876923076923077,154.6,0.09872979583495647,393,65,24.090615384615386,0.0,0.0,Unknown,Unknown,Unknown,Unknown,Unknown,Unknown,Unknown,4.0,2.0,0,0.06153846153846154,0.0,14.0,153.0,2.0,2.353846153846154
395,1,68,872.91,12.836911764705881,459,6.75,234.08,0.2681605205576749,216,63,13.855714285714285,0.0,0.0,Age Group3,Y,Level3,Unknown,Group2,1,None/Unknown,4.0,2.0,0,0.058823529411764705,0.0,14.0,134.0,2.0,1.9705882352941178
396,6,107,1790.73,16.735794392523363,52610,491.68224299065423,276.34,0.15431695453809338,351,96,18.6534375,0.0,0.0,Unknown,Unknown,Unknown,Unknown,Unknown,Unknown,Unknown,0.0,0.0,0,0.0,0.0,12.0,78.0,2.0,0.7289719626168224
397,5,248,6161.99,24.846733870967743,394435,1590.4637096774193,879.83,0.1427834189928903,909,193,31.92740932642487,7.0,0.028225806451612902,Unknown,Unknown,Unknown,Unknown,Unknown,Unknown,Unknown,3.0,2.0,1,0.012096774193548387,2.3333333333333335,16.0,113.0,2.0,0.45564516129032256
398,10,125,2092.6,16.7408,123706,989.648,416.78,0.1991684985185893,568,96,21.797916666666666,0.0,0.0,Unknown,Unknown,Unknown,Unknown,Unknown,Unknown,Unknown,5.0,2.0,0,0.04,0.0,15.0,154.0,2.0,1.232
399,48,17,978.48,57.557647058823534,29149,1714.6470588235295,146.18,0.14939497996893142,221,17,57.557647058823534,0.0,0.0,Unknown,Unknown,Unknown,Unknown,Unknown,Unknown,Unknown,1.0,1.0,0,0.058823529411764705,0.0,14.0,119.0,2.0,7.0
400,0,310,18494.14,59.65851612903226,862525,2782.3387096774195,1797.82,0.09721025146343652,2390,233,79.37399141630901,4.0,0.012903225806451613,Age Group3,X,Level9,Homeowner,Group4,3,1,0.0,0.0,1,0.0,0.0,11.0,98.0,2.0,0.3161290322580645
401,5,96,2538.88,26.44666666666667,1279,13.322916666666666,494.81,0.19489302369548778,666,85,29.869176470588236,0.0,0.0,Unknown,Unknown,Unknown,Unknown,Unknown,Unknown,Unknown,3.0,1.0,0,0.03125,0.0,20.0,212.0,2.0,2.2083333333333335
402,6,80,2233.84,27.923000000000002,151535,1894.1875,294.42,0.13179994986212082,388,70,31.912000000000003,0.0,0.0,Unknown,Unknown,Unknown,Unknown,Unknown,Unknown,Unknown,0.0,0.0,0,0.0,0.0,15.0,150.0,2.0,1.875
403,69,46,914.56,19.88173913043478,306,6.6521739130434785,244.71,0.2675712911126662,159,46,19.88173913043478,0.0,0.0,Unknown,Unknown,Unknown,Unknown,Unknown,Unknown,Unknown,2.0,2.0,0,0.043478260869565216,0.0,16.0,104.0,2.0,2.260869565217391
404,2,240,6107.18,25.446583333333333,163085,679.5208333333334,635.5600000000001,0.10406767116738004,900,223,27.38645739910314,0.0,0.0,Age Group2,X,Level3,Unknown,Group6,2,None/Unknown,1.0,1.0,0,0.004166666666666667,0.0,12.0,73.0,2.0,0.30416666666666664
405,5,98,3652.97,37.27520408163265,518293,5288.7040816326535,798.14,0.2184907075612447,539,92,39.70619565217391,0.0,0.0,Unknown,Unknown,Unknown,Unknown,Unknown,Unknown,Unknown,8.0,2.0,0,0.08163265306122448,0.0,18.0,154.0,2.0,1.5714285714285714
406,0,45,1776.65,39.48111111111111,29882,664.0444444444445,173.51,0.09766132890552444,362,38,46.75394736842105,0.0,0.0,Unknown,Unknown,Unknown,Unknown,Unknown,Unknown,Unknown,3.0,1.0,0,0.06666666666666667,0.0,12.0,121.0,2.0,2.688888888888889
407,1,52,696.38,13.391923076923076,329,6.326923076923077,348.43,0.5003446394210058,109,40,17.4095,0.0,0.0,Unknown,Unknown,Unknown,Unknown,Unknown,Unknown,Unknown,0.0,0.0,0,0.0,0.0,16.0,113.0,2.0,2.173076923076923
408,13,56,2470.9900000000002,44.12482142857143,814,14.535714285714286,338.63,0.1370422381312753,491,51,48.45078431372549,0.0,0.0,Unknown,Unknown,Unknown,Unknown,Unknown,Unknown,Unknown,0.0,0.0,0,0.0,0.0,8.0,50.0,2.0,0.8928571428571429
409,2,135,4499.85,33.33222222222223,250249,1853.6962962962964,1341.97,0.2982254964054357,1023,121,37.18884297520661,0.0,0.0,Age Group1,Z,Level3,Homeowner,Group5,2,None/Unknown,4.0,3.0,0,0.02962962962962963,0.0,13.0,125.0,2.0,0.9259259259259259
410,0,129,1148.42,8.902480620155039,728,5.6434108527131785,449.14,0.3910938506818063,325,124,9.261451612903226,0.0,0.0,Age Group5,X,Level4,Homeowner,Group4,5+,3+,8.0,2.0,0,0.06201550387596899,0.0,19.0,157.0,2.0,1.2170542635658914
411,6,158,6697.21,42.38740506329114,171710,1086.7721518987341,1066.49,0.15924392396236642,826,119,56.2790756302521,0.0,0.0,Age Group3,Y,Level1,Unknown,Group5,2,None/Unknown,1.0,1.0,0,0.006329113924050633,0.0,10.0,93.0,2.0,0.5886075949367089
412,0,112,2426.3,21.66339285714286,16797,149.97321428571428,690.7,0.2846721345258212,697,96,25.273958333333336,4.0,0.03571428571428571,Age Group6,X,Level2,Homeowner,Group3,2,None/Unknown,5.0,3.0,1,0.044642857142857144,0.8,15.0,154.0,2.0,1.375
413,9,284,5963.78,20.999225352112674,582744,2051.9154929577467,556.01,0.09323113864025837,545,222,26.863873873873874,2.0,0.007042253521126761,Age Group4,Y,Level7,Unknown,Group6,1,None/Unknown,4.0,2.0,1,0.014084507042253521,0.5,17.0,137.0,2.0,0.4823943661971831
414,7,153,2488.65,16.265686274509804,63327,413.9019607843137,441.82,0.17753400437988467,593,110,22.62409090909091,0.0,0.0,Unknown,Unknown,Unknown,Unknown,Unknown,Unknown,Unknown,8.0,3.0,0,0.05228758169934641,0.0,15.0,145.0,2.0,0.9477124183006536
415,17,16,514.63,32.164375,144,9.0,60.79,0.11812370052270563,77,15,34.30866666666667,0.0,0.0,Unknown,Unknown,Unknown,Unknown,Unknown,Unknown,Unknown,4.0,2.0,0,0.25,0.0,14.0,139.0,2.0,8.6875
416,136,29,2177.04,75.07034482758621,1061,36.58620689655172,387.89,0.1781731157902473,578,27,80.63111111111111,0.0,0.0,Unknown,Unknown,Unknown,Unknown,Unknown,Unknown,Unknown,0.0,0.0,0,0.0,0.0,4.0,42.0,2.0,1.4482758620689655
417,8,84,3012.96,35.86857142857143,1637,19.488095238095237,608.36,0.20191439647389942,840,76,39.64421052631579,0.0,0.0,Age Group4,X,Level4,Unknown,Group3,2,None/Unknown,0.0,0.0,0,0.0,0.0,11.0,138.0,2.0,1.6428571428571428
418,0,256,6960.96,27.19125,350841,1370.47265625,938.97,0.13489087712039718,1027,205,33.95590243902439,0.0,0.0,Age Group3,Y,Level4,Unknown,Group4,3,1,0.0,0.0,0,0.0,0.0,17.0,172.0,2.0,0.671875
419,70,46,1696.6100000000001,36.88282608695653,40907,889.2826086956521,479.75,0.28276975851845737,298,44,38.559318181818185,0.0,0.0,Unknown,Unknown,Unknown,Unknown,Unknown,Unknown,Unknown,11.0,2.0,0,0.2391304347826087,0.0,17.0,179.0,2.0,3.891304347826087
420,0,99,2130.58,21.521010101010102,1000,10.1010101010101,332.51,0.1560654845159534,605,85,25.06564705882353,0.0,0.0,Unknown,Unknown,Unknown,Unknown,Unknown,Unknown,Unknown,1.0,1.0,0,0.010101010101010102,0.0,13.0,107.0,2.0,1.0808080808080809
421,6,194,6013.04,30.995051546391753,609005,3139.201030927835,1546.01,0.25710954858108376,1148,158,38.05721518987342,1.0,0.005154639175257732,Unknown,Unknown,Unknown,Unknown,Unknown,Unknown,Unknown,5.0,1.0,1,0.02577319587628866,0.2,12.0,139.0,2.0,0.7164948453608248
422,0,20,983.32,49.166000000000004,534,26.7,354.93,0.36095065695806045,296,18,54.628888888888895,0.0,0.0,Unknown,Unknown,Unknown,Unknown,Unknown,Unknown,Unknown,7.0,3.0,0,0.35,0.0,18.0,178.0,2.0,8.9
423,122,14,230.85,16.489285714285714,149,10.642857142857142,84.1,0.3643058262941304,101,13,17.757692307692306,0.0,0.0,Unknown,Unknown,Unknown,Unknown,Unknown,Unknown,Unknown,0.0,0.0,0,0.0,0.0,10.0,93.0,2.0,6.642857142857143
424,24,24,2441.79,101.74125,873,36.375,272.01,0.11139778605039745,455,24,101.74125,0.0,0.0,Unknown,Unknown,Unknown,Unknown,Unknown,Unknown,Unknown,0.0,0.0,0,0.0,0.0,8.0,48.0,2.0,2.0
425,1,151,5543.91,36.714635761589406,3064,20.29139072847682,1417.88,0.2557545126093317,1005,135,41.065999999999995,0.0,0.0,Unknown,Unknown,Unknown,Unknown,Unknown,Unknown,Unknown,0.0,0.0,0,0.0,0.0,13.0,128.0,2.0,0.847682119205298
426,1,228,7860.85,34.477412280701756,1018770,4468.289473684211,1211.48,0.1541156490710292,907,193,40.72979274611399,11.0,0.04824561403508772,Age Group4,Y,Level5,Homeowner,Group5,2,None/Unknown,8.0,3.0,1,0.03508771929824561,1.375,11.0,129.0,2.0,0.5657894736842105
427,1,53,1073.01,20.245471698113207,407,7.679245283018868,119.31,0.11119188078396287,208,51,21.039411764705882,0.0,0.0,Unknown,Unknown,Unknown,Unknown,Unknown,Unknown,Unknown,3.0,1.0,0,0.05660377358490566,0.0,18.0,152.0,2.0,2.8679245283018866
428,18,95,3361.43,35.38347368421052,2042,21.49473684210526,703.79,0.20937220171177148,833,93,36.144408602150534,0.0,0.0,Age Group1,Y,Level5,Probable Owner,Group5,2,None/Unknown,0.0,0.0,0,0.0,0.0,12.0,89.0,2.0,0.9368421052631579
429,2,43,542.89,12.625348837209302,248,5.767441860465116,236.21,0.4350973493709592,140,41,13.241219512195121,0.0,0.0,Unknown,Unknown,Unknown,Unknown,Unknown,Unknown,Unknown,5.0,2.0,0,0.11627906976744186,0.0,14.0,121.0,2.0,2.813953488372093
430,5,107,2377.09,22.215794392523367,8395,78.45794392523365,411.33,0.17303930435953202,557,90,26.412111111111113,0.0,0.0,Unknown,Unknown,Unknown,Unknown,Unknown,Unknown,Unknown,0.0,0.0,0,0.0,0.0,11.0,61.0,2.0,0.5700934579439252
431,1,36,531.67,14.76861111111111,186,5.166666666666667,128.76,0.24218029981003253,127,35,15.190571428571428,0.0,0.0,Unknown,Unknown,Unknown,Unknown,Unknown,Unknown,Unknown,1.0,1.0,0,0.027777777777777776,0.0,15.0,140.0,2.0,3.888888888888889
432,0,257,3486.55,13.566342412451363,82879,322.4863813229572,475.92,0.1365016993876468,705,220,15.847954545454547,0.0,0.0,Age Group1,Y,Level3,Unknown,Group3,1,None/Unknown,0.0,0.0,0,0.0,0.0,6.0,54.0,2.0,0.21011673151750973
433,15,76,949.82,12.497631578947368,498,6.552631578947368,100.69,0.10600955970604956,221,68,13.967941176470589,0.0,0.0,Unknown,Unknown,Unknown,Unknown,Unknown,Unknown,Unknown,2.0,1.0,0,0.02631578947368421,0.0,16.0,149.0,2.0,1.9605263157894737
434,3,117,3778.75,32.297008547008545,5354,45.76068376068376,691.19,0.18291498511412504,761,106,35.64858490566038,0.0,0.0,Age Group3,X,Level2,Homeowner,Group4,3,1,2.0,1.0,0,0.017094017094017096,0.0,9.0,82.0,2.0,0.7008547008547008
435,0,93,1817.22,19.54,1183,12.720430107526882,1068.35,0.5879035009520035,155,66,27.533636363636365,0.0,0.0,Unknown,Unknown,Unknown,Unknown,Unknown,Unknown,Unknown,9.0,3.0,0,0.0967741935483871,0.0,12.0,142.0,2.0,1.5268817204301075
436,14,30,2318.7400000000002,77.29133333333334,915,30.5,311.44,0.1343143258838852,491,29,79.95655172413794,0.0,0.0,Unknown,Unknown,Unknown,Unknown,Unknown,Unknown,Unknown,0.0,0.0,0,0.0,0.0,6.0,56.0,2.0,1.8666666666666667
437,3,90,5915.7300000000005,65.73033333333333,226649,2518.322222222222,952.95,0.16108747356623782,986,77,76.82766233766235,2.0,0.022222222222222223,Age Group2,X,Level5,Homeowner,Group4,5+,3+,1.0,1.0,1,0.011111111111111112,2.0,12.0,128.0,2.0,1.4222222222222223
438,7,67,4456.52,66.51522388059702,1888,28.17910447761194,890.02,0.19971188281439328,685,62,71.87935483870969,2.0,0.029850746268656716,Age Group3,X,Level5,Probable Owner,Group5,2,None/Unknown,8.0,3.0,1,0.11940298507462686,0.25,16.0,169.0,2.0,2.5223880597014925
439,0,38,568.21,14.952894736842106,209,5.5,46.5,0.0818359409373295,129,33,17.21848484848485,0.0,0.0,Unknown,Unknown,Unknown,Unknown,Unknown,Unknown,Unknown,2.0,2.0,0,0.05263157894736842,0.0,17.0,155.0,2.0,4.078947368421052
440,222,6,83.88,13.979999999999999,30,5.0,10.07,0.12005245588936576,26,3,27.959999999999997,0.0,0.0,Unknown,Unknown,Unknown,Unknown,Unknown,Unknown,Unknown,1.0,1.0,0,0.16666666666666666,0.0,8.0,55.0,2.0,9.166666666666666
441,2,76,2369.9,31.182894736842105,1064,14.0,287.62,0.12136377062323304,240,76,31.182894736842105,0.0,0.0,Age Group4,Z,Level5,Homeowner,Group3,1,None/Unknown,0.0,0.0,0,0.0,0.0,6.0,20.0,2.0,0.2631578947368421
442,0,214,3094.71,14.461261682242991,170251,795.5654205607476,563.43,0.1820622933974427,632,164,18.87018292682927,0.0,0.0,Age Group2,Y,Level2,Unknown,Group1,2,1,1.0,1.0,0,0.004672897196261682,0.0,14.0,90.0,2.0,0.4205607476635514
443,0,103,2644.21,25.671941747572816,1587,15.407766990291263,715.35,0.27053448856180107,477,93,28.43236559139785,2.0,0.019417475728155338,Age Group4,X,Level3,Homeowner,Group5,2,None/Unknown,2.0,2.0,1,0.019417475728155338,1.0,15.0,157.0,2.0,1.5242718446601942
444,140,44,1261.6200000000001,28.67318181818182,518,11.772727272727273,164.69,0.13053851397409677,354,31,40.697419354838715,0.0,0.0,Unknown,Unknown,Unknown,Unknown,Unknown,Unknown,Unknown,4.0,2.0,0,0.09090909090909091,0.0,13.0,115.0,2.0,2.6136363636363638
445,75,232,2696.5,11.622844827586206,957,4.125,406.83,0.15087335434822918,483,180,14.980555555555556,0.0,0.0,Unknown,Unknown,Unknown,Unknown,Unknown,Unknown,Unknown,0.0,0.0,0,0.0,0.0,13.0,102.0,2.0,0.4396551724137931
446,9,30,212.05,7.068333333333333,66,2.2,8.17,0.03852864890356048,56,29,7.312068965517242,0.0,0.0,Unknown,Unknown,Unknown,Unknown,Unknown,Unknown,Unknown,6.0,2.0,0,0.2,0.0,15.0,137.0,2.0,4.566666666666666
447,2,136,1670.44,12.28264705882353,22893,168.3308823529412,318.3,0.19054859797418644,366,115,14.525565217391305,0.0,0.0,Unknown,Unknown,Unknown,Unknown,Unknown,Unknown,Unknown,0.0,0.0,0,0.0,0.0,8.0,41.0,2.0,0.3014705882352941
448,5,45,493.37,10.963777777777779,15054,334.53333333333336,50.23,0.1018100006080629,95,42,11.746904761904762,0.0,0.0,Unknown,Unknown,Unknown,Unknown,Unknown,Unknown,Unknown,4.0,1.0,0,0.08888888888888889,0.0,13.0,115.0,2.0,2.5555555555555554
449,6,34,827.44,24.336470588235297,56027,1647.8529411764705,132.32,0.15991491830223337,200,33,25.073939393939394,0.0,0.0,Unknown,Unknown,Unknown,Unknown,Unknown,Unknown,Unknown,0.0,0.0,0,0.0,0.0,9.0,55.0,2.0,1.6176470588235294
450,16,65,1540.45,23.69923076923077,831,12.784615384615385,402.23,0.26111201272355483,277,65,23.69923076923077,0.0,0.0,Unknown,Unknown,Unknown,Unknown,Unknown,Unknown,Unknown,0.0,0.0,0,0.0,0.0,10.0,78.0,2.0,1.2
451,0,161,2376.28,14.759503105590063,51526,320.0372670807453,332.78,0.14004241924352348,438,141,16.853049645390072,0.0,0.0,Age Group2,Z,Level1,Renter,Group5,2,None/Unknown,1.0,1.0,0,0.006211180124223602,0.0,13.0,99.0,2.0,0.6149068322981367
452,20,26,786.99,30.268846153846155,440,16.923076923076923,351.0,0.44600312583387336,261,19,41.42052631578947,0.0,0.0,Unknown,Unknown,Unknown,Unknown,Unknown,Unknown,Unknown,3.0,1.0,0,0.11538461538461539,0.0,16.0,130.0,2.0,5.0
453,2,34,742.95,21.851470588235294,291,8.558823529411764,82.99,0.1117033447742109,176,32,23.2171875,0.0,0.0,Unknown,Unknown,Unknown,Unknown,Unknown,Unknown,Unknown,0.0,0.0,0,0.0,0.0,10.0,90.0,2.0,2.6470588235294117
454,1,356,8215.93,23.078455056179777,20776,58.359550561797754,2558.83,0.311447395486573,1352,311,26.417781350482315,1.0,0.0028089887640449437,Age Group5,Y,Level4,Unknown,Group2,1,None/Unknown,0.0,0.0,1,0.0,0.0,11.0,85.0,2.0,0.23876404494382023
455,4,25,1253.4,50.136,488,19.52,132.52,0.10572841870113292,270,19,65.96842105263158,0.0,0.0,Unknown,Unknown,Unknown,Unknown,Unknown,Unknown,Unknown,8.0,3.0,0,0.32,0.0,12.0,160.0,2.0,6.4
456,10,94,6314.03,67.17053191489362,20329,216.2659574468085,893.61,0.1415276772520878,1023,92,68.63076086956521,0.0,0.0,Age Group1,Z,Level5,Homeowner,Group5,2,None/Unknown,0.0,0.0,0,0.0,0.0,11.0,90.0,2.0,0.9574468085106383
457,17,78,718.0,9.205128205128204,14585,186.98717948717947,144.98,0.20192200557103063,277,69,10.405797101449275,0.0,0.0,Unknown,Unknown,Unknown,Unknown,Unknown,Unknown,Unknown,10.0,3.0,0,0.1282051282051282,0.0,17.0,175.0,2.0,2.2435897435897436
458,2,127,1685.64,13.272755905511811,32063,252.46456692913387,709.4,0.42084905436510756,445,109,15.464587155963304,4.0,0.031496062992125984,Age Group5,X,Level4,Homeowner,Group3,2,None/Unknown,0.0,0.0,1,0.0,0.0,9.0,95.0,2.0,0.7480314960629921
459,7,67,1194.94,17.83492537313433,360,5.373134328358209,90.41,0.07566070262942072,142,67,17.83492537313433,0.0,0.0,Unknown,Unknown,Unknown,Unknown,Unknown,Unknown,Unknown,5.0,2.0,0,0.07462686567164178,0.0,11.0,120.0,2.0,1.791044776119403
460,4,113,760.45,6.729646017699116,50391,445.9380530973451,142.3,0.18712604378986128,220,95,8.004736842105263,1.0,0.008849557522123894,Age Group6,Z,Level3,Homeowner,Group3,1,None/Unknown,2.0,1.0,1,0.017699115044247787,0.5,9.0,57.0,2.0,0.504424778761062
461,27,39,664.8,17.046153846153846,33086,848.3589743589744,192.94,0.290222623345367,221,36,18.466666666666665,0.0,0.0,Unknown,Unknown,Unknown,Unknown,Unknown,Unknown,Unknown,4.0,2.0,0,0.10256410256410256,0.0,12.0,86.0,2.0,2.2051282051282053
462,5,97,1510.63,15.573505154639177,679,7.0,267.72,0.17722407207588886,440,92,16.41989130434783,0.0,0.0,Age Group6,Y,Level7,Unknown,Group2,1,None/Unknown,0.0,0.0,0,0.0,0.0,11.0,79.0,2.0,0.8144329896907216
463,0,587,5803.3,9.886371379897785,513790,875.2810902896082,1216.96,0.20970137680285356,544,399,14.544611528822056,1.0,0.0017035775127768314,Unknown,Unknown,Unknown,Unknown,Unknown,Unknown,Unknown,1.0,1.0,1,0.0017035775127768314,1.0,11.0,125.0,2.0,0.21294718909710392
464,2,173,3590.4900000000002,20.7542774566474,101486,586.6242774566474,1202.2,0.33482895092313303,858,141,25.464468085106386,10.0,0.057803468208092484,Age Group6,X,Level5,Homeowner,Group5,2,None/Unknown,4.0,2.0,1,0.023121387283236993,2.5,17.0,127.0,2.0,0.7341040462427746
465,15,44,382.55,8.694318181818183,211,4.795454545454546,66.42,0.17362436282838845,157,42,9.108333333333334,0.0,0.0,Unknown,Unknown,Unknown,Unknown,Unknown,Unknown,Unknown,10.0,3.0,0,0.22727272727272727,0.0,15.0,133.0,2.0,3.022727272727273
466,41,17,423.32,24.901176470588236,135,7.9411764705882355,57.11,0.13490976093735235,110,17,24.901176470588236,0.0,0.0,Unknown,Unknown,Unknown,Unknown,Unknown,Unknown,Unknown,0.0,0.0,0,0.0,0.0,6.0,70.0,2.0,4.117647058823529
467,5,145,2642.9900000000002,18.227517241379314,1190,8.206896551724139,535.04,0.2024373909852099,651,119,22.21,0.0,0.0,Unknown,Unknown,Unknown,Unknown,Unknown,Unknown,Unknown,0.0,0.0,0,0.0,0.0,7.0,56.0,2.0,0.38620689655172413
468,0,334,5835.68,17.472095808383234,17358,51.97005988023952,888.6899999999999,0.1522855948235681,1042,257,22.70692607003891,0.0,0.0,Unknown,Unknown,Unknown,Unknown,Unknown,Unknown,Unknown,7.0,2.0,0,0.020958083832335328,0.0,14.0,149.0,2.0,0.44610778443113774
469,13,165,7748.49,46.96054545454545,126924,769.2363636363636,1190.12,0.15359379698496092,1299,138,56.14847826086957,5.0,0.030303030303030304,Age Group4,Y,Level6,Probable Owner,Group3,1,None/Unknown,7.0,2.0,1,0.04242424242424243,0.7142857142857143,14.0,166.0,2.0,1.006060606060606
470,4,156,2305.0,14.775641025641026,94301,604.4935897435897,153.82,0.06673318872017353,337,148,15.574324324324325,0.0,0.0,Unknown,Unknown,Unknown,Unknown,Unknown,Unknown,Unknown,6.0,2.0,0,0.038461538461538464,0.0,20.0,180.0,2.0,1.1538461538461537
471,1,51,1530.1200000000001,30.002352941176472,7476,146.58823529411765,367.65,0.24027527252764486,358,43,35.58418604651163,0.0,0.0,Unknown,Unknown,Unknown,Unknown,Unknown,Unknown,Unknown,6.0,2.0,0,0.11764705882352941,0.0,13.0,82.0,2.0,1.607843137254902
472,48,96,8295.58,86.41229166666666,2773,28.885416666666668,1314.74,0.15848680863785294,1308,81,102.41456790123456,11.0,0.11458333333333333,Unknown,Unknown,Unknown,Unknown,Unknown,Unknown,Unknown,0.0,0.0,1,0.0,0.0,15.0,122.0,2.0,1.2708333333333333
473,2,70,3208.71,45.83871428571429,259608,3708.6857142857143,678.21,0.21136531503314418,507,56,57.29839285714286,3.0,0.04285714285714286,Age Group4,Y,Level5,Homeowner,Group6,1,None/Unknown,8.0,3.0,1,0.11428571428571428,0.375,20.0,175.0,2.0,2.5
474,0,36,2102.36,58.39888888888889,1111,30.86111111111111,590.37,0.2808129911147472,590,30,70.07866666666668,0.0,0.0,Unknown,Unknown,Unknown,Unknown,Unknown,Unknown,Unknown,2.0,1.0,0,0.05555555555555555,0.0,13.0,120.0,2.0,3.3333333333333335
475,2,41,1525.02,37.19560975609756,670,16.341463414634145,269.35,0.1766206344834822,447,40,38.1255,0.0,0.0,Unknown,Unknown,Unknown,Unknown,Unknown,Unknown,Unknown,0.0,0.0,0,0.0,0.0,8.0,105.0,2.0,2.5609756097560976
476,66,29,1551.27,53.49206896551724,690,23.79310344827586,240.29,0.15489888929715653,403,28,55.402499999999996,0.0,0.0,Unknown,Unknown,Unknown,Unknown,Unknown,Unknown,Unknown,1.0,1.0,0,0.034482758620689655,0.0,11.0,130.0,2.0,4.482758620689655
477,17,65,812.28,12.496615384615383,81003,1246.2,163.66,0.20148224750086177,261,57,14.250526315789473,0.0,0.0,Unknown,Unknown,Unknown,Unknown,Unknown,Unknown,Unknown,1.0,1.0,0,0.015384615384615385,0.0,11.0,79.0,2.0,1.2153846153846153
478,35,20,286.02,14.300999999999998,21988,1099.4,29.23,0.10219565065380044,42,18,15.889999999999999,0.0,0.0,Unknown,Unknown,Unknown,Unknown,Unknown,Unknown,Unknown,0.0,0.0,0,0.0,0.0,12.0,102.0,2.0,5.1
479,7,185,1773.3,9.585405405405405,1032,5.578378378378378,396.22,0.22343653076185643,546,131,13.536641221374046,0.0,0.0,Unknown,Unknown,Unknown,Unknown,Unknown,Unknown,Unknown,0.0,0.0,0,0.0,0.0,8.0,26.0,2.0,0.14054054054054055
480,38,92,3646.39,39.63467391304348,265413,2884.9239130434785,755.18,0.2071034639739578,783,78,46.74858974358974,0.0,0.0,Unknown,Unknown,Unknown,Unknown,Unknown,Unknown,Unknown,2.0,1.0,0,0.021739130434782608,0.0,14.0,138.0,2.0,1.5
481,26,49,2055.92,41.95755102040817,1033,21.081632653061224,421.62,0.20507607299894937,535,46,44.69391304347826,0.0,0.0,Unknown,Unknown,Unknown,Unknown,Unknown,Unknown,Unknown,4.0,2.0,0,0.08163265306122448,0.0,18.0,162.0,2.0,3.306122448979592
482,1,61,1848.52,30.303606557377048,3709,60.80327868852459,418.3,0.22628913941964382,522,49,37.72489795918367,0.0,0.0,Unknown,Unknown,Unknown,Unknown,Unknown,Unknown,Unknown,1.0,1.0,0,0.01639344262295082,0.0,13.0,127.0,2.0,2.081967213114754
483,1,98,2718.9900000000002,27.74479591836735,1357,13.846938775510203,810.78,0.29819160791323246,612,89,30.55044943820225,0.0,0.0,Age Group4,Y,Level4,Unknown,Group3,1,None/Unknown,1.0,1.0,0,0.01020408163265306,0.0,12.0,119.0,2.0,1.2142857142857142
484,5,137,2964.51,21.638759124087592,15122,110.37956204379562,501.67,0.16922526825681142,778,111,26.7072972972973,2.0,0.014598540145985401,Age Group2,Y,Level2,Unknown,Group5,2,None/Unknown,3.0,1.0,1,0.021897810218978103,0.6666666666666666,11.0,134.0,2.0,0.9781021897810219
485,1,162,5431.01,33.52475308641976,684197,4223.438271604939,1441.75,0.2654662760701969,728,144,37.71534722222222,2.0,0.012345679012345678,Age Group3,Y,Level3,Homeowner,Group2,1,None/Unknown,3.0,1.0,1,0.018518518518518517,0.6666666666666666,13.0,142.0,2.0,0.8765432098765432
486,17,29,922.39,31.80655172413793,46389,1599.6206896551723,128.42000000000002,0.13922527347434385,379,22,41.926818181818184,0.0,0.0,Unknown,Unknown,Unknown,Unknown,Unknown,Unknown,Unknown,2.0,1.0,0,0.06896551724137931,0.0,17.0,138.0,2.0,4.758620689655173
487,42,9,133.68,14.853333333333333,41,4.555555555555555,22.04,0.1648713345302214,39,9,14.853333333333333,0.0,0.0,Unknown,Unknown,Unknown,Unknown,Unknown,Unknown,Unknown,0.0,0.0,0,0.0,0.0,12.0,90.0,2.0,10.0
488,50,20,406.96,20.348,211,10.55,48.269999999999996,0.11861116571653234,138,17,23.938823529411764,0.0,0.0,Unknown,Unknown,Unknown,Unknown,Unknown,Unknown,Unknown,0.0,0.0,0,0.0,0.0,6.0,26.0,2.0,1.3
489,0,212,5866.56,27.672452830188682,531685,2507.948113207547,779.0,0.1327865052091856,886,166,35.340722891566266,0.0,0.0,Age Group5,Y,Level9,Unknown,Group3,1,None/Unknown,0.0,0.0,0,0.0,0.0,8.0,62.0,2.0,0.29245283018867924
490,19,80,3886.87,48.585875,17576,219.7,1287.3,0.33119193592788027,748,71,54.74464788732394,7.0,0.0875,Age Group3,X,Level6,Homeowner,Group4,5+,3+,6.0,3.0,1,0.075,1.1666666666666667,22.0,161.0,2.0,2.0125
491,2,124,4835.71,38.99766129032258,318226,2566.3387096774195,535.33,0.11070349545361488,773,100,48.3571,0.0,0.0,Age Group4,X,Level6,Unknown,Group3,2,None/Unknown,5.0,1.0,0,0.04032258064516129,0.0,15.0,131.0,2.0,1.0564516129032258
492,78,117,7148.28,61.09641025641025,477876,4084.4102564102564,1433.21,0.20049718253901638,972,84,85.09857142857143,3.0,0.02564102564102564,Age Group4,Y,Level5,Homeowner,Group5,2,None/Unknown,5.0,2.0,1,0.042735042735042736,0.6,16.0,155.0,2.0,1.3247863247863247
493,3,196,4925.56,25.130408163265308,217235,1108.341836734694,752.91,0.15285774612429853,677,157,31.37299363057325,0.0,0.0,Age Group5,Y,Level5,Unknown,Group6,1,None/Unknown,8.0,3.0,0,0.04081632653061224,0.0,15.0,159.0,2.0,0.8112244897959183
494,617,1,8.17,8.17,5,5.0,0.25,0.030599755201958383,4,1,8.17,0.0,0.0,Unknown,Unknown,Unknown,Unknown,Unknown,Unknown,Unknown,5.0,2.0,0,5.0,0.0,14.0,149.0,2.0,149.0
495,29,73,3050.52,41.78794520547945,1313,17.986301369863014,1065.74,0.34936338722578447,609,66,46.22,0.0,0.0,Unknown,Unknown,Unknown,Unknown,Unknown,Unknown,Unknown,0.0,0.0,0,0.0,0.0,2.0,4.0,2.0,0.0547945205479452
496,59,13,648.4,49.87692307692308,210,16.153846153846153,106.12,0.1636644046884639,114,11,58.945454545454545,0.0,0.0,Unknown,Unknown,Unknown,Unknown,Unknown,Unknown,Unknown,6.0,2.0,0,0.46153846153846156,0.0,15.0,141.0,2.0,10.846153846153847
497,8,63,766.4,12.165079365079364,413,6.555555555555555,164.89,0.21514874739039666,276,52,14.738461538461538,0.0,0.0,Unknown,Unknown,Unknown,Unknown,Unknown,Unknown,Unknown,0.0,0.0,0,0.0,0.0,8.0,54.0,2.0,0.8571428571428571
498,1,58,904.1800000000001,15.589310344827588,3602,62.10344827586207,143.53,0.1587405162688845,297,54,16.744074074074074,0.0,0.0,Unknown,Unknown,Unknown,Unknown,Unknown,Unknown,Unknown,0.0,0.0,0,0.0,0.0,10.0,78.0,2.0,1.3448275862068966
499,167,70,753.36,10.762285714285715,355,5.071428571428571,119.88,0.15912711054475948,225,46,16.377391304347828,0.0,0.0,Unknown,Unknown,Unknown,Unknown,Unknown,Unknown,Unknown,1.0,1.0,0,0.014285714285714285,0.0,12.0,103.0,2.0,1.4714285714285715
500,258,5,84.82000000000001,16.964000000000002,58,11.6,6.779999999999999,0.07993397783541616,33,4,21.205000000000002,0.0,0.0,Unknown,Unknown,Unknown,Unknown,Unknown,Unknown,Unknown,0.0,0.0,0,0.0,0.0,13.0,81.0,2.0,16.2
501,16,22,478.13,21.73318181818182,184,8.363636363636363,113.8,0.23801058289586513,134,21,22.76809523809524,0.0,0.0,Unknown,Unknown,Unknown,Unknown,Unknown,Unknown,Unknown,0.0,0.0,0,0.0,0.0,7.0,19.0,2.0,0.8636363636363636
502,9,57,2298.84,40.33052631578948,1271,22.29824561403509,468.48,0.2037897374327922,589,44,52.24636363636364,0.0,0.0,Unknown,Unknown,Unknown,Unknown,Unknown,Unknown,Unknown,0.0,0.0,0,0.0,0.0,11.0,65.0,2.0,1.1403508771929824
503,1,151,4723.8,31.283443708609273,8644,57.24503311258278,781.14,0.16536263177949956,1181,141,33.50212765957447,3.0,0.019867549668874173,Unknown,Unknown,Unknown,Unknown,Unknown,Unknown,Unknown,1.0,1.0,1,0.006622516556291391,3.0,10.0,122.0,2.0,0.8079470198675497
504,91,7,516.34,73.76285714285714,355,50.714285714285715,158.15,0.3062904287872332,193,7,73.76285714285714,0.0,0.0,Unknown,Unknown,Unknown,Unknown,Unknown,Unknown,Unknown,6.0,3.0,0,0.8571428571428571,0.0,19.0,189.0,2.0,27.0
505,7,18,188.54,10.474444444444444,74,4.111111111111111,49.19,0.26089954386337116,43,18,10.474444444444444,0.0,0.0,Unknown,Unknown,Unknown,Unknown,Unknown,Unknown,Unknown,0.0,0.0,0,0.0,0.0,9.0,77.0,2.0,4.277777777777778
506,1,32,1254.17,39.1928125,57199,1787.46875,164.9,0.13148137812258306,340,28,44.791785714285716,0.0,0.0,Unknown,Unknown,Unknown,Unknown,Unknown,Unknown,Unknown,0.0,0.0,0,0.0,0.0,4.0,24.0,2.0,0.75
507,19,66,1455.43,22.0519696969697,35684,540.6666666666666,335.54,0.2305435507032286,388,61,23.85950819672131,0.0,0.0,Unknown,Unknown,Unknown,Unknown,Unknown,Unknown,Unknown,0.0,0.0,0,0.0,0.0,16.0,111.0,2.0,1.6818181818181819
508,19,55,1190.51,21.645636363636363,506,9.2,250.89,0.21074161493813576,290,49,24.29612244897959,0.0,0.0,Unknown,Unknown,Unknown,Unknown,Unknown,Unknown,Unknown,1.0,1.0,0,0.01818181818181818,0.0,12.0,99.0,2.0,1.8
509,144,16,277.14,17.32125,87,5.4375,19.41,0.0700368045031392,51,16,17.32125,0.0,0.0,Unknown,Unknown,Unknown,Unknown,Unknown,Unknown,Unknown,1.0,1.0,0,0.0625,0.0,8.0,93.0,2.0,5.8125
510,4,346,7903.36,22.84208092485549,378051,1092.6329479768785,1204.1,0.15235292331362862,1667,257,30.75237354085603,0.0,0.0,Age Group3,X,Level12,Homeowner,Group4,3,1,0.0,0.0,0,0.0,0.0,10.0,34.0,2.0,0.09826589595375723
511,0,373,5425.53,14.545656836461125,299378,802.6219839142091,1166.35,0.21497438959880416,637,272,19.946801470588234,0.0,0.0,Unknown,Unknown,Unknown,Unknown,Unknown,Unknown,Unknown,11.0,3.0,0,0.029490616621983913,0.0,19.0,191.0,2.0,0.5120643431635389
512,5,25,1114.44,44.577600000000004,25337,1013.48,288.57,0.2589372240766663,341,22,50.656363636363636,0.0,0.0,Unknown,Unknown,Unknown,Unknown,Unknown,Unknown,Unknown,6.0,3.0,0,0.24,0.0,16.0,118.0,2.0,4.72
513,6,161,12130.01,75.34167701863355,12100,75.15527950310559,2615.77,0.21564450482728373,901,156,77.75647435897436,0.0,0.0,Age Group4,Y,Level6,Homeowner,Group5,2,None/Unknown,0.0,0.0,0,0.0,0.0,12.0,93.0,2.0,0.577639751552795
514,12,66,2339.27,35.44348484848485,27156,411.45454545454544,247.12,0.10563979361082732,339,65,35.98876923076923,0.0,0.0,Unknown,Unknown,Unknown,Unknown,Unknown,Unknown,Unknown,6.0,2.0,0,0.09090909090909091,0.0,18.0,157.0,2.0,2.378787878787879
515,1,47,1826.73,38.86659574468085,1026,21.829787234042552,384.32,0.2103868661488014,552,43,42.482093023255814,0.0,0.0,Unknown,Unknown,Unknown,Unknown,Unknown,Unknown,Unknown,2.0,1.0,0,0.0425531914893617,0.0,15.0,100.0,2.0,2.127659574468085
516,5,17,295.23,17.366470588235295,104,6.117647058823529,33.28,0.11272567151034786,81,16,18.451875,0.0,0.0,Unknown,Unknown,Unknown,Unknown,Unknown,Unknown,Unknown,3.0,2.0,0,0.17647058823529413,0.0,12.0,119.0,2.0,7.0
517,7,105,3742.89,35.64657142857143,110801,1055.247619047619,557.46,0.14893838718209726,918,93,40.24612903225806,0.0,0.0,Unknown,Unknown,Unknown,Unknown,Unknown,Unknown,Unknown,0.0,0.0,0,0.0,0.0,8.0,44.0,2.0,0.41904761904761906
518,5,153,4926.37,32.19849673202614,23032,150.5359477124183,1111.04,0.22552914214726055,1074,137,35.95890510948905,5.0,0.032679738562091505,Age Group4,X,Level6,Homeowner,Group5,2,None/Unknown,7.0,3.0,1,0.0457516339869281,0.7142857142857143,16.0,158.0,2.0,1.0326797385620916
519,52,32,819.13,25.5978125,348,10.875,219.61,0.26810152234688023,256,32,25.5978125,0.0,0.0,Unknown,Unknown,Unknown,Unknown,Unknown,Unknown,Unknown,5.0,2.0,0,0.15625,0.0,17.0,169.0,2.0,5.28125
520,0,112,2071.15,18.492410714285715,4862,43.410714285714285,601.97,0.2906452936774256,494,102,20.305392156862744,0.0,0.0,Unknown,Unknown,Unknown,Unknown,Unknown,Unknown,Unknown,1.0,1.0,0,0.008928571428571428,0.0,13.0,105.0,2.0,0.9375
521,17,53,858.8000000000001,16.20377358490566,382,7.2075471698113205,105.84,0.12324173265020959,239,50,17.176000000000002,0.0,0.0,Unknown,Unknown,Unknown,Unknown,Unknown,Unknown,Unknown,1.0,1.0,0,0.018867924528301886,0.0,13.0,119.0,2.0,2.2452830188679247
522,220,3,29.340000000000003,9.780000000000001,7,2.3333333333333335,0.29,0.009884117246080435,8,3,9.780000000000001,0.0,0.0,Unknown,Unknown,Unknown,Unknown,Unknown,Unknown,Unknown,0.0,0.0,0,0.0,0.0,16.0,98.0,2.0,32.666666666666664
523,1,277,5731.87,20.692671480144405,441035,1592.1841155234656,598.06,0.10433942151514251,796,229,25.03,1.0,0.0036101083032490976,Age Group6,Z,Level4,Homeowner,Group2,1,None/Unknown,0.0,0.0,1,0.0,0.0,4.0,5.0,1.0,0.018050541516245487
524,17,72,1984.58,27.56361111111111,7602,105.58333333333333,666.72,0.33595017585584863,441,70,28.351142857142857,0.0,0.0,Unknown,Unknown,Unknown,Unknown,Unknown,Unknown,Unknown,2.0,1.0,0,0.027777777777777776,0.0,15.0,156.0,2.0,2.1666666666666665
525,27,40,902.77,22.56925,385,9.625,158.36,0.17541566511957643,242,36,25.076944444444443,0.0,0.0,Unknown,Unknown,Unknown,Unknown,Unknown,Unknown,Unknown,5.0,2.0,0,0.125,0.0,14.0,113.0,2.0,2.825
526,4,183,4574.92,24.999562841530054,301231,1646.0710382513662,605.23,0.13229302370314672,967,158,28.955189873417723,0.0,0.0,Age Group4,Y,Level5,Unknown,Group6,1,None/Unknown,0.0,0.0,0,0.0,0.0,13.0,92.0,2.0,0.5027322404371585
527,3,130,3581.52,27.550153846153847,1411,10.853846153846154,725.35,0.202525743259845,410,129,27.76372093023256,0.0,0.0,Age Group4,Y,Level5,Homeowner,Group3,1,None/Unknown,8.0,3.0,0,0.06153846153846154,0.0,15.0,168.0,2.0,1.2923076923076924
528,6,17,373.83,21.99,176,10.352941176470589,40.0,0.10700050825241421,125,15,24.922,0.0,0.0,Unknown,Unknown,Unknown,Unknown,Unknown,Unknown,Unknown,3.0,2.0,0,0.17647058823529413,0.0,9.0,107.0,2.0,6.294117647058823
529,18,56,1831.14,32.698928571428574,968,17.285714285714285,388.24,0.21202092685430934,511,44,41.61681818181818,0.0,0.0,Unknown,Unknown,Unknown,Unknown,Unknown,Unknown,Unknown,0.0,0.0,0,0.0,0.0,8.0,64.0,2.0,1.1428571428571428
530,20,53,1476.22,27.853207547169813,6251,117.94339622641509,167.05,0.1131606400130062,377,52,28.388846153846153,0.0,0.0,Unknown,Unknown,Unknown,Unknown,Unknown,Unknown,Unknown,2.0,2.0,0,0.03773584905660377,0.0,13.0,114.0,2.0,2.150943396226415
531,0,40,1060.64,26.516000000000002,451,11.275,318.73,0.300507240911148,231,40,26.516000000000002,0.0,0.0,Unknown,Unknown,Unknown,Unknown,Unknown,Unknown,Unknown,1.0,1.0,0,0.025,0.0,16.0,129.0,2.0,3.225
532,62,23,401.88,17.47304347826087,155,6.739130434782608,38.7,0.09629740220961482,102,20,20.094,0.0,0.0,Unknown,Unknown,Unknown,Unknown,Unknown,Unknown,Unknown,0.0,0.0,0,0.0,0.0,11.0,86.0,2.0,3.739130434782609
533,19,64,2792.87,43.63859375,1364,21.3125,513.7,0.18393265708751216,576,58,48.152931034482755,0.0,0.0,Unknown,Unknown,Unknown,Unknown,Unknown,Unknown,Unknown,0.0,0.0,0,0.0,0.0,9.0,54.0,2.0,0.84375
534,2,465,1315.44,2.8289032258064517,25829,55.546236559139786,178.11,0.13539956212370005,440,339,3.880353982300885,0.0,0.0,Age Group4,Y,Level4,Unknown,Group2,1,None/Unknown,2.0,1.0,0,0.004301075268817204,0.0,11.0,128.0,2.0,0.2752688172043011
535,79,34,1308.76,38.49294117647059,529,15.558823529411764,526.1,0.4019835569546747,311,30,43.62533333333333,0.0,0.0,Unknown,Unknown,Unknown,Unknown,Unknown,Unknown,Unknown,3.0,2.0,0,0.08823529411764706,0.0,12.0,108.0,2.0,3.176470588235294
536,2,87,1557.13,17.898045977011495,4423,50.839080459770116,443.5,0.2848188654768709,500,76,20.488552631578948,0.0,0.0,Unknown,Unknown,Unknown,Unknown,Unknown,Unknown,Unknown,0.0,0.0,0,0.0,0.0,9.0,104.0,2.0,1.1954022988505748
537,37,45,1411.25,31.36111111111111,498,11.066666666666666,197.05,0.1396279893711249,322,42,33.601190476190474,0.0,0.0,Unknown,Unknown,Unknown,Unknown,Unknown,Unknown,Unknown,4.0,2.0,0,0.08888888888888889,0.0,16.0,113.0,2.0,2.511111111111111
538,7,69,4382.21,63.510289855072465,28162,408.1449275362319,552.72,0.12612814082392218,777,65,67.41861538461538,0.0,0.0,Unknown,Unknown,Unknown,Unknown,Unknown,Unknown,Unknown,1.0,1.0,0,0.014492753623188406,0.0,13.0,94.0,2.0,1.3623188405797102
539,0,65,1269.09,19.524461538461537,121909,1875.5230769230768,309.08,0.24354458706632312,208,47,27.00191489361702,0.0,0.0,Unknown,Unknown,Unknown,Unknown,Unknown,Unknown,Unknown,3.0,2.0,0,0.046153846153846156,0.0,13.0,163.0,2.0,2.5076923076923077
540,4,93,3280.73,35.276666666666664,81688,878.3655913978495,434.42,0.1324156513946591,503,84,39.056309523809524,0.0,0.0,Age Group2,Z,Level5,Homeowner,Group3,1,None/Unknown,0.0,0.0,0,0.0,0.0,12.0,86.0,2.0,0.9247311827956989
541,20,47,1784.19,37.96148936170213,30803,655.3829787234042,388.38,0.21767861046189027,470,43,41.49279069767442,0.0,0.0,Unknown,Unknown,Unknown,Unknown,Unknown,Unknown,Unknown,2.0,2.0,0,0.0425531914893617,0.0,15.0,142.0,2.0,3.021276595744681
542,19,123,2313.52,18.80910569105691,95625,777.439024390244,541.54,0.23407621287043118,595,114,20.294035087719298,0.0,0.0,Age Group2,Y,Level4,Unknown,Group3,1,None/Unknown,1.0,1.0,0,0.008130081300813009,0.0,16.0,112.0,2.0,0.9105691056910569
543,0,104,3697.55,35.55336538461539,1997,19.201923076923077,475.36,0.12856080377547294,394,96,38.51614583333333,0.0,0.0,Age Group3,X,Level4,Probable Owner,Group1,3,1,2.0,1.0,0,0.019230769230769232,0.0,12.0,133.0,2.0,1.2788461538461537
544,27,131,1594.85,12.17442748091603,14764,112.70229007633588,303.96,0.19058845659466409,528,89,17.919662921348312,0.0,0.0,Unknown,Unknown,Unknown,Unknown,Unknown,Unknown,Unknown,4.0,2.0,0,0.030534351145038167,0.0,12.0,80.0,2.0,0.6106870229007634
545,3,56,2660.28,47.505,16574,295.9642857142857,463.08,0.17407190220578284,694,55,48.36872727272728,7.0,0.125,Unknown,Unknown,Unknown,Unknown,Unknown,Unknown,Unknown,3.0,2.0,1,0.05357142857142857,2.3333333333333335,15.0,122.0,2.0,2.1785714285714284
546,78,122,3339.0,27.368852459016395,240539,1971.6311475409836,828.22,0.24804432464809825,381,101,33.05940594059406,2.0,0.01639344262295082,Age Group4,Y,Level5,Unknown,Group5,2,None/Unknown,3.0,1.0,1,0.02459016393442623,0.6666666666666666,16.0,151.0,2.0,1.2377049180327868
547,6,55,1676.76,30.486545454545453,6705,121.9090909090909,354.83,0.21161645077411198,548,47,35.67574468085106,0.0,0.0,Unknown,Unknown,Unknown,Unknown,Unknown,Unknown,Unknown,3.0,1.0,0,0.05454545454545454,0.0,12.0,98.0,2.0,1.7818181818181817
548,27,93,4255.83,45.7616129032258,50085,538.5483870967741,882.22,0.2072968140174772,939,87,48.91758620689655,0.0,0.0,Age Group3,Z,Level6,Homeowner,Group5,2,None/Unknown,0.0,0.0,0,0.0,0.0,15.0,118.0,2.0,1.2688172043010753
549,1,98,2299.35,23.462755102040816,956,9.755102040816327,369.25,0.16058886206971537,343,78,29.478846153846153,0.0,0.0,Unknown,Unknown,Unknown,Unknown,Unknown,Unknown,Unknown,5.0,2.0,0,0.05102040816326531,0.0,18.0,166.0,2.0,1.6938775510204083
550,0,39,854.91,21.92076923076923,424,10.871794871794872,194.58,0.22760290556900728,206,37,23.105675675675673,0.0,0.0,Unknown,Unknown,Unknown,Unknown,Unknown,Unknown,Unknown,1.0,1.0,0,0.02564102564102564,0.0,10.0,91.0,2.0,2.3333333333333335
551,12,52,853.65,16.416346153846153,354,6.8076923076923075,239.76,0.2808645229309436,216,49,17.42142857142857,0.0,0.0,Unknown,Unknown,Unknown,Unknown,Unknown,Unknown,Unknown,0.0,0.0,0,0.0,0.0,9.0,82.0,2.0,1.5769230769230769
552,7,44,2289.47,52.03340909090909,1305,29.65909090909091,679.07,0.2966057646529547,539,39,58.70435897435897,0.0,0.0,Unknown,Unknown,Unknown,Unknown,Unknown,Unknown,Unknown,0.0,0.0,0,0.0,0.0,10.0,88.0,2.0,2.0
553,0,265,7259.09,27.39279245283019,86504,326.4301886792453,1125.02,0.15498085848226154,1460,235,30.889744680851063,0.0,0.0,Age Group4,Y,Level6,Homeowner,Group5,2,None/Unknown,0.0,0.0,0,0.0,0.0,10.0,94.0,2.0,0.35471698113207545
554,16,21,1524.33,72.58714285714285,596,28.38095238095238,166.79,0.10941856422165804,396,21,72.58714285714285,0.0,0.0,Unknown,Unknown,Unknown,Unknown,Unknown,Unknown,Unknown,8.0,3.0,0,0.38095238095238093,0.0,16.0,200.0,2.0,9.523809523809524
555,110,21,561.03,26.715714285714284,187,8.904761904761905,63.14,0.11254300126552948,108,21,26.715714285714284,0.0,0.0,Unknown,Unknown,Unknown,Unknown,Unknown,Unknown,Unknown,0.0,0.0,0,0.0,0.0,12.0,121.0,2.0,5.761904761904762
556,43,15,693.86,46.257333333333335,103601,6906.733333333334,111.04,0.16003228316951548,147,15,46.257333333333335,0.0,0.0,Unknown,Unknown,Unknown,Unknown,Unknown,Unknown,Unknown,0.0,0.0,0,0.0,0.0,8.0,55.0,2.0,3.6666666666666665
557,28,29,718.46,24.774482758620692,10402,358.6896551724138,115.73,0.1610806447123013,222,29,24.774482758620692,0.0,0.0,Unknown,Unknown,Unknown,Unknown,Unknown,Unknown,Unknown,0.0,0.0,0,0.0,0.0,10.0,69.0,2.0,2.3793103448275863
558,7,115,2426.35,21.098695652173912,1075,9.347826086956522,370.15,0.15255424815051413,493,104,23.330288461538462,0.0,0.0,Unknown,Unknown,Unknown,Unknown,Unknown,Unknown,Unknown,0.0,0.0,0,0.0,0.0,10.0,103.0,2.0,0.8956521739130435
559,222,27,249.34,9.234814814814815,102,3.7777777777777777,140.88,0.5650116307050613,80,24,10.389166666666666,0.0,0.0,Unknown,Unknown,Unknown,Unknown,Unknown,Unknown,Unknown,4.0,2.0,0,0.14814814814814814,0.0,10.0,107.0,2.0,3.962962962962963
560,0,326,7290.9,22.364723926380368,443519,1360.4877300613498,984.36,0.1350121384191252,1378,258,28.259302325581395,3.0,0.009202453987730062,Age Group1,Y,Level4,Unknown,Group5,2,None/Unknown,0.0,0.0,1,0.0,0.0,7.0,48.0,2.0,0.147239263803681
561,10,26,1404.3600000000001,54.01384615384616,29819,1146.8846153846155,276.85,0.1971360619784101,285,26,54.01384615384616,0.0,0.0,Unknown,Unknown,Unknown,Unknown,Unknown,Unknown,Unknown,8.0,3.0,0,0.3076923076923077,0.0,18.0,191.0,2.0,7.346153846153846
562,16,79,3178.11,40.22924050632911,31356,396.9113924050633,600.64,0.1889928290713663,475,75,42.3748,0.0,0.0,Unknown,Unknown,Unknown,Unknown,Unknown,Unknown,Unknown,0.0,0.0,0,0.0,0.0,14.0,99.0,2.0,1.2531645569620253
563,4,72,2488.77,34.56625,146907,2040.375,407.26,0.1636390666875605,614,59,42.18254237288136,0.0,0.0,Unknown,Unknown,Unknown,Unknown,Unknown,Unknown,Unknown,2.0,1.0,0,0.027777777777777776,0.0,14.0,136.0,2.0,1.8888888888888888
564,2,52,842.45,16.200961538461538,26544,510.46153846153845,114.36,0.1357469286011039,228,49,17.192857142857143,0.0,0.0,Unknown,Unknown,Unknown,Unknown,Unknown,Unknown,Unknown,1.0,1.0,0,0.019230769230769232,0.0,18.0,152.0,2.0,2.923076923076923
565,4,21,498.06,23.717142857142857,165,7.857142857142857,47.04,0.09444645223467052,122,21,23.717142857142857,0.0,0.0,Unknown,Unknown,Unknown,Unknown,Unknown,Unknown,Unknown,0.0,0.0,0,0.0,0.0,15.0,101.0,2.0,4.809523809523809
566,0,146,1218.08,8.343013698630136,61245,419.486301369863,215.63,0.17702449756994615,345,95,12.821894736842104,0.0,0.0,Unknown,Unknown,Unknown,Unknown,Unknown,Unknown,Unknown,0.0,0.0,0,0.0,0.0,10.0,58.0,2.0,0.3972602739726027
567,0,254,3134.9,12.342125984251968,25432,100.1259842519685,610.53,0.1947526236881559,612,218,14.380275229357798,0.0,0.0,Age Group1,Y,Level3,Unknown,Group2,1,None/Unknown,1.0,1.0,0,0.003937007874015748,0.0,14.0,110.0,2.0,0.4330708661417323
568,1,180,8612.85,47.84916666666667,4351,24.17222222222222,1292.2,0.15003163877229952,1382,141,61.084042553191495,0.0,0.0,Unknown,Unknown,Unknown,Unknown,Unknown,Unknown,Unknown,4.0,2.0,0,0.022222222222222223,0.0,17.0,136.0,2.0,0.7555555555555555
569,1,102,6749.1900000000005,66.16852941176471,66819,655.0882352941177,490.72,0.07270798421736534,962,98,68.86928571428572,0.0,0.0,Age Group3,X,Level12,Homeowner,Group4,3,1,7.0,2.0,0,0.06862745098039216,0.0,17.0,160.0,2.0,1.5686274509803921
570,0,35,1400.1100000000001,40.00314285714286,597,17.057142857142857,436.14,0.3115040961067344,303,32,43.753437500000004,0.0,0.0,Unknown,Unknown,Unknown,Unknown,Unknown,Unknown,Unknown,7.0,2.0,0,0.2,0.0,19.0,184.0,2.0,5.257142857142857
571,106,16,1114.16,69.635,13449,840.5625,121.56,0.10910461693114094,271,14,79.58285714285715,0.0,0.0,Unknown,Unknown,Unknown,Unknown,Unknown,Unknown,Unknown,1.0,1.0,0,0.0625,0.0,11.0,103.0,2.0,6.4375
572,195,45,903.15,20.07,3356,74.57777777777778,175.89,0.19475170237502076,282,33,27.368181818181817,0.0,0.0,Unknown,Unknown,Unknown,Unknown,Unknown,Unknown,Unknown,0.0,0.0,0,0.0,0.0,13.0,101.0,2.0,2.2444444444444445
573,15,102,3111.55,30.505392156862747,100078,981.156862745098,476.7,0.1532033873792804,532,99,31.429797979797982,3.0,0.029411764705882353,Unknown,Unknown,Unknown,Unknown,Unknown,Unknown,Unknown,2.0,1.0,1,0.0196078431372549,1.5,13.0,95.0,2.0,0.9313725490196079
574,0,120,6753.54,56.2795,180763,1506.3583333333333,1650.52,0.24439331076739013,1132,112,60.299464285714286,25.0,0.20833333333333334,Age Group3,X,Level6,Homeowner,Group4,3,1,3.0,2.0,1,0.025,8.333333333333334,13.0,146.0,2.0,1.2166666666666666
575,0,356,11771.13,33.064971910112355,353578,993.1966292134831,1698.71,0.14431154867884394,1665,286,41.1577972027972,0.0,0.0,Age Group3,Y,Level5,Unknown,Group3,1,None/Unknown,9.0,3.0,0,0.025280898876404494,0.0,15.0,147.0,2.0,0.41292134831460675
576,32,167,3750.12,22.45580838323353,35350,211.67664670658684,502.9,0.13410237539065417,718,138,27.17478260869565,0.0,0.0,Age Group5,X,Level4,Homeowner,Group2,2,None/Unknown,9.0,2.0,0,0.05389221556886228,0.0,20.0,200.0,2.0,1.1976047904191616
577,4,39,4399.53,112.80846153846153,1585,40.64102564102564,472.5,0.10739783567790197,807,37,118.90621621621621,1.0,0.02564102564102564,Unknown,Unknown,Unknown,Unknown,Unknown,Unknown,Unknown,9.0,3.0,1,0.23076923076923078,0.1111111111111111,18.0,168.0,2.0,4.3076923076923075
578,7,117,2996.69,25.612735042735043,16019,136.9145299145299,443.93,0.14814011459310106,696,107,28.00644859813084,0.0,0.0,Age Group2,Y,Level5,Unknown,Group2,1,None/Unknown,1.0,1.0,0,0.008547008547008548,0.0,16.0,171.0,2.0,1.4615384615384615
579,6,23,435.26,18.924347826086954,13547,589.0,183.08,0.42062215687175486,111,23,18.924347826086954,0.0,0.0,Unknown,Unknown,Unknown,Unknown,Unknown,Unknown,Unknown,3.0,2.0,0,0.13043478260869565,0.0,15.0,156.0,2.0,6.782608695652174
580,5,98,1337.7,13.65,7546,77.0,168.79,0.12617926291395679,173,91,14.700000000000001,0.0,0.0,Unknown,Unknown,Unknown,Unknown,Unknown,Unknown,Unknown,0.0,0.0,0,0.0,0.0,9.0,48.0,2.0,0.4897959183673469
581,11,146,5060.44,34.66054794520548,19216,131.6164383561644,1250.01,0.2470160697488756,936,129,39.22821705426356,1.0,0.00684931506849315,Unknown,Unknown,Unknown,Unknown,Unknown,Unknown,Unknown,2.0,1.0,1,0.0136986301369863,0.5,13.0,68.0,2.0,0.4657534246575342
582,2,142,5137.74,36.1812676056338,110458,777.8732394366198,702.31,0.13669629058691174,822,132,38.92227272727273,0.0,0.0,Age Group4,X,Level8,Homeowner,Group6,3,1,3.0,2.0,0,0.02112676056338028,0.0,15.0,157.0,2.0,1.1056338028169015
583,21,156,3063.34,19.636794871794873,1243,7.967948717948718,499.08,0.16292021127266315,629,134,22.86074626865672,0.0,0.0,Age Group3,Z,Level2,Unknown,Group3,1,None/Unknown,3.0,1.0,0,0.019230769230769232,0.0,19.0,163.0,2.0,1.044871794871795
584,176,56,1098.3,19.6125,119873,2140.589285714286,106.27,0.09675862696895202,167,44,24.961363636363636,0.0,0.0,Unknown,Unknown,Unknown,Unknown,Unknown,Unknown,Unknown,6.0,2.0,0,0.10714285714285714,0.0,14.0,143.0,2.0,2.5535714285714284
585,21,42,805.07,19.168333333333333,14218,338.5238095238095,281.73,0.34994472530338977,235,40,20.12675,0.0,0.0,Unknown,Unknown,Unknown,Unknown,Unknown,Unknown,Unknown,1.0,1.0,0,0.023809523809523808,0.0,10.0,70.0,2.0,1.6666666666666667
586,0,211,5822.64,27.595450236966826,236900,1122.7488151658767,865.19,0.1485906736463185,1063,175,33.27222857142857,0.0,0.0,Age Group1,X,Level4,Renter,Group4,3,1,0.0,0.0,0,0.0,0.0,12.0,81.0,2.0,0.38388625592417064
587,0,27,247.93,9.182592592592593,7997,296.18518518518516,58.410000000000004,0.23559069092082444,92,27,9.182592592592593,0.0,0.0,Unknown,Unknown,Unknown,Unknown,Unknown,Unknown,Unknown,8.0,3.0,0,0.2962962962962963,0.0,14.0,156.0,2.0,5.777777777777778
588,1,262,9540.54,36.41427480916031,726704,2773.679389312977,1238.6,0.12982493653399071,1456,211,45.21582938388626,22.0,0.08396946564885496,Age Group3,X,Level5,Homeowner,Group4,5+,3+,0.0,0.0,1,0.0,0.0,7.0,50.0,2.0,0.19083969465648856
589,19,17,298.97,17.586470588235297,139,8.176470588235293,69.36,0.23199652139010601,93,16,18.685625,0.0,0.0,Unknown,Unknown,Unknown,Unknown,Unknown,Unknown,Unknown,10.0,3.0,0,0.5882352941176471,0.0,19.0,189.0,2.0,11.117647058823529
590,3,134,3338.41,24.913507462686567,1549,11.559701492537313,680.76,0.20391743374840118,589,118,28.291610169491523,0.0,0.0,Unknown,Unknown,Unknown,Unknown,Unknown,Unknown,Unknown,0.0,0.0,0,0.0,0.0,8.0,53.0,2.0,0.39552238805970147
591,0,325,13534.93,41.645938461538464,90688,279.04,2196.55,0.16228750351867355,1733,257,52.66509727626459,0.0,0.0,Unknown,Unknown,Unknown,Unknown,Unknown,Unknown,Unknown,0.0,0.0,0,0.0,0.0,10.0,131.0,2.0,0.40307692307692305
592,53,34,660.79,19.435,313,9.205882352941176,155.04,0.23462824800617443,220,32,20.6496875,0.0,0.0,Unknown,Unknown,Unknown,Unknown,Unknown,Unknown,Unknown,8.0,3.0,0,0.23529411764705882,0.0,19.0,197.0,2.0,5.794117647058823
593,20,57,646.4,11.340350877192982,14547,255.21052631578948,116.98,0.18097153465346535,226,54,11.97037037037037,0.0,0.0,Age Group3,Y,Level4,Unknown,Group2,1,None/Unknown,0.0,0.0,0,0.0,0.0,11.0,92.0,2.0,1.6140350877192982
594,6,104,2421.39,23.282596153846153,38297,368.24038461538464,757.34,0.31277076390007397,600,83,29.1733734939759,0.0,0.0,Unknown,Unknown,Unknown,Unknown,Unknown,Unknown,Unknown,0.0,0.0,0,0.0,0.0,10.0,95.0,2.0,0.9134615384615384
595,2,146,2373.7400000000002,16.258493150684934,1155,7.910958904109589,560.52,0.23613369619250632,676,128,18.544843750000002,0.0,0.0,Age Group2,Y,Level4,Unknown,Group4,3,1,3.0,1.0,0,0.02054794520547945,0.0,12.0,131.0,2.0,0.8972602739726028
596,0,113,2996.37,26.51654867256637,5583,49.4070796460177,345.12,0.11517936703411127,456,104,28.811249999999998,1.0,0.008849557522123894,Age Group4,X,Level2,Homeowner,Group1,3,1,5.0,2.0,1,0.04424778761061947,0.2,12.0,142.0,2.0,1.2566371681415929
597,3,100,3826.25,38.2625,1874,18.74,663.75,0.17347272133289773,984,94,40.704787234042556,0.0,0.0,Age Group1,Y,Level1,Unknown,Group1,2,1,4.0,2.0,0,0.04,0.0,16.0,125.0,2.0,1.25
598,1,213,3354.9,15.750704225352113,83532,392.16901408450707,528.01,0.15738472085606128,551,165,20.332727272727272,0.0,0.0,Age Group3,Z,Level3,Unknown,Group3,1,None/Unknown,3.0,2.0,0,0.014084507042253521,0.0,14.0,153.0,2.0,0.7183098591549296
599,67,5,357.78000000000003,71.55600000000001,143,28.6,37.25,0.10411426015987478,116,5,71.55600000000001,0.0,0.0,Unknown,Unknown,Unknown,Unknown,Unknown,Unknown,Unknown,7.0,2.0,0,1.4,0.0,16.0,134.0,2.0,26.8
600,0,166,5520.3,33.25481927710843,324946,1957.5060240963855,1365.28,0.24731989203485316,766,128,43.12734375,5.0,0.030120481927710843,Unknown,Unknown,Unknown,Unknown,Unknown,Unknown,Unknown,0.0,0.0,1,0.0,0.0,8.0,63.0,2.0,0.3795180722891566
601,1,79,5241.27,66.34518987341772,225665,2856.518987341772,768.53,0.14663049222802868,880,72,72.79541666666667,0.0,0.0,Age Group3,X,Level7,Homeowner,Group4,4,2,7.0,3.0,0,0.08860759493670886,0.0,14.0,154.0,2.0,1.9493670886075949
602,34,53,1850.07,34.90698113207547,145602,2747.2075471698113,282.5,0.15269692498121692,347,39,47.43769230769231,0.0,0.0,Unknown,Unknown,Unknown,Unknown,Unknown,Unknown,Unknown,6.0,2.0,0,0.11320754716981132,0.0,16.0,155.0,2.0,2.9245283018867925
603,1,182,3219.5,17.689560439560438,239358,1315.1538461538462,612.92,0.19037738779313557,760,129,24.95736434108527,0.0,0.0,Unknown,Unknown,Unknown,Unknown,Unknown,Unknown,Unknown,0.0,0.0,0,0.0,0.0,14.0,99.0,2.0,0.5439560439560439
604,0,56,2311.65,41.27946428571429,919,16.410714285714285,290.55,0.12568944260593082,356,53,43.616037735849055,0.0,0.0,Unknown,Unknown,Unknown,Unknown,Unknown,Unknown,Unknown,5.0,1.0,0,0.08928571428571429,0.0,16.0,143.0,2.0,2.5535714285714284
605,3,128,5856.38,45.75296875,470343,3674.5546875,837.13,0.1429432516332615,948,111,52.76018018018018,8.0,0.0625,Age Group2,X,Level6,Homeowner,Group4,4,2,1.0,1.0,1,0.0078125,8.0,10.0,106.0,2.0,0.828125
606,3,97,3323.12,34.258969072164945,29294,302.0,465.01,0.13993175088471074,762,88,37.76272727272727,0.0,0.0,Age Group4,Y,Level4,Probable Renter,Group6,1,None/Unknown,6.0,2.0,0,0.061855670103092786,0.0,16.0,155.0,2.0,1.597938144329897
607,5,216,3203.01,14.828750000000001,152779,707.3101851851852,1109.23,0.3463086284463676,738,159,20.144716981132078,0.0,0.0,Age Group4,Y,Level8,Unknown,Group6,1,None/Unknown,3.0,2.0,0,0.013888888888888888,0.0,14.0,151.0,2.0,0.6990740740740741
608,0,217,5148.9800000000005,23.728018433179727,2119,9.764976958525345,653.42,0.12690280405051096,795,180,28.605444444444448,0.0,0.0,Age Group2,Z,Level3,Renter,Group1,5+,3+,3.0,1.0,0,0.013824884792626729,0.0,17.0,141.0,2.0,0.6497695852534562
609,0,162,1665.89,10.283271604938273,55430,342.1604938271605,358.37,0.21512224696708665,421,141,11.814822695035462,0.0,0.0,Age Group4,Y,Level5,Unknown,Group6,1,None/Unknown,7.0,2.0,0,0.043209876543209874,0.0,16.0,159.0,2.0,0.9814814814814815
610,35,24,573.0600000000001,23.8775,375,15.625,144.61,0.2523470491746065,212,20,28.653000000000002,0.0,0.0,Unknown,Unknown,Unknown,Unknown,Unknown,Unknown,Unknown,4.0,1.0,0,0.16666666666666666,0.0,15.0,102.0,2.0,4.25
611,2,73,2316.24,31.729315068493147,280680,3844.931506849315,567.57,0.24503937415811838,393,69,33.56869565217391,0.0,0.0,Unknown,Unknown,Unknown,Unknown,Unknown,Unknown,Unknown,0.0,0.0,0,0.0,0.0,8.0,67.0,2.0,0.9178082191780822
612,0,144,3978.7200000000003,27.630000000000003,214884,1492.25,674.73,0.16958469055374592,635,121,32.881983471074385,0.0,0.0,Unknown,Unknown,Unknown,Unknown,Unknown,Unknown,Unknown,0.0,0.0,0,0.0,0.0,13.0,111.0,2.0,0.7708333333333334
613,11,11,347.31,31.573636363636364,229,20.818181818181817,108.5,0.31240102502087475,141,8,43.41375,0.0,0.0,Unknown,Unknown,Unknown,Unknown,Unknown,Unknown,Unknown,3.0,2.0,0,0.2727272727272727,0.0,14.0,119.0,2.0,10.818181818181818
614,3,122,2757.2400000000002,22.60032786885246,1621,13.28688524590164,617.73,0.2240392566479523,511,118,23.366440677966104,0.0,0.0,Age Group3,X,Level2,Unknown,Group4,4,2,0.0,0.0,0,0.0,0.0,8.0,63.0,2.0,0.5163934426229508
615,13,24,346.4,14.433333333333332,38621,1609.2083333333333,94.99,0.27422055427251735,95,23,15.06086956521739,0.0,0.0,Unknown,Unknown,Unknown,Unknown,Unknown,Unknown,Unknown,6.0,2.0,0,0.25,0.0,12.0,105.0,2.0,4.375
616,9,10,476.14,47.614,294,29.4,163.92,0.34426849246020075,209,9,52.904444444444444,0.0,0.0,Unknown,Unknown,Unknown,Unknown,Unknown,Unknown,Unknown,0.0,0.0,0,0.0,0.0,11.0,59.0,2.0,5.9
617,19,27,1315.54,48.723703703703706,597,22.11111111111111,231.09,0.1756617054593551,363,27,48.723703703703706,0.0,0.0,Unknown,Unknown,Unknown,Unknown,Unknown,Unknown,Unknown,0.0,0.0,0,0.0,0.0,9.0,75.0,2.0,2.7777777777777777
618,1,544,7343.87,13.499761029411765,730611,1343.0349264705883,983.96,0.1339838532000158,1039,297,24.726835016835018,0.0,0.0,Unknown,Unknown,Unknown,Unknown,Unknown,Unknown,Unknown,0.0,0.0,0,0.0,0.0,11.0,116.0,2.0,0.21323529411764705
619,106,5,168.98,33.796,75,15.0,37.63,0.22268907563025214,50,5,33.796,0.0,0.0,Unknown,Unknown,Unknown,Unknown,Unknown,Unknown,Unknown,6.0,3.0,0,1.2,0.0,17.0,166.0,2.0,33.2
620,140,19,304.98,16.051578947368423,18285,962.3684210526316,47.29,0.1550593481539773,99,17,17.94,0.0,0.0,Unknown,Unknown,Unknown,Unknown,Unknown,Unknown,Unknown,0.0,0.0,0,0.0,0.0,4.0,38.0,2.0,2.0
621,1,142,3179.15,22.388380281690143,1220,8.591549295774648,432.99,0.13619678215875314,452,138,23.03731884057971,0.0,0.0,Age Group4,Y,Level4,Unknown,Group2,1,None/Unknown,0.0,0.0,0,0.0,0.0,11.0,56.0,2.0,0.39436619718309857
622,1,147,2384.37,16.22020408163265,4706,32.01360544217687,365.77,0.15340320503948632,525,136,17.532132352941176,0.0,0.0,Age Group3,Y,Level2,Unknown,Group3,1,None/Unknown,2.0,1.0,0,0.013605442176870748,0.0,11.0,103.0,2.0,0.7006802721088435
623,0,124,3899.16,31.44483870967742,114011,919.4435483870968,945.93,0.24259840581048225,579,99,39.38545454545454,0.0,0.0,Age Group4,X,Level4,Homeowner,Group4,3,1,5.0,2.0,0,0.04032258064516129,0.0,14.0,129.0,2.0,1.0403225806451613
624,6,160,6003.47,37.5216875,287307,1795.66875,1567.01,0.26101737828289306,956,136,44.14316176470589,0.0,0.0,Age Group4,Y,Level5,Unknown,Group6,1,None/Unknown,5.0,2.0,0,0.03125,0.0,16.0,135.0,2.0,0.84375
625,2,34,1233.92,36.29176470588236,3498,102.88235294117646,324.37,0.26287765819502074,395,33,37.39151515151515,0.0,0.0,Unknown,Unknown,Unknown,Unknown,Unknown,Unknown,Unknown,5.0,1.0,0,0.14705882352941177,0.0,13.0,143.0,2.0,4.205882352941177
626,12,25,649.33,25.973200000000002,650,26.0,128.6,0.19805029799947635,260,22,29.515,0.0,0.0,Unknown,Unknown,Unknown,Unknown,Unknown,Unknown,Unknown,0.0,0.0,0,0.0,0.0,13.0,113.0,2.0,4.52
627,4,45,1785.46,39.67688888888889,41370,919.3333333333334,172.09,0.09638412509941416,318,43,41.52232558139535,0.0,0.0,Unknown,Unknown,Unknown,Unknown,Unknown,Unknown,Unknown,0.0,0.0,0,0.0,0.0,7.0,68.0,2.0,1.511111111111111
628,4,18,1147.99,63.77722222222222,358,19.88888888888889,150.92,0.13146455979581703,267,18,63.77722222222222,0.0,0.0,Unknown,Unknown,Unknown,Unknown,Unknown,Unknown,Unknown,0.0,0.0,0,0.0,0.0,15.0,106.0,2.0,5.888888888888889
629,81,27,377.49,13.981111111111112,10175,376.85185185185185,64.0,0.16954091499112559,119,26,14.518846153846154,0.0,0.0,Unknown,Unknown,Unknown,Unknown,Unknown,Unknown,Unknown,0.0,0.0,0,0.0,0.0,9.0,104.0,2.0,3.8518518518518516
630,0,206,7746.27,37.603252427184465,865694,4202.398058252427,2688.38,0.3470547760405976,811,179,43.275251396648045,7.0,0.03398058252427184,Age Group3,X,Level4,Homeowner,Group4,3,1,0.0,0.0,1,0.0,0.0,11.0,69.0,2.0,0.33495145631067963
631,0,483,9277.72,19.208530020703932,823814,1705.6190476190477,1482.19,0.15975800088814926,962,381,24.350971128608922,1.0,0.002070393374741201,Age Group6,X,Level7,Homeowner,Group4,3,1,6.0,2.0,1,0.012422360248447204,0.16666666666666666,14.0,144.0,2.0,0.2981366459627329
632,2,94,3370.68,35.85829787234042,168983,1797.6914893617022,767.26,0.22762765970071322,815,84,40.12714285714286,0.0,0.0,Unknown,Unknown,Unknown,Unknown,Unknown,Unknown,Unknown,5.0,1.0,0,0.05319148936170213,0.0,19.0,183.0,2.0,1.946808510638298
633,0,167,5493.89,32.89754491017964,239605,1434.7604790419161,1192.25,0.21701380988698352,867,127,43.258976377952756,0.0,0.0,Unknown,Unknown,Unknown,Unknown,Unknown,Unknown,Unknown,2.0,1.0,0,0.011976047904191617,0.0,16.0,162.0,2.0,0.9700598802395209
634,242,35,1555.15,44.432857142857145,620,17.714285714285715,258.36,0.166131884384143,346,34,45.73970588235294,0.0,0.0,Unknown,Unknown,Unknown,Unknown,Unknown,Unknown,Unknown,2.0,1.0,0,0.05714285714285714,0.0,15.0,152.0,2.0,4.3428571428571425
635,56,34,362.9,10.673529411764704,153,4.5,138.8,0.38247451088454126,82,31,11.706451612903225,0.0,0.0,Unknown,Unknown,Unknown,Unknown,Unknown,Unknown,Unknown,3.0,2.0,0,0.08823529411764706,0.0,11.0,98.0,2.0,2.8823529411764706
636,1,227,9045.17,39.846563876651985,95781,421.942731277533,2257.64,0.24959619332748859,1538,204,44.33906862745098,4.0,0.01762114537444934,Unknown,Unknown,Unknown,Unknown,Unknown,Unknown,Unknown,1.0,1.0,1,0.004405286343612335,4.0,7.0,42.0,2.0,0.18502202643171806
637,3,113,2510.04,22.21274336283186,6404,56.67256637168141,669.38,0.2666810090675846,560,95,26.421473684210525,0.0,0.0,Unknown,Unknown,Unknown,Unknown,Unknown,Unknown,Unknown,10.0,3.0,0,0.08849557522123894,0.0,21.0,183.0,2.0,1.6194690265486726
638,4,164,8039.29,49.02006097560976,660850,4029.5731707317073,1055.08,0.13124044536271237,1016,136,59.11242647058823,0.0,0.0,Unknown,Unknown,Unknown,Unknown,Unknown,Unknown,Unknown,7.0,2.0,0,0.042682926829268296,0.0,10.0,127.0,2.0,0.774390243902439
639,91,79,759.83,9.618101265822785,388,4.9113924050632916,130.66,0.17195951726043981,216,66,11.512575757575759,0.0,0.0,Unknown,Unknown,Unknown,Unknown,Unknown,Unknown,Unknown,4.0,2.0,0,0.05063291139240506,0.0,21.0,181.0,2.0,2.2911392405063293
640,31,92,2253.25,24.491847826086957,91913,999.054347826087,530.13,0.2352734938422279,589,81,27.817901234567902,0.0,0.0,Unknown,Unknown,Unknown,Unknown,Unknown,Unknown,Unknown,1.0,1.0,0,0.010869565217391304,0.0,8.0,76.0,2.0,0.8260869565217391
641,2,355,13221.75,37.2443661971831,5376,15.143661971830985,2324.52,0.17581031255317942,1900,288,45.908854166666664,1.0,0.0028169014084507044,Unknown,Unknown,Unknown,Unknown,Unknown,Unknown,Unknown,3.0,1.0,1,0.008450704225352112,0.3333333333333333,13.0,119.0,2.0,0.3352112676056338
642,124,64,2208.34,34.5053125,12405,193.828125,248.81,0.11266833911444794,456,60,36.80566666666667,0.0,0.0,Unknown,Unknown,Unknown,Unknown,Unknown,Unknown,Unknown,10.0,3.0,0,0.15625,0.0,21.0,196.0,2.0,3.0625
643,7,31,1415.59,45.6641935483871,23320,752.258064516129,538.82,0.38063281034762897,426,29,48.813448275862065,0.0,0.0,Unknown,Unknown,Unknown,Unknown,Unknown,Unknown,Unknown,7.0,2.0,0,0.22580645161290322,0.0,13.0,137.0,2.0,4.419354838709677
644,1,214,3772.03,17.626308411214954,146040,682.4299065420561,578.94,0.1534823423991856,807,188,20.063989361702127,0.0,0.0,Age Group6,X,Level6,Homeowner,Group5,2,None/Unknown,0.0,0.0,0,0.0,0.0,12.0,100.0,2.0,0.4672897196261682
645,169,49,429.06,8.756326530612245,198,4.040816326530612,96.88,0.22579592597771872,120,43,9.978139534883722,0.0,0.0,Unknown,Unknown,Unknown,Unknown,Unknown,Unknown,Unknown,7.0,2.0,0,0.14285714285714285,0.0,15.0,150.0,2.0,3.061224489795918
646,21,41,1691.72,41.26146341463415,104972,2560.2926829268295,474.06,0.28022367767715695,538,35,48.334857142857146,0.0,0.0,Unknown,Unknown,Unknown,Unknown,Unknown,Unknown,Unknown,0.0,0.0,0,0.0,0.0,11.0,63.0,2.0,1.5365853658536586
647,0,129,6326.74,49.044496124031006,352461,2732.2558139534885,1255.21,0.19839759496992132,1043,109,58.04348623853211,4.0,0.031007751937984496,Age Group3,X,Level5,Renter,Group4,4,2,1.0,1.0,1,0.007751937984496124,4.0,16.0,139.0,2.0,1.0775193798449612
648,5,73,1910.4,26.16986301369863,791,10.835616438356164,220.64,0.11549413735343382,330,71,26.907042253521126,0.0,0.0,Unknown,Unknown,Unknown,Unknown,Unknown,Unknown,Unknown,10.0,3.0,0,0.136986301369863,0.0,16.0,160.0,2.0,2.191780821917808
649,155,55,1553.45,28.244545454545456,900,16.363636363636363,323.04,0.20795004667031447,463,33,47.07424242424243,0.0,0.0,Unknown,Unknown,Unknown,Unknown,Unknown,Unknown,Unknown,0.0,0.0,0,0.0,0.0,14.0,120.0,2.0,2.1818181818181817
650,16,78,1415.65,18.149358974358975,705,9.038461538461538,394.04,0.27834563628015396,374,71,19.9387323943662,1.0,0.01282051282051282,Unknown,Unknown,Unknown,Unknown,Unknown,Unknown,Unknown,0.0,0.0,1,0.0,0.0,12.0,128.0,2.0,1.641025641025641
651,180,8,370.53000000000003,46.316250000000004,227,28.375,114.28,0.3084230696569778,113,7,52.932857142857145,0.0,0.0,Unknown,Unknown,Unknown,Unknown,Unknown,Unknown,Unknown,4.0,1.0,0,0.5,0.0,12.0,117.0,2.0,14.625
652,0,48,1800.09,37.501875,1000,20.833333333333332,250.63,0.13923192729252426,337,45,40.001999999999995,0.0,0.0,Unknown,Unknown,Unknown,Unknown,Unknown,Unknown,Unknown,0.0,0.0,0,0.0,0.0,7.0,54.0,2.0,1.125
653,9,228,10822.55,47.46732456140351,694835,3047.5219298245615,1671.4,0.15443680093878062,1498,193,56.075388601036266,0.0,0.0,Unknown,Unknown,Unknown,Unknown,Unknown,Unknown,Unknown,0.0,0.0,0,0.0,0.0,10.0,97.0,2.0,0.42543859649122806
654,4,146,2330.08,15.95945205479452,1109,7.595890410958904,507.79,0.21792813980635858,539,133,17.5193984962406,0.0,0.0,Unknown,Unknown,Unknown,Unknown,Unknown,Unknown,Unknown,8.0,3.0,0,0.0547945205479452,0.0,19.0,196.0,2.0,1.3424657534246576
655,1,61,1991.29,32.64409836065574,69261,1135.4262295081967,382.11,0.19189068392850867,536,46,43.28891304347826,0.0,0.0,Unknown,Unknown,Unknown,Unknown,Unknown,Unknown,Unknown,2.0,1.0,0,0.03278688524590164,0.0,17.0,119.0,2.0,1.9508196721311475
656,16,95,5040.28,53.05557894736842,51827,545.5473684210526,914.69,0.18147602910949392,887,89,56.632359550561794,0.0,0.0,Unknown,Unknown,Unknown,Unknown,Unknown,Unknown,Unknown,0.0,0.0,0,0.0,0.0,16.0,135.0,2.0,1.4210526315789473
657,8,20,119.8,5.99,50,2.5,1.78,0.014858096828046745,23,20,5.99,0.0,0.0,Unknown,Unknown,Unknown,Unknown,Unknown,Unknown,Unknown,5.0,2.0,0,0.25,0.0,16.0,141.0,2.0,7.05
658,8,49,1052.48,21.47918367346939,571,11.653061224489797,250.87,0.23836082395865005,313,44,23.92,0.0,0.0,Unknown,Unknown,Unknown,Unknown,Unknown,Unknown,Unknown,0.0,0.0,0,0.0,0.0,7.0,16.0,2.0,0.32653061224489793
659,26,32,760.89,23.7778125,325,10.15625,137.12,0.18021001721668048,209,31,24.544838709677418,0.0,0.0,Unknown,Unknown,Unknown,Unknown,Unknown,Unknown,Unknown,0.0,0.0,0,0.0,0.0,12.0,102.0,2.0,3.1875
660,2,168,7954.28,47.34690476190476,194440,1157.3809523809523,1362.3799999999999,0.1712763443077186,1223,138,57.639710144927534,0.0,0.0,Age Group5,X,Level5,Homeowner,Group6,2,None/Unknown,0.0,0.0,0,0.0,0.0,7.0,79.0,2.0,0.47023809523809523
661,1,394,8271.31,20.993172588832486,2142,5.436548223350254,785.88,0.09501276097740262,625,340,24.327382352941175,0.0,0.0,Age Group4,Y,Level5,Homeowner,Group6,1,None/Unknown,9.0,3.0,0,0.02284263959390863,0.0,14.0,166.0,2.0,0.4213197969543147
662,18,39,1381.73,35.42897435897436,508,13.025641025641026,222.22,0.16082736858865335,211,38,36.361315789473686,0.0,0.0,Unknown,Unknown,Unknown,Unknown,Unknown,Unknown,Unknown,6.0,2.0,0,0.15384615384615385,0.0,11.0,129.0,2.0,3.3076923076923075
663,2,105,3199.53,30.471714285714288,32868,313.0285714285714,829.67,0.25930996115054394,841,93,34.40354838709678,0.0,0.0,Unknown,Unknown,Unknown,Unknown,Unknown,Unknown,Unknown,1.0,1.0,0,0.009523809523809525,0.0,9.0,70.0,2.0,0.6666666666666666
664,20,31,995.08,32.09935483870968,647,20.870967741935484,243.52,0.24472404228805725,410,29,34.31310344827586,0.0,0.0,Unknown,Unknown,Unknown,Unknown,Unknown,Unknown,Unknown,5.0,2.0,0,0.16129032258064516,0.0,12.0,147.0,2.0,4.741935483870968
665,1,39,715.98,18.35846153846154,328,8.41025641025641,82.61,0.11538031788597447,133,38,18.841578947368422,0.0,0.0,Unknown,Unknown,Unknown,Unknown,Unknown,Unknown,Unknown,0.0,0.0,0,0.0,0.0,9.0,109.0,2.0,2.7948717948717947
666,2,100,1020.7,10.207,527,5.27,186.46,0.182678553933575,320,84,12.151190476190477,0.0,0.0,Unknown,Unknown,Unknown,Unknown,Unknown,Unknown,Unknown,1.0,1.0,0,0.01,0.0,9.0,64.0,2.0,0.64
667,3,66,1121.2,16.98787878787879,45925,695.8333333333334,338.04,0.3014983945772387,385,60,18.686666666666667,0.0,0.0,Unknown,Unknown,Unknown,Unknown,Unknown,Unknown,Unknown,0.0,0.0,0,0.0,0.0,12.0,96.0,2.0,1.4545454545454546
668,0,57,1151.04,20.193684210526314,730,12.807017543859649,375.49,0.32621802891298307,379,55,20.928,0.0,0.0,Unknown,Unknown,Unknown,Unknown,Unknown,Unknown,Unknown,0.0,0.0,0,0.0,0.0,15.0,123.0,2.0,2.1578947368421053
669,5,119,9164.15,77.00966386554622,66327,557.3697478991596,971.92,0.10605675376330592,1199,113,81.09867256637168,0.0,0.0,Unknown,Unknown,Unknown,Unknown,Unknown,Unknown,Unknown,0.0,0.0,0,0.0,0.0,11.0,101.0,2.0,0.8487394957983193
670,3,192,5685.67,29.612864583333334,281900,1468.2291666666667,872.43,0.15344365747572405,1033,177,32.12242937853107,0.0,0.0,Age Group5,X,Level4,Unknown,Group4,3,1,7.0,3.0,0,0.036458333333333336,0.0,16.0,172.0,2.0,0.8958333333333334
671,17,127,5089.66,40.07606299212598,454831,3581.3464566929133,706.96,0.1389012232644224,439,113,45.0412389380531,0.0,0.0,Age Group3,Y,Level4,Homeowner,Group3,1,None/Unknown,5.0,2.0,0,0.03937007874015748,0.0,20.0,177.0,2.0,1.3937007874015748
672,1,121,2731.15,22.571487603305787,58825,486.1570247933884,797.95,0.2921663035717555,635,111,24.604954954954955,0.0,0.0,Age Group3,Y,Level3,Unknown,Group5,2,None/Unknown,3.0,1.0,0,0.024793388429752067,0.0,11.0,113.0,2.0,0.9338842975206612
673,0,50,704.61,14.0922,320,6.4,124.12,0.17615418458438,172,43,16.386279069767443,0.0,0.0,Unknown,Unknown,Unknown,Unknown,Unknown,Unknown,Unknown,1.0,1.0,0,0.02,0.0,12.0,132.0,2.0,2.64
674,0,139,4727.57,34.01129496402878,2191,15.762589928057555,815.33,0.1724628085887676,968,108,43.7737962962963,0.0,0.0,Unknown,Unknown,Unknown,Unknown,Unknown,Unknown,Unknown,0.0,0.0,0,0.0,0.0,11.0,65.0,2.0,0.4676258992805755
675,0,223,4832.38,21.66986547085202,273895,1228.2286995515694,614.66,0.12719612282146683,490,158,30.584683544303797,0.0,0.0,Age Group3,Y,Level5,Unknown,Group5,2,None/Unknown,9.0,3.0,0,0.04035874439461883,0.0,16.0,151.0,2.0,0.6771300448430493
676,3,376,10741.1,28.566755319148935,5404,14.372340425531915,2013.73,0.1874789360493804,1348,303,35.44917491749175,0.0,0.0,Unknown,Unknown,Unknown,Unknown,Unknown,Unknown,Unknown,4.0,2.0,0,0.010638297872340425,0.0,12.0,117.0,2.0,0.31117021276595747
677,1,45,1600.99,35.577555555555556,663,14.733333333333333,236.88,0.14795845070862404,436,42,38.118809523809524,0.0,0.0,Unknown,Unknown,Unknown,Unknown,Unknown,Unknown,Unknown,14.0,3.0,0,0.3111111111111111,0.0,15.0,192.0,2.0,4.266666666666667
678,167,57,459.17,8.05561403508772,52780,925.9649122807018,107.4,0.23390029836444018,99,47,9.769574468085107,0.0,0.0,Unknown,Unknown,Unknown,Unknown,Unknown,Unknown,Unknown,0.0,0.0,0,0.0,0.0,14.0,133.0,2.0,2.3333333333333335
679,2,262,6494.31,24.787442748091603,2258,8.618320610687023,824.86,0.12701272344560083,1138,180,36.0795,4.0,0.015267175572519083,Unknown,Unknown,Unknown,Unknown,Unknown,Unknown,Unknown,0.0,0.0,1,0.0,0.0,10.0,55.0,2.0,0.2099236641221374
680,11,96,3513.02,36.59395833333333,2049,21.34375,923.14,0.2627767561812913,753,83,42.3255421686747,2.0,0.020833333333333332,Age Group4,Y,Level5,Homeowner,Group6,1,None/Unknown,8.0,3.0,1,0.08333333333333333,0.25,17.0,193.0,2.0,2.0104166666666665
681,0,66,2773.19,42.0180303030303,24822,376.09090909090907,258.77,0.09331131296449215,319,66,42.0180303030303,3.0,0.045454545454545456,Unknown,Unknown,Unknown,Unknown,Unknown,Unknown,Unknown,3.0,1.0,1,0.045454545454545456,1.0,14.0,134.0,2.0,2.0303030303030303
682,142,217,4438.29,20.45294930875576,498949,2299.304147465438,983.14,0.22151324045972662,736,159,27.91377358490566,0.0,0.0,Age Group6,X,Level8,Homeowner,Group5,2,None/Unknown,5.0,2.0,0,0.02304147465437788,0.0,9.0,90.0,2.0,0.4147465437788018
683,114,9,170.06,18.895555555555557,104,11.555555555555555,30.53,0.1795248735740327,60,8,21.2575,0.0,0.0,Unknown,Unknown,Unknown,Unknown,Unknown,Unknown,Unknown,3.0,1.0,0,0.3333333333333333,0.0,16.0,160.0,2.0,17.77777777777778
684,0,107,2052.67,19.183831775700934,44154,412.6542056074766,281.75,0.137260251282476,633,97,21.161546391752577,0.0,0.0,Unknown,Unknown,Unknown,Unknown,Unknown,Unknown,Unknown,0.0,0.0,0,0.0,0.0,7.0,37.0,2.0,0.34579439252336447
685,3,201,6019.77,29.949104477611943,41857,208.24378109452735,956.59,0.15890806459383,893,185,32.5392972972973,0.0,0.0,Age Group3,X,Level1,Unknown,Group3,2,None/Unknown,6.0,2.0,0,0.029850746268656716,0.0,14.0,136.0,2.0,0.6766169154228856
686,55,21,534.57,25.455714285714286,193,9.19047619047619,89.28,0.16701273921095458,126,18,29.698333333333338,0.0,0.0,Unknown,Unknown,Unknown,Unknown,Unknown,Unknown,Unknown,2.0,1.0,0,0.09523809523809523,0.0,18.0,149.0,2.0,7.095238095238095
687,3,69,3205.8,46.46086956521739,1458,21.130434782608695,740.9,0.23111235884958511,656,60,53.43,5.0,0.07246376811594203,Unknown,Unknown,Unknown,Unknown,Unknown,Unknown,Unknown,0.0,0.0,1,0.0,0.0,11.0,71.0,2.0,1.0289855072463767
688,19,28,3207.61,114.5575,1091,38.964285714285715,451.92,0.14088994609693822,707,28,114.5575,0.0,0.0,Age Group3,X,Level8,Homeowner,Group4,3,1,3.0,2.0,0,0.10714285714285714,0.0,13.0,121.0,2.0,4.321428571428571
689,324,3,28.96,9.653333333333334,20,6.666666666666667,3.84,0.13259668508287292,20,3,9.653333333333334,0.0,0.0,Unknown,Unknown,Unknown,Unknown,Unknown,Unknown,Unknown,3.0,2.0,0,1.0,0.0,18.0,147.0,2.0,49.0
690,1,273,4963.14,18.18,195240,715.1648351648352,669.08,0.13480981797813482,793,205,24.210439024390247,0.0,0.0,Age Group6,Z,Level2,Homeowner,Group3,1,None/Unknown,0.0,0.0,0,0.0,0.0,4.0,11.0,2.0,0.040293040293040296
691,7,54,2511.33,46.50611111111111,1079,19.98148148148148,377.59000000000003,0.15035459298459383,540,53,47.38358490566038,0.0,0.0,Unknown,Unknown,Unknown,Unknown,Unknown,Unknown,Unknown,5.0,2.0,0,0.09259259259259259,0.0,19.0,165.0,2.0,3.0555555555555554
692,1,124,3891.14,31.38016129032258,193809,1562.975806451613,363.18,0.09333511515905366,467,110,35.374,3.0,0.024193548387096774,Age Group6,Y,Level4,Homeowner,Group3,1,None/Unknown,3.0,1.0,1,0.024193548387096774,1.0,14.0,131.0,2.0,1.0564516129032258
693,15,209,6378.8,30.520574162679427,2564,12.267942583732058,1102.55,0.17284598984134947,1294,184,34.667391304347824,0.0,0.0,Age Group4,Y,Level2,Unknown,Group5,2,None/Unknown,4.0,2.0,0,0.019138755980861243,0.0,16.0,139.0,2.0,0.6650717703349283
694,0,154,1756.64,11.406753246753247,765,4.967532467532467,186.95,0.10642476546133527,264,127,13.831811023622048,0.0,0.0,Unknown,Unknown,Unknown,Unknown,Unknown,Unknown,Unknown,9.0,3.0,0,0.05844155844155844,0.0,20.0,198.0,2.0,1.2857142857142858
695,1,226,8523.93,37.71650442477876,521059,2305.570796460177,1107.83,0.12996704571717504,1229,191,44.6279057591623,0.0,0.0,Age Group3,Z,Level4,Unknown,Group1,3,2,2.0,1.0,0,0.008849557522123894,0.0,11.0,96.0,2.0,0.4247787610619469
696,3,326,14715.53,45.139662576687115,891777,2735.51226993865,2363.14,0.16058816773843687,1805,253,58.16415019762846,4.0,0.012269938650306749,Age Group3,Y,Level5,Homeowner,Group5,2,None/Unknown,8.0,3.0,1,0.024539877300613498,0.5,16.0,182.0,2.0,0.558282208588957
697,12,62,2823.59,45.54177419354839,130076,2098.0,324.39,0.11488565974521796,644,54,52.2887037037037,0.0,0.0,Unknown,Unknown,Unknown,Unknown,Unknown,Unknown,Unknown,2.0,1.0,0,0.03225806451612903,0.0,20.0,211.0,2.0,3.403225806451613
698,2,127,1204.49,9.484173228346457,17596,138.5511811023622,175.84,0.14598709827395828,432,106,11.363113207547169,0.0,0.0,Unknown,Unknown,Unknown,Unknown,Unknown,Unknown,Unknown,4.0,2.0,0,0.031496062992125984,0.0,17.0,147.0,2.0,1.1574803149606299
699,5,150,10353.0,69.02,783402,5222.68,1217.45,0.11759393412537429,1152,124,83.49193548387096,1.0,0.006666666666666667,Age Group4,X,Level5,Homeowner,Group5,2,None/Unknown,3.0,1.0,1,0.02,0.3333333333333333,15.0,126.0,2.0,0.84
700,6,39,2981.04,76.43692307692308,15362,393.8974358974359,563.83,0.18913868985320562,488,35,85.17257142857143,0.0,0.0,Unknown,Unknown,Unknown,Unknown,Unknown,Unknown,Unknown,7.0,3.0,0,0.1794871794871795,0.0,17.0,171.0,2.0,4.384615384615385
701,9,39,2593.56,66.50153846153846,837,21.46153846153846,342.08,0.13189592683415846,479,38,68.25157894736842,0.0,0.0,Unknown,Unknown,Unknown,Unknown,Unknown,Unknown,Unknown,2.0,2.0,0,0.05128205128205128,0.0,14.0,126.0,2.0,3.230769230769231
702,3,276,8205.68,29.73072463768116,409496,1483.6811594202898,1469.98,0.1791417652162892,889,229,35.83266375545852,4.0,0.014492753623188406,Unknown,Unknown,Unknown,Unknown,Unknown,Unknown,Unknown,0.0,0.0,1,0.0,0.0,15.0,135.0,2.0,0.4891304347826087
703,3,219,9475.69,43.26799086757991,1007809,4601.867579908676,1081.86,0.11417216054978581,1020,168,56.40291666666667,5.0,0.0228310502283105,Unknown,Unknown,Unknown,Unknown,Unknown,Unknown,Unknown,5.0,2.0,1,0.0228310502283105,1.0,18.0,170.0,2.0,0.776255707762557
704,187,9,76.53,8.503333333333334,3745,416.1111111111111,18.13,0.23690056187116162,32,8,9.56625,0.0,0.0,Unknown,Unknown,Unknown,Unknown,Unknown,Unknown,Unknown,9.0,3.0,0,1.0,0.0,19.0,159.0,2.0,17.666666666666668
705,18,93,1385.93,14.90247311827957,678,7.290322580645161,271.32,0.19576746300318196,274,89,15.572247191011236,0.0,0.0,Unknown,Unknown,Unknown,Unknown,Unknown,Unknown,Unknown,0.0,0.0,0,0.0,0.0,6.0,20.0,2.0,0.21505376344086022
706,0,133,4024.6,30.260150375939848,186998,1406.0,755.54,0.1877304576852358,954,121,33.26115702479339,0.0,0.0,Age Group4,Z,Level5,Homeowner,Group5,2,None/Unknown,3.0,2.0,0,0.022556390977443608,0.0,10.0,75.0,2.0,0.5639097744360902
707,0,498,19194.420000000002,38.54301204819277,1640193,3293.5602409638554,2179.34,0.11354028931324833,1877,347,55.31533141210375,0.0,0.0,Age Group2,X,Level7,Homeowner,Group4,5+,3+,7.0,2.0,0,0.014056224899598393,0.0,16.0,171.0,2.0,0.3433734939759036
708,5,68,2828.06,41.58911764705882,1248,18.352941176470587,416.38,0.1472316711809509,617,60,47.13433333333333,0.0,0.0,Age Group3,X,Level7,Homeowner,Group4,4,2,9.0,3.0,0,0.1323529411764706,0.0,21.0,204.0,2.0,3.0
709,5,156,5536.4,35.48974358974359,3011,19.30128205128205,1535.59,0.2773625460588108,1235,147,37.6625850340136,1.0,0.00641025641025641,Unknown,Unknown,Unknown,Unknown,Unknown,Unknown,Unknown,4.0,2.0,1,0.02564102564102564,0.25,17.0,139.0,2.0,0.8910256410256411
710,1,229,3724.48,16.26410480349345,84101,367.2532751091703,681.95,0.18309938568605552,944,187,19.917005347593584,0.0,0.0,Unknown,Unknown,Unknown,Unknown,Unknown,Unknown,Unknown,8.0,3.0,0,0.034934497816593885,0.0,15.0,163.0,2.0,0.7117903930131004
711,2,36,429.79,11.938611111111111,9680,268.8888888888889,67.91,0.15800739896228388,99,33,13.023939393939395,0.0,0.0,Unknown,Unknown,Unknown,Unknown,Unknown,Unknown,Unknown,8.0,2.0,0,0.2222222222222222,0.0,14.0,150.0,2.0,4.166666666666667
712,1,256,11711.02,45.746171875,161442,630.6328125,1845.22,0.15756270589581436,1249,226,51.81867256637168,10.0,0.0390625,Age Group6,X,Level5,Homeowner,Group5,2,None/Unknown,0.0,0.0,1,0.0,0.0,11.0,56.0,2.0,0.21875
713,19,24,540.9,22.537499999999998,18830,784.5833333333334,135.16,0.24987982991310778,129,21,25.757142857142856,0.0,0.0,Unknown,Unknown,Unknown,Unknown,Unknown,Unknown,Unknown,11.0,3.0,0,0.4583333333333333,0.0,21.0,183.0,2.0,7.625
714,0,294,4117.34,14.004557823129252,2504,8.517006802721088,1409.8,0.3424055336697965,633,234,17.595470085470087,0.0,0.0,Age Group5,Y,Level2,Unknown,Group4,3,1,0.0,0.0,0,0.0,0.0,7.0,53.0,2.0,0.18027210884353742
715,0,178,3712.14,20.854719101123596,30501,171.35393258426967,1150.44,0.3099128804409317,842,134,27.702537313432835,1.0,0.0056179775280898875,Age Group5,X,Level2,Homeowner,Group5,2,None/Unknown,5.0,2.0,1,0.028089887640449437,0.2,13.0,125.0,2.0,0.702247191011236
716,3,81,1290.68,15.934320987654322,19133,236.20987654320987,545.09,0.4223277652090371,318,75,17.20906666666667,2.0,0.024691358024691357,Age Group4,X,Level6,Homeowner,Group4,5+,3+,3.0,1.0,1,0.037037037037037035,0.6666666666666666,17.0,158.0,2.0,1.9506172839506173
717,20,51,616.72,12.092549019607844,46013,902.2156862745098,56.44,0.09151640939162017,125,46,13.406956521739131,0.0,0.0,Unknown,Unknown,Unknown,Unknown,Unknown,Unknown,Unknown,1.0,1.0,0,0.0196078431372549,0.0,14.0,109.0,2.0,2.1372549019607843
718,4,599,19299.86,32.220133555926544,869732,1451.9732888146912,3790.4900000000002,0.19639987025812622,2844,375,51.46629333333333,5.0,0.008347245409015025,Age Group4,X,Level3,Homeowner,Group4,5+,3+,0.0,0.0,1,0.0,0.0,12.0,64.0,2.0,0.10684474123539232
719,8,34,1098.51,32.30911764705883,591,17.38235294117647,298.89,0.27208673566922464,271,34,32.30911764705883,0.0,0.0,Unknown,Unknown,Unknown,Unknown,Unknown,Unknown,Unknown,15.0,3.0,0,0.4411764705882353,0.0,21.0,221.0,2.0,6.5
720,5,86,1678.8,19.52093023255814,408,4.744186046511628,109.08,0.06497498213009292,146,81,20.725925925925925,0.0,0.0,Unknown,Unknown,Unknown,Unknown,Unknown,Unknown,Unknown,0.0,0.0,0,0.0,0.0,7.0,60.0,2.0,0.6976744186046512
721,9,46,553.57,12.03413043478261,10270,223.2608695652174,49.839999999999996,0.09003378073233737,139,46,12.03413043478261,0.0,0.0,Unknown,Unknown,Unknown,Unknown,Unknown,Unknown,Unknown,2.0,1.0,0,0.043478260869565216,0.0,10.0,55.0,2.0,1.1956521739130435
722,6,136,6437.62,47.33544117647059,157887,1160.9338235294117,1195.41,0.18569129585157249,1069,127,50.68992125984252,0.0,0.0,Age Group3,X,Level5,Homeowner,Group5,2,None/Unknown,0.0,0.0,0,0.0,0.0,8.0,48.0,2.0,0.35294117647058826
723,6,23,1230.83,53.514347826086954,571,24.82608695652174,254.41,0.20669791929023507,281,23,53.514347826086954,0.0,0.0,Unknown,Unknown,Unknown,Unknown,Unknown,Unknown,Unknown,5.0,2.0,0,0.21739130434782608,0.0,17.0,167.0,2.0,7.260869565217392
724,51,26,639.3,24.588461538461537,12890,495.7692307692308,62.5,0.09776317847645863,120,25,25.572,0.0,0.0,Unknown,Unknown,Unknown,Unknown,Unknown,Unknown,Unknown,0.0,0.0,0,0.0,0.0,8.0,87.0,2.0,3.3461538461538463
725,0,133,4828.58,36.30511278195489,3299,24.804511278195488,1599.53,0.3312630214265892,815,122,39.57852459016394,5.0,0.03759398496240601,Age Group4,Y,Level3,Unknown,Group3,1,None/Unknown,0.0,0.0,1,0.0,0.0,11.0,65.0,2.0,0.48872180451127817
726,0,71,2220.15,31.269718309859154,16286,229.38028169014083,506.35,0.22807017543859648,642,70,31.716428571428573,0.0,0.0,Unknown,Unknown,Unknown,Unknown,Unknown,Unknown,Unknown,6.0,2.0,0,0.08450704225352113,0.0,12.0,112.0,2.0,1.5774647887323943
727,0,118,4923.13,41.7214406779661,2281,19.33050847457627,950.35,0.1930377625616224,765,98,50.23602040816326,0.0,0.0,Unknown,Unknown,Unknown,Unknown,Unknown,Unknown,Unknown,4.0,3.0,0,0.03389830508474576,0.0,17.0,142.0,2.0,1.2033898305084745
728,5,475,10732.91,22.5956,821520,1729.5157894736842,1551.7,0.14457402512459344,1162,320,33.54034375,0.0,0.0,Unknown,Unknown,Unknown,Unknown,Unknown,Unknown,Unknown,3.0,2.0,0,0.00631578947368421,0.0,12.0,119.0,2.0,0.2505263157894737
729,9,32,1159.32,36.22875,463,14.46875,230.79,0.1990735948659559,294,31,37.39741935483871,0.0,0.0,Unknown,Unknown,Unknown,Unknown,Unknown,Unknown,Unknown,5.0,2.0,0,0.15625,0.0,17.0,178.0,2.0,5.5625
730,6,92,1111.69,12.08358695652174,467,5.076086956521739,183.96,0.16547778607345573,158,91,12.216373626373628,0.0,0.0,Unknown,Unknown,Unknown,Unknown,Unknown,Unknown,Unknown,1.0,1.0,0,0.010869565217391304,0.0,11.0,112.0,2.0,1.2173913043478262
731,9,233,3151.31,13.524935622317596,199652,856.8755364806867,620.3,0.19683877498564087,680,155,20.331032258064514,0.0,0.0,Age Group4,Y,Level4,Homeowner,Group5,2,None/Unknown,1.0,1.0,0,0.004291845493562232,0.0,9.0,50.0,2.0,0.2145922746781116
732,2,104,3967.82,38.152115384615385,114254,1098.5961538461538,1221.83,0.307934835753638,735,88,45.08886363636364,0.0,0.0,Age Group5,X,Level6,Homeowner,Group4,4,2,4.0,2.0,0,0.038461538461538464,0.0,15.0,165.0,2.0,1.5865384615384615
733,7,76,2678.56,35.24421052631579,1717,22.592105263157894,551.71,0.20597261214981186,409,70,38.265142857142855,0.0,0.0,Age Group4,X,Level6,Homeowner,Group5,2,None/Unknown,8.0,2.0,0,0.10526315789473684,0.0,16.0,136.0,2.0,1.7894736842105263
734,14,76,1319.76,17.365263157894738,36724,483.2105263157895,229.61,0.17397860217009153,243,67,19.697910447761195,0.0,0.0,Unknown,Unknown,Unknown,Unknown,Unknown,Unknown,Unknown,2.0,1.0,0,0.02631578947368421,0.0,15.0,114.0,2.0,1.5
735,24,92,1062.25,11.546195652173912,536,5.826086956521739,119.04,0.11206401506236763,281,70,15.175,0.0,0.0,Unknown,Unknown,Unknown,Unknown,Unknown,Unknown,Unknown,1.0,1.0,0,0.010869565217391304,0.0,12.0,99.0,2.0,1.076086956521739
736,6,60,3061.62,51.027,1237,20.616666666666667,384.93,0.12572755599976485,635,57,53.71263157894737,0.0,0.0,Unknown,Unknown,Unknown,Unknown,Unknown,Unknown,Unknown,0.0,0.0,0,0.0,0.0,10.0,87.0,2.0,1.45
737,60,52,1593.51,30.644423076923076,12699,244.21153846153845,280.07,0.17575666296414832,420,49,32.52061224489796,0.0,0.0,Unknown,Unknown,Unknown,Unknown,Unknown,Unknown,Unknown,0.0,0.0,0,0.0,0.0,13.0,152.0,2.0,2.923076923076923
738,0,101,2593.12,25.674455445544552,2318,22.95049504950495,527.65,0.20348074905904856,649,84,30.87047619047619,0.0,0.0,Unknown,Unknown,Unknown,Unknown,Unknown,Unknown,Unknown,1.0,1.0,0,0.009900990099009901,0.0,15.0,121.0,2.0,1.198019801980198
739,422,6,160.06,26.676666666666666,69,11.5,38.410000000000004,0.23997251030863428,61,5,32.012,0.0,0.0,Unknown,Unknown,Unknown,Unknown,Unknown,Unknown,Unknown,5.0,3.0,0,0.8333333333333334,0.0,13.0,128.0,2.0,21.333333333333332
740,0,113,6644.85,58.80398230088496,3408,30.15929203539823,1256.14,0.1890396321963626,1164,108,61.526388888888896,2.0,0.017699115044247787,Age Group4,X,Level10,Homeowner,Group3,2,None/Unknown,0.0,0.0,1,0.0,0.0,7.0,32.0,2.0,0.2831858407079646
741,6,88,3414.6,38.80227272727273,55633,632.1931818181819,673.0600000000001,0.19711239969542554,681,81,42.15555555555555,0.0,0.0,Age Group6,Y,Level5,Homeowner,Group4,3,1,6.0,2.0,0,0.06818181818181818,0.0,18.0,186.0,2.0,2.1136363636363638
742,8,328,3950.96,12.04560975609756,56595,172.54573170731706,584.46,0.14792860469354285,913,271,14.579188191881919,0.0,0.0,Age Group3,X,Level2,Renter,Group1,4,2,2.0,2.0,0,0.006097560975609756,0.0,15.0,161.0,2.0,0.49085365853658536
743,13,71,1988.97,28.013661971830988,19076,268.67605633802816,385.88,0.1940099649567364,443,57,34.89421052631579,0.0,0.0,Unknown,Unknown,Unknown,Unknown,Unknown,Unknown,Unknown,9.0,3.0,0,0.1267605633802817,0.0,17.0,149.0,2.0,2.0985915492957745
744,6,158,4730.31,29.93867088607595,271809,1720.3101265822784,1091.79,0.2308072832435929,1080,146,32.39938356164384,0.0,0.0,Unknown,Unknown,Unknown,Unknown,Unknown,Unknown,Unknown,2.0,2.0,0,0.012658227848101266,0.0,13.0,103.0,2.0,0.6518987341772152
745,1,180,6713.51,37.29727777777778,3423,19.016666666666666,833.71,0.12418392167435514,1203,178,37.71634831460674,2.0,0.011111111111111112,Unknown,Unknown,Unknown,Unknown,Unknown,Unknown,Unknown,7.0,2.0,1,0.03888888888888889,0.2857142857142857,20.0,174.0,2.0,0.9666666666666667
746,123,39,569.0500000000001,14.591025641025643,45754,1173.179487179487,37.8,0.06642650030753008,101,32,17.782812500000002,0.0,0.0,Unknown,Unknown,Unknown,Unknown,Unknown,Unknown,Unknown,9.0,2.0,0,0.23076923076923078,0.0,14.0,143.0,2.0,3.6666666666666665
747,2,136,1166.73,8.578897058823529,689,5.0661764705882355,303.37,0.26001731334584693,335,121,9.642396694214876,0.0,0.0,Unknown,Unknown,Unknown,Unknown,Unknown,Unknown,Unknown,0.0,0.0,0,0.0,0.0,9.0,54.0,2.0,0.39705882352941174
748,9,84,2709.18,32.25214285714286,8756,104.23809523809524,729.99,0.2694505348481829,661,65,41.67969230769231,0.0,0.0,Age Group4,Z,Level1,Homeowner,Group4,3,1,3.0,1.0,0,0.03571428571428571,0.0,12.0,104.0,2.0,1.2380952380952381
749,6,77,1066.62,13.85220779220779,13216,171.63636363636363,238.67,0.22376291462751496,271,66,16.16090909090909,0.0,0.0,Unknown,Unknown,Unknown,Unknown,Unknown,Unknown,Unknown,3.0,2.0,0,0.03896103896103896,0.0,15.0,120.0,2.0,1.5584415584415585
750,2,49,598.62,12.216734693877552,415,8.46938775510204,132.56,0.2214426514316261,224,43,13.92139534883721,0.0,0.0,Unknown,Unknown,Unknown,Unknown,Unknown,Unknown,Unknown,3.0,1.0,0,0.061224489795918366,0.0,11.0,91.0,2.0,1.8571428571428572
751,56,27,521.04,19.297777777777778,258,9.555555555555555,108.36,0.20796867802855828,179,23,22.65391304347826,0.0,0.0,Unknown,Unknown,Unknown,Unknown,Unknown,Unknown,Unknown,0.0,0.0,0,0.0,0.0,11.0,64.0,2.0,2.3703703703703702
752,2,106,3792.56,35.7788679245283,310934,2933.3396226415093,578.76,0.15260404581601872,750,100,37.9256,0.0,0.0,Age Group3,X,Level6,Renter,Group3,2,None/Unknown,0.0,0.0,0,0.0,0.0,9.0,57.0,2.0,0.5377358490566038
753,0,50,2177.13,43.5426,1021,20.42,589.3100000000001,0.2706820447102378,575,47,46.32191489361703,0.0,0.0,Age Group4,X,Level6,Homeowner,Group4,4,2,3.0,1.0,0,0.06,0.0,15.0,166.0,2.0,3.32
754,12,32,1535.13,47.9728125,704,22.0,99.3,0.06468507553106251,224,32,47.9728125,0.0,0.0,Unknown,Unknown,Unknown,Unknown,Unknown,Unknown,Unknown,0.0,0.0,0,0.0,0.0,14.0,143.0,2.0,4.46875
755,2,307,10617.05,34.58322475570032,3141769,10233.775244299673,528.27,0.04975675917510043,675,246,43.15873983739837,12.0,0.03908794788273615,Age Group3,Y,Level5,Homeowner,Group6,1,None/Unknown,4.0,2.0,1,0.013029315960912053,3.0,12.0,90.0,2.0,0.2931596091205212
756,70,24,690.42,28.7675,11086,461.9166666666667,150.94,0.21862054981026044,259,21,32.87714285714286,0.0,0.0,Unknown,Unknown,Unknown,Unknown,Unknown,Unknown,Unknown,7.0,2.0,0,0.2916666666666667,0.0,13.0,148.0,2.0,6.166666666666667
757,43,40,2023.3700000000001,50.584250000000004,42478,1061.95,312.15,0.15427232784908343,464,39,51.88128205128206,0.0,0.0,Unknown,Unknown,Unknown,Unknown,Unknown,Unknown,Unknown,0.0,0.0,0,0.0,0.0,8.0,80.0,2.0,2.0
758,24,17,344.92,20.289411764705882,9116,536.2352941176471,51.57,0.14951293053461673,96,17,20.289411764705882,0.0,0.0,Unknown,Unknown,Unknown,Unknown,Unknown,Unknown,Unknown,1.0,1.0,0,0.058823529411764705,0.0,13.0,124.0,2.0,7.294117647058823
759,6,41,1274.09,31.075365853658536,406,9.902439024390244,75.16,0.05899112307607783,258,41,31.075365853658536,0.0,0.0,Unknown,Unknown,Unknown,Unknown,Unknown,Unknown,Unknown,0.0,0.0,0,0.0,0.0,10.0,50.0,2.0,1.2195121951219512
760,162,70,1872.52,26.750285714285713,6308,90.11428571428571,216.23,0.11547540213188644,238,67,27.948059701492536,0.0,0.0,Unknown,Unknown,Unknown,Unknown,Unknown,Unknown,Unknown,1.0,1.0,0,0.014285714285714285,0.0,12.0,93.0,2.0,1.3285714285714285
761,0,178,9036.01,50.76410112359551,337821,1897.870786516854,1686.45,0.18663657964079278,1314,155,58.296838709677424,11.0,0.06179775280898876,Age Group2,X,Level8,Homeowner,Group1,5+,3+,3.0,1.0,1,0.016853932584269662,3.6666666666666665,11.0,87.0,2.0,0.4887640449438202
762,0,886,8982.79,10.138589164785554,349858,394.8735891647855,1118.37,0.12450140769181955,1674,441,20.369138321995468,0.0,0.0,Age Group3,X,Level8,Renter,Group3,2,None/Unknown,6.0,2.0,0,0.006772009029345372,0.0,20.0,196.0,2.0,0.22121896162528218
763,92,40,2815.58,70.3895,4994,124.85,490.6,0.17424473820669278,565,39,72.19435897435898,0.0,0.0,Unknown,Unknown,Unknown,Unknown,Unknown,Unknown,Unknown,11.0,2.0,0,0.275,0.0,20.0,213.0,2.0,5.325
764,8,112,3196.78,28.542678571428574,169505,1513.4375,868.54,0.2716921402160924,771,90,35.51977777777778,3.0,0.026785714285714284,Age Group3,X,Level5,Homeowner,Group4,5+,3+,2.0,1.0,1,0.017857142857142856,1.5,11.0,97.0,2.0,0.8660714285714286
765,1,30,1586.58,52.885999999999996,127673,4255.766666666666,242.05,0.1525608541643031,338,27,58.76222222222222,0.0,0.0,Unknown,Unknown,Unknown,Unknown,Unknown,Unknown,Unknown,1.0,1.0,0,0.03333333333333333,0.0,18.0,172.0,2.0,5.733333333333333
766,10,122,8350.09,68.4433606557377,3485,28.565573770491802,1456.97,0.1744855444671854,1376,102,81.86362745098039,1.0,0.00819672131147541,Age Group4,X,Level9,Homeowner,Group5,2,None/Unknown,0.0,0.0,1,0.0,0.0,7.0,95.0,2.0,0.7786885245901639
767,32,13,562.77,43.29,306,23.53846153846154,128.83,0.22892122892122896,225,13,43.29,0.0,0.0,Unknown,Unknown,Unknown,Unknown,Unknown,Unknown,Unknown,10.0,3.0,0,0.7692307692307693,0.0,20.0,187.0,2.0,14.384615384615385
768,1,466,6681.35,14.337660944206009,520714,1117.412017167382,1446.84,0.21654905071579844,1181,352,18.981107954545454,3.0,0.006437768240343348,Age Group3,X,Level5,Renter,Group3,2,None/Unknown,0.0,0.0,1,0.0,0.0,10.0,78.0,2.0,0.16738197424892703
769,6,46,1543.63,33.55717391304348,8093,175.93478260869566,300.03,0.1943665256570551,534,44,35.0825,0.0,0.0,Unknown,Unknown,Unknown,Unknown,Unknown,Unknown,Unknown,4.0,2.0,0,0.08695652173913043,0.0,18.0,174.0,2.0,3.782608695652174
770,13,43,2246.36,52.24093023255814,96585,2246.1627906976746,830.42,0.3696736052992396,541,35,64.18171428571429,0.0,0.0,Age Group2,X,Level5,Homeowner,Group4,5+,3+,1.0,1.0,0,0.023255813953488372,0.0,12.0,123.0,2.0,2.86046511627907
771,0,497,7990.97,16.07841046277666,9590,19.295774647887324,1972.44,0.24683361344117172,1644,371,21.53900269541779,3.0,0.006036217303822937,Age Group4,Y,Level5,Homeowner,Group6,1,None/Unknown,0.0,0.0,1,0.0,0.0,14.0,121.0,2.0,0.24346076458752516
772,25,42,271.88,6.473333333333334,21460,510.95238095238096,20.81,0.07654112108283066,81,37,7.348108108108108,0.0,0.0,Unknown,Unknown,Unknown,Unknown,Unknown,Unknown,Unknown,9.0,3.0,0,0.21428571428571427,0.0,21.0,208.0,2.0,4.9523809523809526
773,8,22,899.63,40.892272727272726,297,13.5,101.82,0.1131798628324978,201,19,47.34894736842105,0.0,0.0,Unknown,Unknown,Unknown,Unknown,Unknown,Unknown,Unknown,0.0,0.0,0,0.0,0.0,8.0,35.0,2.0,1.5909090909090908
774,55,16,909.96,56.8725,451,28.1875,188.64000000000001,0.20730581564024794,291,16,56.8725,0.0,0.0,Unknown,Unknown,Unknown,Unknown,Unknown,Unknown,Unknown,0.0,0.0,0,0.0,0.0,11.0,91.0,2.0,5.6875
775,197,33,1121.0,33.96969696969697,479,14.515151515151516,180.82,0.16130240856378233,312,31,36.16129032258065,0.0,0.0,Unknown,Unknown,Unknown,Unknown,Unknown,Unknown,Unknown,0.0,0.0,0,0.0,0.0,9.0,87.0,2.0,2.6363636363636362
776,5,72,3153.7,43.80138888888889,15237,211.625,762.66,0.24183023115705363,650,67,47.07014925373134,0.0,0.0,Unknown,Unknown,Unknown,Unknown,Unknown,Unknown,Unknown,0.0,0.0,0,0.0,0.0,11.0,105.0,2.0,1.4583333333333333
777,1,40,2745.75,68.64375,372374,9309.35,291.97,0.10633524537922244,435,39,70.40384615384616,0.0,0.0,Unknown,Unknown,Unknown,Unknown,Unknown,Unknown,Unknown,4.0,3.0,0,0.1,0.0,11.0,116.0,2.0,2.9
778,101,123,2285.59,18.582032520325203,93142,757.2520325203252,497.75,0.21777746664974906,399,88,25.972613636363636,0.0,0.0,Unknown,Unknown,Unknown,Unknown,Unknown,Unknown,Unknown,0.0,0.0,0,0.0,0.0,14.0,131.0,2.0,1.065040650406504
779,1,86,3918.28,45.56139534883721,1302,15.13953488372093,477.65,0.12190297783721428,757,77,50.88675324675325,0.0,0.0,Age Group6,Y,Level8,Homeowner,Group4,3,1,3.0,2.0,0,0.03488372093023256,0.0,16.0,96.0,2.0,1.1162790697674418
780,6,67,579.72,8.652537313432836,323,4.82089552238806,195.34,0.3369557717518802,169,62,9.350322580645162,0.0,0.0,Unknown,Unknown,Unknown,Unknown,Unknown,Unknown,Unknown,2.0,2.0,0,0.029850746268656716,0.0,13.0,153.0,2.0,2.283582089552239
781,6,57,1665.51,29.219473684210527,856,15.017543859649123,565.52,0.33954764606637006,319,54,30.842777777777776,0.0,0.0,Unknown,Unknown,Unknown,Unknown,Unknown,Unknown,Unknown,2.0,1.0,0,0.03508771929824561,0.0,9.0,66.0,2.0,1.1578947368421053
782,48,70,1557.05,22.24357142857143,36527,521.8142857142857,304.66,0.19566487909829489,391,62,25.113709677419354,0.0,0.0,Unknown,Unknown,Unknown,Unknown,Unknown,Unknown,Unknown,0.0,0.0,0,0.0,0.0,12.0,97.0,2.0,1.3857142857142857
783,125,17,387.34,22.784705882352938,205,12.058823529411764,124.28999999999999,0.3208808798471627,124,16,24.20875,0.0,0.0,Unknown,Unknown,Unknown,Unknown,Unknown,Unknown,Unknown,0.0,0.0,0,0.0,0.0,12.0,109.0,2.0,6.411764705882353
784,3,134,3117.66,23.266119402985073,296418,2212.0746268656717,400.89,0.12858682473393507,450,111,28.087027027027027,0.0,0.0,Age Group4,X,Level7,Homeowner,Group3,2,None/Unknown,0.0,0.0,0,0.0,0.0,9.0,56.0,2.0,0.417910447761194
785,4,103,2089.8,20.289320388349516,222982,2164.873786407767,218.67,0.10463680734998564,269,95,21.997894736842106,0.0,0.0,Age Group6,X,Level6,Homeowner,Group5,2,None/Unknown,4.0,1.0,0,0.038834951456310676,0.0,14.0,120.0,2.0,1.1650485436893203
786,5,204,7434.07,36.441519607843134,2435,11.936274509803921,871.21,0.11719152496546308,964,173,42.97150289017341,0.0,0.0,Age Group1,Y,Level6,Homeowner,Group5,2,None/Unknown,1.0,1.0,0,0.004901960784313725,0.0,12.0,97.0,2.0,0.47549019607843135
787,2,190,2504.59,13.182052631578948,984,5.178947368421053,400.69,0.15998227254760258,276,181,13.837513812154697,0.0,0.0,Age Group2,Z,Level3,Homeowner,Group2,1,None/Unknown,7.0,3.0,0,0.03684210526315789,0.0,14.0,167.0,2.0,0.8789473684210526
788,2,295,7514.2,25.47186440677966,239409,811.5559322033898,2021.67,0.2690466050943547,1473,182,41.286813186813184,10.0,0.03389830508474576,Age Group2,Y,Level1,Unknown,Group1,2,1,3.0,1.0,1,0.010169491525423728,3.3333333333333335,8.0,82.0,2.0,0.27796610169491526
789,2,26,370.3,14.242307692307692,127,4.884615384615385,65.44,0.17672157709964892,95,25,14.812000000000001,0.0,0.0,Unknown,Unknown,Unknown,Unknown,Unknown,Unknown,Unknown,12.0,3.0,0,0.46153846153846156,0.0,15.0,158.0,2.0,6.076923076923077
790,7,58,2842.63,49.01086206896552,22210,382.9310344827586,289.95,0.10200061210920872,628,56,50.761250000000004,0.0,0.0,Age Group4,Y,Level5,Homeowner,Group6,1,None/Unknown,0.0,0.0,0,0.0,0.0,9.0,58.0,2.0,1.0
791,89,21,303.01,14.42904761904762,145,6.904761904761905,64.99,0.21448137025180686,116,19,15.947894736842105,0.0,0.0,Unknown,Unknown,Unknown,Unknown,Unknown,Unknown,Unknown,2.0,2.0,0,0.09523809523809523,0.0,14.0,129.0,2.0,6.142857142857143
792,0,23,337.11,14.656956521739131,15510,674.3478260869565,95.64,0.28370561537776984,115,20,16.8555,0.0,0.0,Unknown,Unknown,Unknown,Unknown,Unknown,Unknown,Unknown,0.0,0.0,0,0.0,0.0,9.0,53.0,2.0,2.3043478260869565
793,8,107,1832.03,17.121775700934577,79612,744.0373831775701,406.53,0.22190138807770615,333,93,19.699247311827957,2.0,0.018691588785046728,Unknown,Unknown,Unknown,Unknown,Unknown,Unknown,Unknown,0.0,0.0,1,0.0,0.0,8.0,51.0,2.0,0.4766355140186916
794,14,32,1752.5,54.765625,698,21.8125,408.52,0.23310699001426533,381,27,64.9074074074074,0.0,0.0,Unknown,Unknown,Unknown,Unknown,Unknown,Unknown,Unknown,1.0,1.0,0,0.03125,0.0,12.0,113.0,2.0,3.53125
795,40,45,1295.91,28.798000000000002,599,13.311111111111112,241.19,0.18611631980615936,320,39,33.22846153846154,0.0,0.0,Unknown,Unknown,Unknown,Unknown,Unknown,Unknown,Unknown,0.0,0.0,0,0.0,0.0,16.0,127.0,2.0,2.8222222222222224
796,11,50,445.65,8.913,10185,203.7,205.39000000000001,0.4608773701335129,148,49,9.094897959183672,0.0,0.0,Unknown,Unknown,Unknown,Unknown,Unknown,Unknown,Unknown,1.0,1.0,0,0.02,0.0,10.0,98.0,2.0,1.96
797,5,92,3059.57,33.256195652173915,853,9.271739130434783,236.72,0.07737034942818762,545,89,34.37719101123596,0.0,0.0,Age Group2,Y,Level6,Homeowner,Group5,2,None/Unknown,0.0,0.0,0,0.0,0.0,11.0,61.0,2.0,0.6630434782608695
798,6,54,1586.58,29.38111111111111,27930,517.2222222222222,330.12,0.20807018870778657,439,50,31.7316,0.0,0.0,Unknown,Unknown,Unknown,Unknown,Unknown,Unknown,Unknown,5.0,2.0,0,0.09259259259259259,0.0,13.0,151.0,2.0,2.7962962962962963
799,2,68,2084.11,30.64867647058824,125719,1848.8088235294117,726.72,0.3486956062779796,558,58,35.93293103448276,0.0,0.0,Unknown,Unknown,Unknown,Unknown,Unknown,Unknown,Unknown,0.0,0.0,0,0.0,0.0,12.0,127.0,2.0,1.8676470588235294
800,0,443,10426.58,23.536297968397292,4648,10.492099322799097,1778.66,0.1705890138473018,1276,379,27.51076517150396,0.0,0.0,Age Group2,X,Level4,Homeowner,Group5,2,None/Unknown,0.0,0.0,0,0.0,0.0,14.0,131.0,2.0,0.29571106094808125
801,4,29,1652.07,56.96793103448276,15722,542.1379310344828,661.2,0.40022517205687413,265,28,59.0025,0.0,0.0,Unknown,Unknown,Unknown,Unknown,Unknown,Unknown,Unknown,12.0,3.0,0,0.41379310344827586,0.0,19.0,179.0,2.0,6.172413793103448
802,9,59,2154.43,36.515762711864404,783,13.271186440677965,256.89,0.11923803511833757,344,59,36.515762711864404,0.0,0.0,Age Group6,Y,Level4,Homeowner,Group5,2,None/Unknown,0.0,0.0,0,0.0,0.0,12.0,87.0,2.0,1.4745762711864407
803,4,65,2036.84,31.336,869,13.36923076923077,363.64,0.17853145067850199,392,64,31.825625,0.0,0.0,Age Group2,Y,Level6,Unknown,Group5,2,None/Unknown,3.0,1.0,0,0.046153846153846156,0.0,9.0,110.0,2.0,1.6923076923076923
804,6,221,3917.7400000000002,17.727330316742083,2577,11.660633484162895,1094.01,0.27924517706636987,948,181,21.64497237569061,0.0,0.0,Unknown,Unknown,Unknown,Unknown,Unknown,Unknown,Unknown,3.0,2.0,0,0.013574660633484163,0.0,11.0,97.0,2.0,0.43891402714932126
805,1,304,5565.47,18.307467105263157,137555,452.48355263157896,1324.91,0.23805895998001966,703,226,24.625973451327436,10.0,0.03289473684210526,Unknown,Unknown,Unknown,Unknown,Unknown,Unknown,Unknown,6.0,2.0,1,0.019736842105263157,1.6666666666666667,13.0,152.0,2.0,0.5
806,0,125,5875.35,47.0028,64035,512.28,937.2,0.15951390129949705,1035,104,56.493750000000006,0.0,0.0,Age Group3,X,Level6,Homeowner,Group5,2,None/Unknown,7.0,2.0,0,0.056,0.0,12.0,133.0,2.0,1.064
807,7,123,4014.02,32.63430894308943,263117,2139.162601626016,1058.07,0.2635936044165201,738,99,40.545656565656564,5.0,0.04065040650406504,Unknown,Unknown,Unknown,Unknown,Unknown,Unknown,Unknown,9.0,3.0,1,0.07317073170731707,0.5555555555555556,18.0,179.0,2.0,1.4552845528455285
808,0,206,2317.9,11.251941747572817,113012,548.6019417475728,361.07,0.1557746235816903,545,170,13.634705882352941,0.0,0.0,Age Group4,Y,Level6,Homeowner,Group4,3,1,5.0,2.0,0,0.024271844660194174,0.0,16.0,131.0,2.0,0.6359223300970874
809,20,57,619.75,10.87280701754386,436,7.649122807017544,167.11,0.26964098426784994,179,43,14.412790697674419,0.0,0.0,Unknown,Unknown,Unknown,Unknown,Unknown,Unknown,Unknown,2.0,1.0,0,0.03508771929824561,0.0,16.0,134.0,2.0,2.3508771929824563
810,17,37,540.1,14.597297297297297,232,6.27027027027027,44.54,0.08246620996111831,97,35,15.431428571428572,0.0,0.0,Unknown,Unknown,Unknown,Unknown,Unknown,Unknown,Unknown,0.0,0.0,0,0.0,0.0,11.0,59.0,2.0,1.5945945945945945
811,14,39,680.23,17.441794871794873,431,11.051282051282051,146.25,0.21500080855004924,269,30,22.674333333333333,0.0,0.0,Unknown,Unknown,Unknown,Unknown,Unknown,Unknown,Unknown,0.0,0.0,0,0.0,0.0,10.0,53.0,2.0,1.358974358974359
812,25,93,1165.27,12.529784946236559,602,6.473118279569892,198.87,0.17066430955915796,173,68,17.136323529411765,0.0,0.0,Unknown,Unknown,Unknown,Unknown,Unknown,Unknown,Unknown,0.0,0.0,0,0.0,0.0,9.0,89.0,2.0,0.956989247311828
813,3,33,2065.1,62.57878787878788,16295,493.7878787878788,248.84,0.12049779671686602,430,31,66.61612903225806,0.0,0.0,Unknown,Unknown,Unknown,Unknown,Unknown,Unknown,Unknown,3.0,1.0,0,0.09090909090909091,0.0,9.0,67.0,2.0,2.0303030303030303
814,24,23,773.76,33.64173913043478,5380,233.91304347826087,127.71,0.16505117866004962,229,18,42.986666666666665,0.0,0.0,Unknown,Unknown,Unknown,Unknown,Unknown,Unknown,Unknown,0.0,0.0,0,0.0,0.0,15.0,131.0,2.0,5.695652173913044
815,17,47,1802.37,38.348297872340424,1063,22.617021276595743,461.41,0.25600181982611786,531,38,47.43078947368421,0.0,0.0,Unknown,Unknown,Unknown,Unknown,Unknown,Unknown,Unknown,0.0,0.0,0,0.0,0.0,10.0,83.0,2.0,1.7659574468085106
816,15,106,3468.66,32.72320754716981,20831,196.5188679245283,457.38,0.13186071854837314,762,95,36.51221052631579,0.0,0.0,Age Group2,Y,Level5,Unknown,Group3,1,None/Unknown,0.0,0.0,0,0.0,0.0,14.0,125.0,2.0,1.179245283018868
817,5,147,4801.85,32.6656462585034,2157,14.673469387755102,1299.24,0.2705707175359497,876,140,34.298928571428576,0.0,0.0,Age Group3,X,Level9,Homeowner,Group4,3,1,9.0,3.0,0,0.061224489795918366,0.0,19.0,153.0,2.0,1.0408163265306123
818,0,52,1724.59,33.16519230769231,151521,2913.8653846153848,199.04,0.11541293872746566,362,47,36.693404255319145,0.0,0.0,Unknown,Unknown,Unknown,Unknown,Unknown,Unknown,Unknown,6.0,2.0,0,0.11538461538461539,0.0,16.0,145.0,2.0,2.7884615384615383
819,10,6,161.75,26.958333333333332,73,12.166666666666666,29.49,0.18231839258114374,46,6,26.958333333333332,0.0,0.0,Unknown,Unknown,Unknown,Unknown,Unknown,Unknown,Unknown,0.0,0.0,0,0.0,0.0,12.0,121.0,2.0,20.166666666666668
820,0,208,4603.9800000000005,22.134519230769232,16232,78.03846153846153,729.71,0.15849547565367356,1165,162,28.419629629629632,0.0,0.0,Unknown,Unknown,Unknown,Unknown,Unknown,Unknown,Unknown,0.0,0.0,0,0.0,0.0,8.0,30.0,2.0,0.14423076923076922
821,91,17,464.56,27.327058823529413,16684,981.4117647058823,14.08,0.030308248665403822,50,15,30.970666666666666,0.0,0.0,Unknown,Unknown,Unknown,Unknown,Unknown,Unknown,Unknown,2.0,1.0,0,0.11764705882352941,0.0,17.0,170.0,2.0,10.0
822,12,42,866.5600000000001,20.632380952380952,10766,256.3333333333333,215.37,0.2485344350073855,239,38,22.804210526315792,0.0,0.0,Unknown,Unknown,Unknown,Unknown,Unknown,Unknown,Unknown,0.0,0.0,0,0.0,0.0,10.0,30.0,2.0,0.7142857142857143
823,6,117,2590.15,22.13803418803419,117006,1000.0512820512821,308.26,0.11901241240854776,496,101,25.645049504950496,0.0,0.0,Age Group3,X,Level5,Homeowner,Group4,3,1,0.0,0.0,0,0.0,0.0,10.0,78.0,2.0,0.6666666666666666
824,0,57,1167.03,20.47421052631579,8854,155.33333333333334,298.39,0.25568323007977517,361,53,22.019433962264152,0.0,0.0,Unknown,Unknown,Unknown,Unknown,Unknown,Unknown,Unknown,2.0,1.0,0,0.03508771929824561,0.0,15.0,140.0,2.0,2.456140350877193
825,3,242,11835.02,48.90504132231405,790333,3265.8388429752067,1864.82,0.15756796355223734,1680,196,60.38275510204082,13.0,0.05371900826446281,Age Group4,X,Level10,Homeowner,Group5,2,None/Unknown,0.0,0.0,1,0.0,0.0,15.0,119.0,2.0,0.49173553719008267
826,26,26,203.01,7.808076923076923,4035,155.19230769230768,22.14,0.10905866706073593,59,25,8.1204,0.0,0.0,Unknown,Unknown,Unknown,Unknown,Unknown,Unknown,Unknown,8.0,3.0,0,0.3076923076923077,0.0,18.0,207.0,2.0,7.961538461538462
827,2,20,326.88,16.344,16453,822.65,59.93,0.18333945178658836,123,19,17.20421052631579,0.0,0.0,Unknown,Unknown,Unknown,Unknown,Unknown,Unknown,Unknown,0.0,0.0,0,0.0,0.0,5.0,33.0,2.0,1.65
828,211,37,1123.16,30.355675675675677,60363,1631.4324324324325,216.67,0.1929110723316357,321,33,34.03515151515152,0.0,0.0,Unknown,Unknown,Unknown,Unknown,Unknown,Unknown,Unknown,0.0,0.0,0,0.0,0.0,13.0,63.0,2.0,1.7027027027027026
829,13,32,1635.21,51.1003125,14245,445.15625,366.09,0.223879501715376,384,32,51.1003125,0.0,0.0,Unknown,Unknown,Unknown,Unknown,Unknown,Unknown,Unknown,0.0,0.0,0,0.0,0.0,12.0,96.0,2.0,3.0
830,0,231,1694.32,7.334718614718614,1236,5.35064935064935,388.69,0.2294076679729921,406,129,13.134263565891473,0.0,0.0,Unknown,Unknown,Unknown,Unknown,Unknown,Unknown,Unknown,0.0,0.0,0,0.0,0.0,13.0,105.0,2.0,0.45454545454545453
831,5,166,8831.35,53.200903614457836,3042,18.325301204819276,1414.09,0.1601216122110436,1198,152,58.100986842105264,0.0,0.0,Age Group4,Z,Level5,Homeowner,Group1,3,2,4.0,2.0,0,0.024096385542168676,0.0,10.0,93.0,2.0,0.5602409638554217
832,11,14,479.24,34.23142857142857,171,12.214285714285714,46.57,0.0971746932643352,110,14,34.23142857142857,0.0,0.0,Unknown,Unknown,Unknown,Unknown,Unknown,Unknown,Unknown,1.0,1.0,0,0.07142857142857142,0.0,16.0,175.0,2.0,12.5
833,106,34,1975.56,58.10470588235294,19712,579.7647058823529,601.05,0.3042428475976432,399,32,61.73625,0.0,0.0,Unknown,Unknown,Unknown,Unknown,Unknown,Unknown,Unknown,0.0,0.0,0,0.0,0.0,8.0,57.0,2.0,1.6764705882352942
834,4,28,946.28,33.79571428571428,48565,1734.4642857142858,142.42,0.1505051359005791,202,25,37.8512,0.0,0.0,Unknown,Unknown,Unknown,Unknown,Unknown,Unknown,Unknown,0.0,0.0,0,0.0,0.0,11.0,114.0,2.0,4.071428571428571
835,123,17,273.81,16.106470588235293,91,5.352941176470588,16.02,0.05850772433439246,66,17,16.106470588235293,0.0,0.0,Unknown,Unknown,Unknown,Unknown,Unknown,Unknown,Unknown,2.0,1.0,0,0.11764705882352941,0.0,12.0,85.0,2.0,5.0
836,20,75,1564.35,20.858,721,9.613333333333333,306.44,0.19588966663470453,342,65,24.066923076923075,0.0,0.0,Unknown,Unknown,Unknown,Unknown,Unknown,Unknown,Unknown,0.0,0.0,0,0.0,0.0,5.0,34.0,2.0,0.4533333333333333
837,3,36,793.38,22.038333333333334,350,9.722222222222221,191.07,0.2408303713226953,196,35,22.668,0.0,0.0,Unknown,Unknown,Unknown,Unknown,Unknown,Unknown,Unknown,2.0,2.0,0,0.05555555555555555,0.0,15.0,88.0,2.0,2.4444444444444446
838,1,32,384.69,12.0215625,6815,212.96875,59.83,0.15552782760144532,165,30,12.823,0.0,0.0,Unknown,Unknown,Unknown,Unknown,Unknown,Unknown,Unknown,0.0,0.0,0,0.0,0.0,13.0,80.0,2.0,2.5
839,19,10,846.7,84.67,282,28.2,84.94,0.10031888508326443,252,8,105.8375,0.0,0.0,Unknown,Unknown,Unknown,Unknown,Unknown,Unknown,Unknown,0.0,0.0,0,0.0,0.0,11.0,61.0,2.0,6.1
840,0,214,11944.57,55.8157476635514,39963,186.7429906542056,1257.68,0.10529303273370244,1634,190,62.866157894736844,1.0,0.004672897196261682,Age Group3,X,Level6,Homeowner,Group4,5+,3+,0.0,0.0,1,0.0,0.0,11.0,101.0,2.0,0.4719626168224299
841,0,157,2550.37,16.2443949044586,101033,643.5222929936306,524.42,0.2056250661668699,483,99,25.76131313131313,0.0,0.0,Unknown,Unknown,Unknown,Unknown,Unknown,Unknown,Unknown,5.0,3.0,0,0.03184713375796178,0.0,21.0,202.0,2.0,1.286624203821656
842,11,506,7527.27,14.876027667984191,510491,1008.8754940711462,1443.77,0.19180526273137538,1087,293,25.69034129692833,0.0,0.0,Unknown,Unknown,Unknown,Unknown,Unknown,Unknown,Unknown,1.0,1.0,0,0.001976284584980237,0.0,11.0,119.0,2.0,0.23517786561264822
843,1,74,2619.23,35.395,6124,82.75675675675676,449.92,0.1717756745303009,627,59,44.39372881355932,0.0,0.0,Unknown,Unknown,Unknown,Unknown,Unknown,Unknown,Unknown,7.0,3.0,0,0.0945945945945946,0.0,18.0,155.0,2.0,2.0945945945945947
844,1,141,5399.64,38.29531914893617,12352,87.60283687943263,578.21,0.10708306479691239,718,128,42.1846875,0.0,0.0,Age Group4,X,Level11,Homeowner,Group5,2,None/Unknown,0.0,0.0,0,0.0,0.0,13.0,128.0,2.0,0.9078014184397163
845,6,117,5097.28,43.566495726495724,83539,714.008547008547,760.62,0.149220760876389,1000,107,47.638130841121495,3.0,0.02564102564102564,Age Group1,Z,Level5,Homeowner,Group3,1,None/Unknown,4.0,2.0,1,0.03418803418803419,0.75,17.0,152.0,2.0,1.2991452991452992
846,27,34,1120.9,32.96764705882353,437,12.852941176470589,182.24,0.16258363814791685,314,34,32.96764705882353,0.0,0.0,Unknown,Unknown,Unknown,Unknown,Unknown,Unknown,Unknown,11.0,3.0,0,0.3235294117647059,0.0,18.0,178.0,2.0,5.235294117647059
847,3,53,1463.32,27.609811320754716,124373,2346.6603773584907,143.84,0.09829702320750076,263,47,31.13446808510638,0.0,0.0,Unknown,Unknown,Unknown,Unknown,Unknown,Unknown,Unknown,0.0,0.0,0,0.0,0.0,13.0,95.0,2.0,1.7924528301886793
848,7,29,2684.13,92.55620689655173,1112,38.3448275862069,409.38,0.15251869320785505,448,22,122.0059090909091,0.0,0.0,Unknown,Unknown,Unknown,Unknown,Unknown,Unknown,Unknown,0.0,0.0,0,0.0,0.0,15.0,115.0,2.0,3.9655172413793105
849,3,62,4599.52,74.1858064516129,1873,30.20967741935484,490.7,0.10668504539604132,826,61,75.40196721311476,0.0,0.0,Unknown,Unknown,Unknown,Unknown,Unknown,Unknown,Unknown,0.0,0.0,0,0.0,0.0,10.0,112.0,2.0,1.8064516129032258
850,10,97,1252.91,12.916597938144331,5970,61.54639175257732,221.81,0.17703586051671708,369,90,13.921222222222223,0.0,0.0,Unknown,Unknown,Unknown,Unknown,Unknown,Unknown,Unknown,6.0,2.0,0,0.061855670103092786,0.0,14.0,149.0,2.0,1.5360824742268042
851,49,21,166.78,7.941904761904762,98,4.666666666666667,34.08,0.20434104808730064,27,21,7.941904761904762,0.0,0.0,Unknown,Unknown,Unknown,Unknown,Unknown,Unknown,Unknown,3.0,1.0,0,0.14285714285714285,0.0,13.0,101.0,2.0,4.809523809523809
852,7,95,1943.73,20.460315789473686,782,8.23157894736842,203.72,0.10480879546027483,426,89,21.839662921348314,0.0,0.0,Age Group2,Y,Level4,Unknown,Group4,4,2,0.0,0.0,0,0.0,0.0,5.0,18.0,2.0,0.18947368421052632
853,1,516,13497.29,26.157538759689924,731341,1417.327519379845,543.44,0.04026289721862685,807,451,29.92747228381375,0.0,0.0,Age Group2,Z,Level10,Unknown,Group3,1,None/Unknown,1.0,1.0,0,0.001937984496124031,0.0,12.0,136.0,2.0,0.26356589147286824
854,33,36,551.87,15.329722222222223,274,7.611111111111111,90.27,0.16357113088227299,190,36,15.329722222222223,0.0,0.0,Unknown,Unknown,Unknown,Unknown,Unknown,Unknown,Unknown,5.0,2.0,0,0.1388888888888889,0.0,15.0,162.0,2.0,4.5
855,1,216,5617.79,26.008287037037036,2237,10.356481481481481,1190.0,0.2118270707876229,922,190,29.567315789473685,0.0,0.0,Unknown,Unknown,Unknown,Unknown,Unknown,Unknown,Unknown,1.0,1.0,0,0.004629629629629629,0.0,11.0,78.0,2.0,0.3611111111111111
856,1,182,5080.04,27.912307692307692,162189,891.1483516483516,1219.17,0.23999220478578911,741,158,32.152151898734175,0.0,0.0,Age Group5,Z,Level4,Homeowner,Group3,1,None/Unknown,3.0,2.0,0,0.016483516483516484,0.0,16.0,167.0,2.0,0.9175824175824175
857,8,43,4040.81,93.97232558139535,1775,41.27906976744186,545.46,0.13498778710209092,649,41,98.55634146341464,0.0,0.0,Age Group6,X,Level4,Homeowner,Group1,3,1,6.0,3.0,0,0.13953488372093023,0.0,14.0,155.0,2.0,3.604651162790698
858,1,42,594.23,14.148333333333333,279,6.642857142857143,87.48,0.14721572455109974,199,41,14.493414634146342,0.0,0.0,Unknown,Unknown,Unknown,Unknown,Unknown,Unknown,Unknown,5.0,2.0,0,0.11904761904761904,0.0,10.0,132.0,2.0,3.142857142857143
859,1,194,7074.2,36.464948453608244,270618,1394.9381443298969,998.39,0.14113115263916767,1037,171,41.369590643274854,0.0,0.0,Age Group2,Y,Level5,Unknown,Group3,1,None/Unknown,0.0,0.0,0,0.0,0.0,10.0,86.0,2.0,0.44329896907216493
860,75,52,261.06,5.020384615384615,195,3.75,58.77,0.22512066191680075,88,42,6.215714285714286,0.0,0.0,Unknown,Unknown,Unknown,Unknown,Unknown,Unknown,Unknown,7.0,3.0,0,0.1346153846153846,0.0,21.0,180.0,2.0,3.4615384615384617
861,5,34,1382.53,40.66264705882353,475,13.970588235294118,132.86,0.09609918048794602,249,27,51.20481481481482,0.0,0.0,Unknown,Unknown,Unknown,Unknown,Unknown,Unknown,Unknown,0.0,0.0,0,0.0,0.0,6.0,30.0,2.0,0.8823529411764706
862,0,71,1753.9,24.70281690140845,937,13.19718309859155,312.84,0.17836820799361422,408,58,30.239655172413794,0.0,0.0,Unknown,Unknown,Unknown,Unknown,Unknown,Unknown,Unknown,1.0,1.0,0,0.014084507042253521,0.0,12.0,76.0,2.0,1.0704225352112675
863,0,146,2183.53,14.95568493150685,176138,1206.4246575342465,316.13,0.14477932522108694,488,98,22.280918367346942,0.0,0.0,Age Group4,Y,Level2,Unknown,Group6,1,None/Unknown,1.0,1.0,0,0.00684931506849315,0.0,11.0,118.0,2.0,0.8082191780821918
864,0,109,7892.97,72.41256880733945,3435,31.513761467889907,1332.94,0.16887686130822746,1118,105,75.17114285714285,12.0,0.11009174311926606,Age Group3,Y,Level2,Homeowner,Group3,1,None/Unknown,3.0,2.0,1,0.027522935779816515,4.0,15.0,112.0,2.0,1.0275229357798166
865,16,35,1887.73,53.93514285714286,34192,976.9142857142857,443.92,0.23516074862400874,291,28,67.41892857142857,0.0,0.0,Age Group3,X,Level6,Homeowner,Group4,5+,3+,7.0,2.0,0,0.2,0.0,15.0,164.0,2.0,4.685714285714286
866,18,136,5519.35,40.58345588235294,172077,1265.2720588235295,1298.28,0.23522335057570182,868,109,50.63623853211009,0.0,0.0,Age Group4,Y,Level2,Unknown,Group1,2,1,0.0,0.0,0,0.0,0.0,13.0,91.0,2.0,0.6691176470588235
867,0,182,6088.84,33.45516483516484,502320,2760.0,798.99,0.13122203900907234,911,149,40.864697986577184,6.0,0.03296703296703297,Age Group4,Y,Level6,Homeowner,Group6,1,None/Unknown,0.0,0.0,1,0.0,0.0,15.0,141.0,2.0,0.7747252747252747
868,3,162,6836.65,42.20154320987654,491580,3034.4444444444443,872.99,0.12769265649111775,1127,125,54.6932,0.0,0.0,Age Group6,X,Level4,Homeowner,Group5,2,None/Unknown,3.0,1.0,0,0.018518518518518517,0.0,17.0,178.0,2.0,1.0987654320987654
869,1,130,1428.67,10.989769230769232,684,5.2615384615384615,239.16,0.16740044936899354,364,115,12.423217391304348,0.0,0.0,Unknown,Unknown,Unknown,Unknown,Unknown,Unknown,Unknown,6.0,3.0,0,0.046153846153846156,0.0,15.0,170.0,2.0,1.3076923076923077
870,293,12,241.41,20.1175,100,8.333333333333334,35.85,0.1485025475332422,88,12,20.1175,0.0,0.0,Unknown,Unknown,Unknown,Unknown,Unknown,Unknown,Unknown,0.0,0.0,0,0.0,0.0,12.0,108.0,2.0,9.0
871,2,132,10435.960000000001,79.06030303030303,89298,676.5,1261.32,0.12086286264033207,1144,120,86.96633333333334,0.0,0.0,Age Group3,X,Level11,Homeowner,Group4,3,1,0.0,0.0,0,0.0,0.0,9.0,47.0,2.0,0.3560606060606061
872,21,9,172.07,19.11888888888889,57,6.333333333333333,17.16,0.09972685534956705,47,4,43.0175,0.0,0.0,Unknown,Unknown,Unknown,Unknown,Unknown,Unknown,Unknown,6.0,2.0,0,0.6666666666666666,0.0,18.0,179.0,2.0,19.88888888888889
873,13,113,2938.15,26.00132743362832,188789,1670.6991150442477,845.89,0.287898847914504,616,79,37.19177215189873,0.0,0.0,Unknown,Unknown,Unknown,Unknown,Unknown,Unknown,Unknown,0.0,0.0,0,0.0,0.0,5.0,33.0,2.0,0.2920353982300885
874,154,5,222.22,44.444,82,16.4,30.15,0.13567635676356762,55,5,44.444,0.0,0.0,Unknown,Unknown,Unknown,Unknown,Unknown,Unknown,Unknown,4.0,2.0,0,0.8,0.0,12.0,117.0,2.0,23.4
875,22,68,1473.27,21.665735294117646,905,13.308823529411764,379.1,0.25731875352107897,427,65,22.665692307692307,0.0,0.0,Age Group2,Y,Level3,Unknown,Group4,3,1,0.0,0.0,0,0.0,0.0,9.0,34.0,2.0,0.5
876,3,200,5899.04,29.4952,360106,1800.53,890.38,0.15093642355366296,776,166,35.536385542168674,0.0,0.0,Unknown,Unknown,Unknown,Unknown,Unknown,Unknown,Unknown,0.0,0.0,0,0.0,0.0,10.0,118.0,2.0,0.59
877,11,63,3355.07,53.25507936507937,82992,1317.3333333333333,446.34,0.13303448214195232,525,56,59.91196428571429,10.0,0.15873015873015872,Unknown,Unknown,Unknown,Unknown,Unknown,Unknown,Unknown,8.0,3.0,1,0.12698412698412698,1.25,17.0,158.0,2.0,2.507936507936508
878,2,181,5980.72,33.042651933701656,44715,247.04419889502762,1552.32,0.2595540336280581,1107,147,40.68517006802721,2.0,0.011049723756906077,Age Group2,Y,Level4,Unknown,Group1,3,2,4.0,2.0,1,0.022099447513812154,0.5,14.0,138.0,2.0,0.7624309392265194
879,7,96,2448.6,25.506249999999998,226402,2358.3541666666665,425.29,0.1736870048190803,455,88,27.825,0.0,0.0,Age Group3,Z,Level5,Homeowner,Group5,2,None/Unknown,9.0,3.0,0,0.09375,0.0,15.0,150.0,2.0,1.5625
880,38,12,197.39,16.449166666666667,99,8.25,44.2,0.22392218450782717,79,9,21.932222222222222,0.0,0.0,Unknown,Unknown,Unknown,Unknown,Unknown,Unknown,Unknown,2.0,2.0,0,0.16666666666666666,0.0,14.0,114.0,2.0,9.5
881,0,139,4295.11,30.90007194244604,2741,19.719424460431654,949.79,0.22113286970531607,903,135,31.815629629629626,0.0,0.0,Unknown,Unknown,Unknown,Unknown,Unknown,Unknown,Unknown,0.0,0.0,0,0.0,0.0,8.0,55.0,2.0,0.39568345323741005
882,9,240,4609.8,19.2075,112603,469.1791666666667,942.79,0.20451863421406566,967,192,24.009375000000002,0.0,0.0,Age Group4,Y,Level5,Unknown,Group5,2,None/Unknown,6.0,2.0,0,0.025,0.0,13.0,151.0,2.0,0.6291666666666667
883,1,352,10165.13,28.878210227272724,576558,1637.9488636363637,1223.74,0.12038606491013888,1104,259,39.24760617760617,4.0,0.011363636363636364,Age Group3,X,Level4,Homeowner,Group5,2,None/Unknown,3.0,1.0,1,0.008522727272727272,1.3333333333333333,18.0,154.0,2.0,0.4375
884,2,70,674.35,9.633571428571429,350,5.0,73.49,0.10897901683102246,190,52,12.96826923076923,0.0,0.0,Unknown,Unknown,Unknown,Unknown,Unknown,Unknown,Unknown,8.0,2.0,0,0.11428571428571428,0.0,22.0,180.0,2.0,2.5714285714285716
885,2,87,2602.8,29.917241379310347,44773,514.6321839080459,507.44,0.1949592746273244,473,70,37.182857142857145,0.0,0.0,Unknown,Unknown,Unknown,Unknown,Unknown,Unknown,Unknown,1.0,1.0,0,0.011494252873563218,0.0,10.0,78.0,2.0,0.896551724137931
886,2,198,4890.11,24.69752525252525,337353,1703.8030303030303,640.77,0.13103386222395816,599,170,28.76535294117647,0.0,0.0,Age Group3,X,Level7,Homeowner,Group5,2,None/Unknown,1.0,1.0,0,0.005050505050505051,0.0,10.0,121.0,2.0,0.6111111111111112
887,17,48,1133.71,23.618958333333335,593,12.354166666666666,249.69,0.22024150796941017,386,44,25.766136363636363,0.0,0.0,Unknown,Unknown,Unknown,Unknown,Unknown,Unknown,Unknown,3.0,2.0,0,0.0625,0.0,17.0,161.0,2.0,3.3541666666666665
888,5,79,8689.01,109.98746835443038,3861,48.87341772151899,1311.21,0.15090441833994897,1296,77,112.84428571428572,12.0,0.1518987341772152,Age Group2,Y,Level9,Homeowner,Group4,3,1,0.0,0.0,1,0.0,0.0,9.0,102.0,2.0,1.2911392405063291
889,0,216,12983.01,60.10652777777778,1086152,5028.481481481482,1803.62,0.1389215597923748,1397,187,69.42786096256684,23.0,0.10648148148148148,Age Group2,X,Level5,Homeowner,Group4,4,2,12.0,3.0,1,0.05555555555555555,1.9166666666666667,16.0,168.0,2.0,0.7777777777777778
890,17,31,1068.91,34.48096774193549,24223,781.3870967741935,327.68,0.3065552759352986,302,29,36.85896551724138,0.0,0.0,Unknown,Unknown,Unknown,Unknown,Unknown,Unknown,Unknown,12.0,3.0,0,0.3870967741935484,0.0,18.0,167.0,2.0,5.387096774193548
891,0,113,7035.21,62.25849557522124,3350,29.646017699115045,1468.77,0.20877415173107838,1086,93,75.6474193548387,0.0,0.0,Unknown,Unknown,Unknown,Unknown,Unknown,Unknown,Unknown,0.0,0.0,0,0.0,0.0,11.0,102.0,2.0,0.9026548672566371
892,106,22,443.31,20.150454545454547,253,11.5,136.81,0.30861022760596424,192,22,20.150454545454547,0.0,0.0,Unknown,Unknown,Unknown,Unknown,Unknown,Unknown,Unknown,7.0,2.0,0,0.3181818181818182,0.0,16.0,161.0,2.0,7.318181818181818
893,2,111,4729.01,42.60369369369369,22840,205.76576576576576,566.83,0.11986229675978693,737,97,48.752680412371134,0.0,0.0,Unknown,Unknown,Unknown,Unknown,Unknown,Unknown,Unknown,0.0,0.0,0,0.0,0.0,11.0,88.0,2.0,0.7927927927927928
894,27,31,1095.29,35.331935483870964,449,14.483870967741936,165.19,0.15081850468825608,263,25,43.8116,0.0,0.0,Unknown,Unknown,Unknown,Unknown,Unknown,Unknown,Unknown,2.0,2.0,0,0.06451612903225806,0.0,11.0,125.0,2.0,4.032258064516129
895,11,211,8700.15,41.23293838862559,420762,1994.132701421801,873.97,0.10045458986339317,695,180,48.33416666666666,3.0,0.014218009478672985,Age Group4,Y,Level9,Unknown,Group2,1,None/Unknown,0.0,0.0,1,0.0,0.0,10.0,87.0,2.0,0.41232227488151657
896,5,112,5274.46,47.09339285714286,149218,1332.3035714285713,1485.09,0.2815624727460252,1310,103,51.20834951456311,1.0,0.008928571428571428,Unknown,Unknown,Unknown,Unknown,Unknown,Unknown,Unknown,10.0,2.0,1,0.08928571428571429,0.1,19.0,147.0,2.0,1.3125
897,1,62,840.23,13.552096774193549,315,5.080645161290323,97.85,0.11645620841912332,233,58,14.486724137931034,0.0,0.0,Unknown,Unknown,Unknown,Unknown,Unknown,Unknown,Unknown,8.0,2.0,0,0.12903225806451613,0.0,17.0,169.0,2.0,2.725806451612903
898,0,315,8355.23,26.524539682539682,699507,2220.657142857143,1156.2,0.13838039168281424,983,257,32.51062256809338,0.0,0.0,Age Group5,X,Level8,Homeowner,Group5,2,None/Unknown,0.0,0.0,0,0.0,0.0,8.0,84.0,2.0,0.26666666666666666
899,73,12,315.15,26.2625,105,8.75,57.37,0.18204029827066476,75,11,28.65,0.0,0.0,Unknown,Unknown,Unknown,Unknown,Unknown,Unknown,Unknown,5.0,2.0,0,0.4166666666666667,0.0,18.0,163.0,2.0,13.583333333333334
900,0,1223,16450.53,13.45096484055601,1264243,1033.7228127555193,1470.07,0.08936307827164232,1641,521,31.57491362763915,0.0,0.0,Age Group3,X,Level4,Homeowner,Group5,2,None/Unknown,0.0,0.0,0,0.0,0.0,8.0,46.0,2.0,0.03761242845461979
901,2,76,2766.7,36.40394736842105,5391,70.9342105263158,535.37,0.19350489753135505,697,64,43.2296875,0.0,0.0,Unknown,Unknown,Unknown,Unknown,Unknown,Unknown,Unknown,8.0,2.0,0,0.10526315789473684,0.0,22.0,214.0,2.0,2.8157894736842106
902,105,10,135.23000000000002,13.523000000000001,41,4.1,5.32,0.039340383051098125,24,10,13.523000000000001,0.0,0.0,Unknown,Unknown,Unknown,Unknown,Unknown,Unknown,Unknown,3.0,2.0,0,0.3,0.0,17.0,148.0,2.0,14.8
903,10,72,2949.56,40.96611111111111,886,12.305555555555555,393.54,0.13342329025346153,466,70,42.13657142857143,0.0,0.0,Age Group3,Y,Level4,Unknown,Group2,1,None/Unknown,0.0,0.0,0,0.0,0.0,3.0,17.0,2.0,0.2361111111111111
904,1,31,890.25,28.717741935483872,31855,1027.5806451612902,131.86,0.14811569783768605,248,30,29.675,0.0,0.0,Unknown,Unknown,Unknown,Unknown,Unknown,Unknown,Unknown,3.0,1.0,0,0.0967741935483871,0.0,13.0,129.0,2.0,4.161290322580645
905,51,31,851.9300000000001,27.48161290322581,58416,1884.3870967741937,98.09,0.11513856772270022,208,29,29.37689655172414,0.0,0.0,Unknown,Unknown,Unknown,Unknown,Unknown,Unknown,Unknown,0.0,0.0,0,0.0,0.0,13.0,91.0,2.0,2.935483870967742
906,0,382,7048.71,18.452120418848168,618464,1619.0157068062827,1373.64,0.19487821175789613,402,290,24.30589655172414,1.0,0.002617801047120419,Age Group5,X,Level1,Homeowner,Group3,2,None/Unknown,0.0,0.0,1,0.0,0.0,12.0,97.0,2.0,0.25392670157068065
907,3,92,1953.06,21.22891304347826,1016,11.043478260869565,478.94,0.2452254411026799,446,84,23.250714285714285,0.0,0.0,Unknown,Unknown,Unknown,Unknown,Unknown,Unknown,Unknown,6.0,2.0,0,0.06521739130434782,0.0,14.0,112.0,2.0,1.2173913043478262
908,4,199,6097.47,30.640552763819098,186216,935.7587939698492,1549.53,0.2541267115705366,895,178,34.25544943820225,2.0,0.010050251256281407,Age Group4,X,Level7,Probable Owner,Group4,3,1,3.0,1.0,1,0.01507537688442211,0.6666666666666666,15.0,106.0,2.0,0.5326633165829145
909,0,713,12414.56,17.41172510518934,1059350,1485.7643758765778,2014.05,0.16223289427897566,1999,335,37.05838805970149,1.0,0.001402524544179523,Unknown,Unknown,Unknown,Unknown,Unknown,Unknown,Unknown,4.0,2.0,1,0.005610098176718092,0.25,16.0,161.0,2.0,0.22580645161290322
910,69,34,1158.1100000000001,34.06205882352941,53970,1587.3529411764705,162.94,0.14069475265734688,286,32,36.190937500000004,0.0,0.0,Unknown,Unknown,Unknown,Unknown,Unknown,Unknown,Unknown,12.0,3.0,0,0.35294117647058826,0.0,22.0,230.0,2.0,6.764705882352941
911,20,75,3696.76,49.29013333333334,76151,1015.3466666666667,449.03000000000003,0.12146582412707344,665,71,52.06704225352113,2.0,0.02666666666666667,Age Group2,X,Level8,Homeowner,Group5,2,None/Unknown,0.0,0.0,1,0.0,0.0,11.0,92.0,2.0,1.2266666666666666
912,95,20,1164.11,58.205499999999994,4516,225.8,187.99,0.1614881755160595,300,16,72.756875,0.0,0.0,Unknown,Unknown,Unknown,Unknown,Unknown,Unknown,Unknown,3.0,1.0,0,0.15,0.0,16.0,155.0,2.0,7.75
913,8,69,1830.63,26.530869565217394,44269,641.5797101449275,281.94,0.15401255305550546,290,68,26.921029411764707,0.0,0.0,Unknown,Unknown,Unknown,Unknown,Unknown,Unknown,Unknown,0.0,0.0,0,0.0,0.0,13.0,104.0,2.0,1.5072463768115942
914,2,60,1834.08,30.567999999999998,618,10.3,167.73,0.09145184506673645,305,58,31.62206896551724,0.0,0.0,Age Group4,Z,Level2,Homeowner,Group5,2,None/Unknown,2.0,2.0,0,0.03333333333333333,0.0,12.0,91.0,2.0,1.5166666666666666
915,4,119,970.11,8.15218487394958,586,4.92436974789916,82.66,0.08520683221490347,174,114,8.509736842105264,0.0,0.0,Age Group4,Y,Level2,Unknown,Group3,1,None/Unknown,0.0,0.0,0,0.0,0.0,12.0,97.0,2.0,0.8151260504201681
916,3,206,3764.6,18.2747572815534,235806,1144.6893203883494,605.93,0.16095468310046218,901,158,23.826582278481013,0.0,0.0,Unknown,Unknown,Unknown,Unknown,Unknown,Unknown,Unknown,2.0,1.0,0,0.009708737864077669,0.0,8.0,65.0,2.0,0.3155339805825243
917,143,44,488.48,11.101818181818182,241,5.4772727272727275,114.21,0.23380691123485095,164,25,19.5392,0.0,0.0,Unknown,Unknown,Unknown,Unknown,Unknown,Unknown,Unknown,4.0,2.0,0,0.09090909090909091,0.0,17.0,152.0,2.0,3.4545454545454546
918,106,152,3135.38,20.6275,6175,40.625,510.31,0.1627585810970281,770,110,28.503454545454545,0.0,0.0,Unknown,Unknown,Unknown,Unknown,Unknown,Unknown,Unknown,0.0,0.0,0,0.0,0.0,12.0,66.0,2.0,0.4342105263157895
919,1,135,1469.45,10.884814814814815,8600,63.7037037037037,223.05,0.15179148661063663,440,111,13.238288288288288,0.0,0.0,Unknown,Unknown,Unknown,Unknown,Unknown,Unknown,Unknown,5.0,2.0,0,0.037037037037037035,0.0,15.0,149.0,2.0,1.1037037037037036
920,1,238,5887.36,24.736806722689074,135019,567.3067226890756,1071.04,0.1819219480378302,972,177,33.2619209039548,4.0,0.01680672268907563,Age Group4,X,Level4,Homeowner,Group4,5+,3+,1.0,1.0,1,0.004201680672268907,4.0,12.0,102.0,2.0,0.42857142857142855
921,106,9,101.3,11.255555555555555,48,5.333333333333333,20.87,0.2060217176702863,30,8,12.6625,0.0,0.0,Unknown,Unknown,Unknown,Unknown,Unknown,Unknown,Unknown,6.0,3.0,0,0.6666666666666666,0.0,18.0,176.0,2.0,19.555555555555557
922,13,150,3336.9900000000002,22.2466,171457,1143.0466666666666,341.69,0.10239467304367109,592,121,27.578429752066118,0.0,0.0,Age Group4,Y,Level4,Unknown,Group6,1,None/Unknown,0.0,0.0,0,0.0,0.0,7.0,22.0,2.0,0.14666666666666667
923,3,164,3305.54,20.155731707317074,336581,2052.3231707317073,623.34,0.18857433278677616,555,98,33.73,0.0,0.0,Unknown,Unknown,Unknown,Unknown,Unknown,Unknown,Unknown,4.0,2.0,0,0.024390243902439025,0.0,20.0,159.0,2.0,0.9695121951219512
924,3,95,2336.18,24.59136842105263,861,9.063157894736841,285.52,0.12221661002148806,395,94,24.852978723404252,0.0,0.0,Unknown,Unknown,Unknown,Unknown,Unknown,Unknown,Unknown,2.0,2.0,0,0.021052631578947368,0.0,15.0,133.0,2.0,1.4
925,60,79,485.24,6.142278481012658,263,3.329113924050633,76.49,0.1576333360811145,111,72,6.739444444444445,0.0,0.0,Unknown,Unknown,Unknown,Unknown,Unknown,Unknown,Unknown,3.0,1.0,0,0.0379746835443038,0.0,10.0,88.0,2.0,1.1139240506329113
926,7,241,7274.1,30.18298755186722,694442,2881.5020746887967,993.62,0.13659696732241788,753,206,35.31116504854369,0.0,0.0,Age Group3,Y,Level1,Homeowner,Group5,2,None/Unknown,1.0,1.0,0,0.004149377593360996,0.0,10.0,49.0,2.0,0.2033195020746888
927,14,46,1530.88,33.28,700,15.217391304347826,469.05,0.3063924017558528,426,41,37.33853658536586,0.0,0.0,Unknown,Unknown,Unknown,Unknown,Unknown,Unknown,Unknown,9.0,3.0,0,0.1956521739130435,0.0,19.0,175.0,2.0,3.8043478260869565
928,5,137,3571.7,26.07080291970803,123546,901.7956204379562,527.65,0.14773077246129293,871,117,30.527350427350427,0.0,0.0,Unknown,Unknown,Unknown,Unknown,Unknown,Unknown,Unknown,1.0,1.0,0,0.0072992700729927005,0.0,18.0,127.0,2.0,0.927007299270073
929,5,244,5342.55,21.895696721311477,335607,1375.438524590164,1145.58,0.2144256955948002,1018,205,26.061219512195123,4.0,0.01639344262295082,Age Group4,Z,Level3,Renter,Group1,2,1,5.0,2.0,1,0.020491803278688523,0.8,18.0,161.0,2.0,0.6598360655737705
930,0,43,966.88,22.485581395348838,337,7.837209302325581,462.49,0.4783323680291246,68,42,23.02095238095238,0.0,0.0,Unknown,Unknown,Unknown,Unknown,Unknown,Unknown,Unknown,5.0,2.0,0,0.11627906976744186,0.0,15.0,152.0,2.0,3.5348837209302326
931,43,42,4967.07,118.26357142857142,49762,1184.8095238095239,1036.45,0.20866426283503153,837,36,137.97416666666666,29.0,0.6904761904761905,Unknown,Unknown,Unknown,Unknown,Unknown,Unknown,Unknown,0.0,0.0,1,0.0,0.0,6.0,46.0,2.0,1.0952380952380953
932,20,158,5845.96,36.99974683544304,5204,32.936708860759495,841.08,0.14387371791801518,1014,133,43.954586466165416,0.0,0.0,Age Group1,Y,Level2,Unknown,Group5,2,None/Unknown,4.0,3.0,0,0.02531645569620253,0.0,15.0,125.0,2.0,0.7911392405063291
933,53,79,2175.19,27.53405063291139,67923,859.7848101265823,446.55,0.205292411237639,542,53,41.041320754716985,0.0,0.0,Unknown,Unknown,Unknown,Unknown,Unknown,Unknown,Unknown,12.0,2.0,0,0.1518987341772152,0.0,15.0,161.0,2.0,2.037974683544304
934,3,234,10709.38,45.76658119658119,137630,588.1623931623932,3399.17,0.3174011940934023,2197,149,71.87503355704698,1.0,0.004273504273504274,Age Group4,Y,Level1,Unknown,Group3,1,None/Unknown,0.0,0.0,1,0.0,0.0,13.0,105.0,2.0,0.44871794871794873
935,21,57,1564.67,27.450350877192985,294398,5164.877192982456,124.03,0.07926911105856187,302,52,30.089807692307694,0.0,0.0,Unknown,Unknown,Unknown,Unknown,Unknown,Unknown,Unknown,9.0,3.0,0,0.15789473684210525,0.0,18.0,201.0,2.0,3.526315789473684
936,0,502,7089.49,14.122490039840637,61776,123.0597609561753,1509.23,0.212882732044195,1244,299,23.71066889632107,4.0,0.00796812749003984,Unknown,Unknown,Unknown,Unknown,Unknown,Unknown,Unknown,1.0,1.0,1,0.00199203187250996,4.0,13.0,103.0,2.0,0.2051792828685259
937,3,68,1669.89,24.557205882352942,9821,144.4264705882353,350.24,0.2097383660001557,342,63,26.50619047619048,0.0,0.0,Unknown,Unknown,Unknown,Unknown,Unknown,Unknown,Unknown,10.0,3.0,0,0.14705882352941177,0.0,20.0,193.0,2.0,2.838235294117647
938,69,26,1647.3600000000001,63.36000000000001,10304,396.3076923076923,252.86,0.15349407536907536,361,26,63.36000000000001,0.0,0.0,Unknown,Unknown,Unknown,Unknown,Unknown,Unknown,Unknown,0.0,0.0,0,0.0,0.0,15.0,102.0,2.0,3.923076923076923
939,2,154,5254.66,34.12116883116883,26689,173.30519480519482,1339.17,0.2548537869243681,939,108,48.654259259259256,0.0,0.0,Age Group4,Y,Level6,Homeowner,Group5,2,None/Unknown,2.0,1.0,0,0.012987012987012988,0.0,14.0,109.0,2.0,0.7077922077922078
940,30,65,1261.6200000000001,19.409538461538464,578,8.892307692307693,201.67,0.1598500340831629,336,63,20.025714285714287,0.0,0.0,Unknown,Unknown,Unknown,Unknown,Unknown,Unknown,Unknown,2.0,1.0,0,0.03076923076923077,0.0,15.0,167.0,2.0,2.5692307692307694
941,1,122,2206.06,18.082459016393443,83663,685.7622950819672,271.82,0.12321514374042411,496,101,21.842178217821782,0.0,0.0,Age Group1,X,Level11,Unknown,Group5,2,None/Unknown,1.0,1.0,0,0.00819672131147541,0.0,10.0,100.0,2.0,0.819672131147541
942,31,215,5890.14,27.396,32713,152.15348837209302,774.21,0.1314416974808748,1014,184,32.01163043478261,0.0,0.0,Unknown,Unknown,Unknown,Unknown,Unknown,Unknown,Unknown,5.0,2.0,0,0.023255813953488372,0.0,17.0,139.0,2.0,0.6465116279069767
943,32,144,3434.14,23.848194444444445,103393,718.0069444444445,692.28,0.2015875881588986,780,97,35.40350515463918,0.0,0.0,Unknown,Unknown,Unknown,Unknown,Unknown,Unknown,Unknown,7.0,3.0,0,0.04861111111111111,0.0,16.0,154.0,2.0,1.0694444444444444
944,10,104,2859.76,27.49769230769231,347791,3344.144230769231,360.44,0.1260385486894005,451,90,31.775111111111112,0.0,0.0,Unknown,Unknown,Unknown,Unknown,Unknown,Unknown,Unknown,3.0,2.0,0,0.028846153846153848,0.0,14.0,143.0,2.0,1.375
945,8,51,1926.03,37.76529411764706,23817,467.0,320.77,0.16654465402927265,390,48,40.125625,0.0,0.0,Unknown,Unknown,Unknown,Unknown,Unknown,Unknown,Unknown,1.0,1.0,0,0.0196078431372549,0.0,17.0,150.0,2.0,2.9411764705882355
946,2,136,2530.45,18.60625,1468,10.794117647058824,540.04,0.21341658598273033,749,117,21.627777777777776,0.0,0.0,Age Group1,Y,Level1,Unknown,Group3,1,None/Unknown,0.0,0.0,0,0.0,0.0,11.0,108.0,2.0,0.7941176470588235
947,1,221,2305.51,10.43217194570136,16759,75.83257918552036,302.8,0.13133753486213462,356,199,11.585477386934674,4.0,0.01809954751131222,Age Group6,Z,Level4,Homeowner,Group2,1,None/Unknown,3.0,2.0,1,0.013574660633484163,1.3333333333333333,11.0,136.0,2.0,0.6153846153846154
948,339,4,304.85,76.2125,146,36.5,74.48,0.24431687715269804,100,2,152.425,0.0,0.0,Unknown,Unknown,Unknown,Unknown,Unknown,Unknown,Unknown,7.0,2.0,0,1.75,0.0,14.0,104.0,2.0,26.0
949,4,134,5799.97,43.28335820895523,498432,3719.6417910447763,828.28,0.14280763521190626,923,119,48.73924369747899,3.0,0.022388059701492536,Age Group2,Y,Level5,Homeowner,Group5,2,None/Unknown,0.0,0.0,1,0.0,0.0,6.0,46.0,2.0,0.34328358208955223
950,101,58,2027.0,34.94827586206897,40210,693.2758620689655,342.34,0.16888998519980264,491,51,39.745098039215684,0.0,0.0,Unknown,Unknown,Unknown,Unknown,Unknown,Unknown,Unknown,8.0,3.0,0,0.13793103448275862,0.0,16.0,160.0,2.0,2.7586206896551726
951,0,18,690.22,38.345555555555556,45450,2525.0,77.78,0.11268870794819043,149,17,40.601176470588236,0.0,0.0,Unknown,Unknown,Unknown,Unknown,Unknown,Unknown,Unknown,0.0,0.0,0,0.0,0.0,11.0,118.0,2.0,6.555555555555555
952,3,111,2201.47,19.83306306306306,37449,337.3783783783784,340.21,0.15453764984305943,566,100,22.014699999999998,0.0,0.0,Unknown,Unknown,Unknown,Unknown,Unknown,Unknown,Unknown,0.0,0.0,0,0.0,0.0,11.0,69.0,2.0,0.6216216216216216
953,11,114,2513.39,22.047280701754385,15271,133.9561403508772,543.4,0.21620202197032692,669,99,25.387777777777778,0.0,0.0,Unknown,Unknown,Unknown,Unknown,Unknown,Unknown,Unknown,4.0,2.0,0,0.03508771929824561,0.0,13.0,133.0,2.0,1.1666666666666667
954,17,53,2537.43,47.87603773584905,1301,24.547169811320753,877.22,0.3457119999369441,649,49,51.78428571428571,2.0,0.03773584905660377,Unknown,Unknown,Unknown,Unknown,Unknown,Unknown,Unknown,2.0,1.0,1,0.03773584905660377,1.0,14.0,152.0,2.0,2.8679245283018866
955,0,274,4053.69,14.79448905109489,78697,287.2153284671533,677.5,0.16713167509108984,881,197,20.577106598984773,0.0,0.0,Age Group1,Y,Level1,Unknown,Group3,1,None/Unknown,3.0,1.0,0,0.010948905109489052,0.0,15.0,140.0,2.0,0.5109489051094891
956,0,621,10231.93,16.476537842190016,1090454,1755.9645732689212,1155.07,0.11288877074022202,1010,418,24.4783014354067,1.0,0.001610305958132045,Age Group4,Y,Level5,Homeowner,Group5,2,None/Unknown,7.0,2.0,1,0.011272141706924315,0.14285714285714285,14.0,124.0,2.0,0.1996779388083736
957,0,576,3754.9,6.518923611111111,75981,131.91145833333334,696.29,0.1854350315587632,802,376,9.986436170212766,0.0,0.0,Unknown,Unknown,Unknown,Unknown,Unknown,Unknown,Unknown,4.0,2.0,0,0.006944444444444444,0.0,15.0,173.0,2.0,0.3003472222222222
958,4,11,313.37,28.48818181818182,136,12.363636363636363,60.47,0.19296678048313495,98,10,31.337,0.0,0.0,Unknown,Unknown,Unknown,Unknown,Unknown,Unknown,Unknown,4.0,2.0,0,0.36363636363636365,0.0,19.0,158.0,2.0,14.363636363636363
959,3,60,1074.69,17.9115,70472,1174.5333333333333,121.1,0.112683657612893,197,53,20.277169811320757,0.0,0.0,Unknown,Unknown,Unknown,Unknown,Unknown,Unknown,Unknown,0.0,0.0,0,0.0,0.0,9.0,48.0,2.0,0.8
960,1,106,2447.4900000000002,23.089528301886794,15810,149.1509433962264,221.65,0.09056216777188057,325,99,24.722121212121216,0.0,0.0,Age Group3,X,Level8,Homeowner,Group4,5+,3+,0.0,0.0,0,0.0,0.0,13.0,98.0,2.0,0.9245283018867925
961,13,72,3956.27,54.94819444444445,1467,20.375,350.33,0.08855057920718253,765,68,58.18044117647059,0.0,0.0,Unknown,Unknown,Unknown,Unknown,Unknown,Unknown,Unknown,5.0,1.0,0,0.06944444444444445,0.0,12.0,113.0,2.0,1.5694444444444444
962,19,53,1530.44,28.87622641509434,712,13.433962264150944,511.82,0.33442670081806536,390,49,31.233469387755104,0.0,0.0,Unknown,Unknown,Unknown,Unknown,Unknown,Unknown,Unknown,8.0,2.0,0,0.1509433962264151,0.0,14.0,158.0,2.0,2.981132075471698
963,123,43,2036.66,47.36418604651163,150550,3501.1627906976746,266.07,0.13064036216157826,395,40,50.9165,0.0,0.0,Unknown,Unknown,Unknown,Unknown,Unknown,Unknown,Unknown,0.0,0.0,0,0.0,0.0,15.0,116.0,2.0,2.697674418604651
964,4,88,2044.8500000000001,23.23693181818182,4158,47.25,332.23,0.16247157493214662,463,69,29.635507246376815,0.0,0.0,Unknown,Unknown,Unknown,Unknown,Unknown,Unknown,Unknown,0.0,0.0,0,0.0,0.0,12.0,118.0,2.0,1.3409090909090908
965,7,52,1764.07,33.92442307692308,861,16.557692307692307,410.44,0.232666504163667,442,45,39.20155555555555,0.0,0.0,Unknown,Unknown,Unknown,Unknown,Unknown,Unknown,Unknown,1.0,1.0,0,0.019230769230769232,0.0,11.0,114.0,2.0,2.1923076923076925
966,57,16,202.06,12.62875,57,3.5625,31.3,0.15490448381668812,32,16,12.62875,0.0,0.0,Unknown,Unknown,Unknown,Unknown,Unknown,Unknown,Unknown,1.0,1.0,0,0.0625,0.0,10.0,97.0,2.0,6.0625
967,45,10,299.38,29.938,147,14.7,69.56,0.23234685015699114,109,9,33.26444444444444,0.0,0.0,Unknown,Unknown,Unknown,Unknown,Unknown,Unknown,Unknown,0.0,0.0,0,0.0,0.0,5.0,15.0,2.0,1.5
968,0,167,9805.11,58.71323353293413,5104,30.562874251497007,2075.91,0.2117171556463925,1549,157,62.452929936305736,1.0,0.005988023952095809,Age Group3,Z,Level4,Renter,Group1,2,1,0.0,0.0,1,0.0,0.0,6.0,49.0,2.0,0.2934131736526946
969,27,8,311.59000000000003,38.948750000000004,184,23.0,50.29,0.16139799094964535,95,8,38.948750000000004,0.0,0.0,Unknown,Unknown,Unknown,Unknown,Unknown,Unknown,Unknown,10.0,2.0,0,1.25,0.0,17.0,177.0,2.0,22.125
970,11,15,691.45,46.09666666666667,35743,2382.866666666667,109.7,0.1586521078892183,143,15,46.09666666666667,0.0,0.0,Unknown,Unknown,Unknown,Unknown,Unknown,Unknown,Unknown,0.0,0.0,0,0.0,0.0,6.0,40.0,2.0,2.6666666666666665
971,0,126,3676.15,29.17579365079365,6591,52.30952380952381,461.71,0.12559607197747644,856,119,30.89201680672269,0.0,0.0,Age Group2,X,Level4,Homeowner,Group4,3,1,0.0,0.0,0,0.0,0.0,10.0,67.0,2.0,0.5317460317460317
972,1,197,4219.18,21.417157360406094,119871,608.4822335025381,513.46,0.12169663299503695,665,171,24.67356725146199,1.0,0.005076142131979695,Unknown,Unknown,Unknown,Unknown,Unknown,Unknown,Unknown,3.0,2.0,1,0.015228426395939087,0.3333333333333333,15.0,154.0,2.0,0.7817258883248731
973,1,84,13486.32,160.55142857142857,116682,1389.0714285714287,1553.91,0.1152212019290659,1617,72,187.31,0.0,0.0,Age Group3,X,Level5,Homeowner,Group4,4,2,7.0,2.0,0,0.08333333333333333,0.0,14.0,147.0,2.0,1.75
974,1,43,1993.06,46.35023255813953,26225,609.8837209302326,336.04,0.16860505955666164,474,37,53.86648648648649,0.0,0.0,Unknown,Unknown,Unknown,Unknown,Unknown,Unknown,Unknown,9.0,3.0,0,0.20930232558139536,0.0,19.0,191.0,2.0,4.441860465116279
975,0,182,4769.31,26.205000000000002,563318,3095.153846153846,473.13,0.09920302936902821,346,162,29.440185185185186,0.0,0.0,Unknown,Unknown,Unknown,Unknown,Unknown,Unknown,Unknown,0.0,0.0,0,0.0,0.0,11.0,103.0,2.0,0.5659340659340659
976,5,82,6190.51,75.49402439024391,19992,243.8048780487805,643.1,0.10388481724445967,1025,76,81.45407894736843,0.0,0.0,Age Group2,X,Level11,Homeowner,Group4,5+,3+,4.0,2.0,0,0.04878048780487805,0.0,10.0,101.0,2.0,1.2317073170731707
977,14,34,1036.52,30.485882352941175,544,16.0,215.67,0.208071238374561,360,32,32.39125,0.0,0.0,Unknown,Unknown,Unknown,Unknown,Unknown,Unknown,Unknown,3.0,2.0,0,0.08823529411764706,0.0,19.0,182.0,2.0,5.352941176470588
978,0,71,3014.35,42.4556338028169,1078,15.183098591549296,407.96,0.13533929371174547,698,70,43.06214285714285,0.0,0.0,Unknown,Unknown,Unknown,Unknown,Unknown,Unknown,Unknown,0.0,0.0,0,0.0,0.0,11.0,99.0,2.0,1.3943661971830985
979,1,205,12854.66,62.70565853658537,382868,1867.648780487805,2862.08,0.22264921826014847,2093,172,74.7363953488372,28.0,0.13658536585365855,Age Group3,Z,Level4,Homeowner,Group1,2,1,3.0,2.0,1,0.014634146341463415,9.333333333333334,15.0,150.0,2.0,0.7317073170731707
980,14,29,1330.22,45.86965517241379,32587,1123.6896551724137,273.58,0.20566522830809938,305,26,51.16230769230769,0.0,0.0,Unknown,Unknown,Unknown,Unknown,Unknown,Unknown,Unknown,13.0,3.0,0,0.4482758620689655,0.0,19.0,195.0,2.0,6.724137931034483
981,21,36,1394.1100000000001,38.725277777777784,523,14.527777777777779,232.52,0.16678741275796027,238,32,43.565937500000004,0.0,0.0,Age Group4,X,Level3,Homeowner,Group3,2,None/Unknown,0.0,0.0,0,0.0,0.0,11.0,88.0,2.0,2.4444444444444446
982,1,412,18790.34,45.6076213592233,1329976,3228.097087378641,2396.57,0.1275426628789048,1566,300,62.63446666666667,19.0,0.04611650485436893,Age Group4,Y,Level4,Unknown,Group4,4,2,0.0,0.0,1,0.0,0.0,8.0,89.0,2.0,0.21601941747572814
983,0,196,3807.15,19.42423469387755,1830,9.33673469387755,837.61,0.22000971855587512,1055,170,22.395,2.0,0.01020408163265306,Age Group4,X,Level4,Homeowner,Group4,3,1,14.0,3.0,1,0.07142857142857142,0.14285714285714285,20.0,195.0,2.0,0.9948979591836735
984,27,32,1219.71,38.1159375,652,20.375,423.22,0.3469841191758697,354,27,45.17444444444445,0.0,0.0,Unknown,Unknown,Unknown,Unknown,Unknown,Unknown,Unknown,6.0,3.0,0,0.1875,0.0,15.0,157.0,2.0,4.90625
985,2,110,2057.47,18.704272727272727,69156,628.6909090909091,523.39,0.2543852401250079,624,97,21.21103092783505,0.0,0.0,Unknown,Unknown,Unknown,Unknown,Unknown,Unknown,Unknown,1.0,1.0,0,0.00909090909090909,0.0,11.0,106.0,2.0,0.9636363636363636
986,13,90,1827.8700000000001,20.30966666666667,814,9.044444444444444,442.81,0.24225464611815936,338,84,21.760357142857146,0.0,0.0,Age Group2,Y,Level4,Unknown,Group2,1,None/Unknown,0.0,0.0,0,0.0,0.0,16.0,146.0,2.0,1.6222222222222222
987,10,75,2334.53,31.127066666666668,1005,13.4,451.63,0.1934564987385041,545,69,33.83376811594203,0.0,0.0,Unknown,Unknown,Unknown,Unknown,Unknown,Unknown,Unknown,2.0,1.0,0,0.02666666666666667,0.0,9.0,85.0,2.0,1.1333333333333333
988,0,196,6109.18,31.169285714285717,504717,2575.0867346938776,1641.11,0.26863015985778776,1027,131,46.63496183206107,4.0,0.02040816326530612,Unknown,Unknown,Unknown,Unknown,Unknown,Unknown,Unknown,3.0,1.0,1,0.015306122448979591,1.3333333333333333,13.0,141.0,2.0,0.7193877551020408
989,4,174,4663.38,26.80103448275862,58639,337.0057471264368,968.16,0.2076090732473013,1190,148,31.509324324324325,0.0,0.0,Unknown,Unknown,Unknown,Unknown,Unknown,Unknown,Unknown,5.0,2.0,0,0.028735632183908046,0.0,13.0,145.0,2.0,0.8333333333333334
990,141,16,247.12,15.445,32962,2060.125,25.330000000000002,0.10250080932340563,53,15,16.474666666666668,0.0,0.0,Unknown,Unknown,Unknown,Unknown,Unknown,Unknown,Unknown,8.0,2.0,0,0.5,0.0,17.0,177.0,2.0,11.0625
991,46,31,1419.8799999999999,45.802580645161285,21557,695.3870967741935,39.92,0.028115051976223347,67,24,59.16166666666666,0.0,0.0,Unknown,Unknown,Unknown,Unknown,Unknown,Unknown,Unknown,0.0,0.0,0,0.0,0.0,8.0,30.0,2.0,0.967741935483871
992,0,102,823.35,8.072058823529412,36265,355.53921568627453,57.67,0.07004311653610251,175,81,10.164814814814815,0.0,0.0,Age Group4,X,Level4,Homeowner,Group4,3,1,0.0,0.0,0,0.0,0.0,11.0,41.0,2.0,0.4019607843137255
993,8,126,3064.87,24.32436507936508,10730,85.15873015873017,613.14,0.2000541621667477,674,116,26.421293103448274,6.0,0.047619047619047616,Age Group5,X,Level5,Homeowner,Group1,5+,3+,0.0,0.0,1,0.0,0.0,13.0,82.0,2.0,0.6507936507936508
994,8,21,581.45,27.68809523809524,283,13.476190476190476,104.09,0.1790179723106028,192,20,29.0725,0.0,0.0,Unknown,Unknown,Unknown,Unknown,Unknown,Unknown,Unknown,8.0,3.0,0,0.38095238095238093,0.0,17.0,145.0,2.0,6.904761904761905
995,8,21,1217.16,57.96,423,20.142857142857142,186.34,0.15309408787669657,334,21,57.96,0.0,0.0,Unknown,Unknown,Unknown,Unknown,Unknown,Unknown,Unknown,0.0,0.0,0,0.0,0.0,9.0,75.0,2.0,3.5714285714285716
996,0,139,2220.85,15.977338129496403,7844,56.431654676258994,470.08,0.2116667041898372,437,126,17.62579365079365,0.0,0.0,Age Group5,X,Level3,Homeowner,Group5,2,None/Unknown,3.0,2.0,0,0.02158273381294964,0.0,12.0,99.0,2.0,0.7122302158273381
997,0,92,4646.81,50.50880434782609,105525,1147.0108695652175,446.15,0.09601210292652378,820,86,54.03267441860466,0.0,0.0,Age Group4,Y,Level6,Homeowner,Group2,1,None/Unknown,5.0,2.0,0,0.05434782608695652,0.0,12.0,119.0,2.0,1.2934782608695652
998,8,250,8305.39,33.22156,288410,1153.64,1934.39,0.2329077863893207,1482,189,43.94386243386243,1.0,0.004,Unknown,Unknown,Unknown,Unknown,Unknown,Unknown,Unknown,10.0,3.0,1,0.04,0.1,13.0,150.0,2.0,0.6
999,12,57,2154.25,37.79385964912281,1003,17.596491228070175,409.39,0.1900382963908553,557,46,46.83152173913044,0.0,0.0,Unknown,Unknown,Unknown,Unknown,Unknown,Unknown,Unknown,10.0,3.0,0,0.17543859649122806,0.0,15.0,170.0,2.0,2.982456140350877
1000,5,138,4150.76,30.077971014492753,82609,598.6159420289855,544.84,0.1312627085160308,573,127,32.68314960629922,4.0,0.028985507246376812,Unknown,Unknown,Unknown,Unknown,Unknown,Unknown,Unknown,3.0,1.0,1,0.021739130434782608,1.3333333333333333,13.0,131.0,2.0,0.9492753623188406
1001,1,90,4082.0,45.355555555555554,1736,19.288888888888888,462.55,0.11331455169034788,673,79,51.67088607594937,0.0,0.0,Age Group4,Y,Level5,Homeowner,Group6,1,None/Unknown,3.0,1.0,0,0.03333333333333333,0.0,16.0,132.0,2.0,1.4666666666666666
1002,0,30,973.9300000000001,32.464333333333336,490,16.333333333333332,174.25,0.17891429568860184,341,28,34.78321428571429,0.0,0.0,Unknown,Unknown,Unknown,Unknown,Unknown,Unknown,Unknown,3.0,2.0,0,0.1,0.0,12.0,134.0,2.0,4.466666666666667
1003,28,63,2588.73,41.09095238095238,1055,16.746031746031747,593.97,0.22944455389322177,556,47,55.07936170212766,0.0,0.0,Age Group3,Y,Level3,Unknown,Group3,1,None/Unknown,0.0,0.0,0,0.0,0.0,12.0,114.0,2.0,1.8095238095238095
1004,2,253,3708.7200000000003,14.65897233201581,451771,1785.6561264822135,437.8,0.11804611833732392,394,211,17.576872037914693,0.0,0.0,Age Group2,Y,Level2,Unknown,Group2,1,None/Unknown,2.0,1.0,0,0.007905138339920948,0.0,13.0,128.0,2.0,0.5059288537549407
1005,0,180,2470.09,13.722722222222224,1533,8.516666666666667,612.73,0.24805978729519976,429,166,14.880060240963857,5.0,0.027777777777777776,Unknown,Unknown,Unknown,Unknown,Unknown,Unknown,Unknown,5.0,2.0,1,0.027777777777777776,1.0,10.0,114.0,2.0,0.6333333333333333
1006,49,11,161.48,14.68,10962,996.5454545454545,68.26,0.42271488729254403,47,10,16.148,0.0,0.0,Unknown,Unknown,Unknown,Unknown,Unknown,Unknown,Unknown,3.0,1.0,0,0.2727272727272727,0.0,10.0,100.0,2.0,9.090909090909092
1007,2,122,1368.97,11.221065573770492,6539,53.59836065573771,302.83,0.22121010686866766,511,112,12.22294642857143,0.0,0.0,Unknown,Unknown,Unknown,Unknown,Unknown,Unknown,Unknown,0.0,0.0,0,0.0,0.0,7.0,28.0,2.0,0.22950819672131148
1008,21,40,511.12,12.778,116559,2913.975,38.12,0.07458131162936296,93,35,14.603428571428571,0.0,0.0,Unknown,Unknown,Unknown,Unknown,Unknown,Unknown,Unknown,4.0,2.0,0,0.1,0.0,14.0,133.0,2.0,3.325
1009,125,23,125.52,5.4573913043478255,123,5.3478260869565215,21.28,0.1695347355003187,58,22,5.705454545454545,0.0,0.0,Unknown,Unknown,Unknown,Unknown,Unknown,Unknown,Unknown,0.0,0.0,0,0.0,0.0,9.0,45.0,2.0,1.9565217391304348
1010,1,91,2486.39,27.322967032967032,273587,3006.4505494505493,304.19,0.12234203001138197,512,69,36.03463768115942,0.0,0.0,Unknown,Unknown,Unknown,Unknown,Unknown,Unknown,Unknown,0.0,0.0,0,0.0,0.0,6.0,27.0,2.0,0.2967032967032967
1011,7,140,3495.2,24.965714285714284,221735,1583.8214285714287,389.94,0.1115644312199588,670,134,26.083582089552237,3.0,0.02142857142857143,Unknown,Unknown,Unknown,Unknown,Unknown,Unknown,Unknown,1.0,1.0,1,0.007142857142857143,3.0,14.0,110.0,2.0,0.7857142857142857
1012,38,121,2342.51,19.359586776859505,126914,1048.8760330578511,410.79,0.17536317881247038,675,99,23.661717171717175,1.0,0.008264462809917356,Age Group3,X,Level4,Unknown,Group6,5+,3+,4.0,2.0,1,0.03305785123966942,0.25,18.0,145.0,2.0,1.1983471074380165
1013,6,35,947.03,27.058,2845,81.28571428571429,187.21,0.19768117166298851,300,29,32.65620689655172,0.0,0.0,Unknown,Unknown,Unknown,Unknown,Unknown,Unknown,Unknown,4.0,1.0,0,0.11428571428571428,0.0,15.0,160.0,2.0,4.571428571428571
1014,8,161,4199.76,26.085465838509318,67481,419.1366459627329,659.79,0.1571018343905366,1205,136,30.88058823529412,0.0,0.0,Age Group4,X,Level2,Unknown,Group4,4,2,0.0,0.0,0,0.0,0.0,12.0,93.0,2.0,0.577639751552795
1015,1,108,3807.72,35.25666666666667,19608,181.55555555555554,732.63,0.1924064794680281,628,103,36.968155339805826,4.0,0.037037037037037035,Age Group4,Y,Level5,Homeowner,Group6,1,None/Unknown,7.0,3.0,1,0.06481481481481481,0.5714285714285714,19.0,184.0,2.0,1.7037037037037037
1016,57,40,3089.84,77.24600000000001,19045,476.125,311.36,0.10076897185614789,572,33,93.63151515151516,0.0,0.0,Unknown,Unknown,Unknown,Unknown,Unknown,Unknown,Unknown,5.0,2.0,0,0.125,0.0,15.0,115.0,2.0,2.875
1017,10,63,3436.26,54.54380952380953,1784,28.317460317460316,568.98,0.16558118419444395,892,60,57.271,1.0,0.015873015873015872,Unknown,Unknown,Unknown,Unknown,Unknown,Unknown,Unknown,4.0,2.0,1,0.06349206349206349,0.25,12.0,155.0,2.0,2.4603174603174605
1018,4,167,2138.59,12.805928143712576,37889,226.88023952095807,299.54,0.14006424793906266,393,142,15.06049295774648,0.0,0.0,Age Group4,X,Level4,Homeowner,Group4,5+,3+,4.0,2.0,0,0.023952095808383235,0.0,13.0,147.0,2.0,0.8802395209580839
1019,8,53,1553.56,29.31245283018868,594,11.20754716981132,263.37,0.16952676433481811,341,40,38.839,0.0,0.0,Unknown,Unknown,Unknown,Unknown,Unknown,Unknown,Unknown,5.0,1.0,0,0.09433962264150944,0.0,15.0,118.0,2.0,2.2264150943396226
1020,0,171,9561.460000000001,55.91497076023392,43965,257.10526315789474,1441.8799999999999,0.15080123746791804,1521,153,62.49320261437909,1.0,0.005847953216374269,Age Group4,X,Level3,Homeowner,Group5,2,None/Unknown,1.0,1.0,1,0.005847953216374269,1.0,11.0,109.0,2.0,0.6374269005847953
1021,3,99,2086.12,21.07191919191919,876,8.848484848484848,262.67,0.1259131785323951,454,87,23.9783908045977,0.0,0.0,Age Group3,X,Level5,Homeowner,Group4,5+,3+,5.0,2.0,0,0.050505050505050504,0.0,19.0,191.0,2.0,1.9292929292929293
1022,130,36,263.27,7.313055555555555,152,4.222222222222222,58.1,0.22068598776921033,97,34,7.743235294117646,0.0,0.0,Unknown,Unknown,Unknown,Unknown,Unknown,Unknown,Unknown,1.0,1.0,0,0.027777777777777776,0.0,10.0,128.0,2.0,3.5555555555555554
1023,1,603,38319.79,63.54857379767828,4479917,7429.381426202322,2136.77,0.05576152687684353,1620,358,107.03851955307263,0.0,0.0,Unknown,Unknown,Unknown,Unknown,Unknown,Unknown,Unknown,0.0,0.0,0,0.0,0.0,11.0,54.0,2.0,0.08955223880597014
1024,4,145,9448.75,65.16379310344827,110359,761.096551724138,2032.05,0.2150601931472417,1143,120,78.73958333333333,1.0,0.006896551724137931,Age Group2,X,Level1,Homeowner,Group4,4,2,0.0,0.0,1,0.0,0.0,23.0,193.0,2.0,1.3310344827586207
1025,15,81,3552.13,43.85345679012346,1856,22.91358024691358,760.46,0.21408563312716597,899,59,60.20559322033898,0.0,0.0,Unknown,Unknown,Unknown,Unknown,Unknown,Unknown,Unknown,7.0,3.0,0,0.08641975308641975,0.0,16.0,169.0,2.0,2.0864197530864197
1026,280,26,412.54,15.866923076923078,257,9.884615384615385,132.82999999999998,0.32198089882193237,133,24,17.18916666666667,0.0,0.0,Unknown,Unknown,Unknown,Unknown,Unknown,Unknown,Unknown,3.0,2.0,0,0.11538461538461539,0.0,9.0,115.0,2.0,4.423076923076923
1027,1,41,1064.99,25.975365853658538,490,11.951219512195122,202.51,0.1901520202067625,242,37,28.783513513513515,0.0,0.0,Unknown,Unknown,Unknown,Unknown,Unknown,Unknown,Unknown,0.0,0.0,0,0.0,0.0,6.0,47.0,2.0,1.146341463414634
1028,153,12,121.91,10.159166666666666,94,7.833333333333333,15.1,0.12386186531047494,46,12,10.159166666666666,0.0,0.0,Unknown,Unknown,Unknown,Unknown,Unknown,Unknown,Unknown,0.0,0.0,0,0.0,0.0,10.0,88.0,2.0,7.333333333333333
1029,3,276,13785.55,49.94764492753623,1496204,5421.028985507246,1330.06,0.09648218605713954,974,237,58.166877637130796,5.0,0.018115942028985508,Unknown,Unknown,Unknown,Unknown,Unknown,Unknown,Unknown,0.0,0.0,1,0.0,0.0,6.0,29.0,2.0,0.10507246376811594
1030,47,30,1260.29,42.00966666666667,439,14.633333333333333,114.25,0.09065373842528307,223,30,42.00966666666667,0.0,0.0,Unknown,Unknown,Unknown,Unknown,Unknown,Unknown,Unknown,13.0,3.0,0,0.43333333333333335,0.0,19.0,170.0,2.0,5.666666666666667
1031,154,146,4232.12,28.98712328767123,382638,2620.8082191780823,333.5,0.0788021133616249,588,123,34.40747967479675,0.0,0.0,Age Group3,X,Level6,Homeowner,Group5,2,None/Unknown,0.0,0.0,0,0.0,0.0,11.0,98.0,2.0,0.6712328767123288
1032,55,92,2473.76,26.888695652173915,16961,184.3586956521739,218.74,0.08842409934674342,467,86,28.7646511627907,0.0,0.0,Unknown,Unknown,Unknown,Unknown,Unknown,Unknown,Unknown,2.0,1.0,0,0.021739130434782608,0.0,17.0,149.0,2.0,1.6195652173913044
1033,71,26,1366.97,52.57576923076923,572,22.0,468.01,0.34237035194627535,298,26,52.57576923076923,0.0,0.0,Unknown,Unknown,Unknown,Unknown,Unknown,Unknown,Unknown,7.0,2.0,0,0.2692307692307692,0.0,13.0,134.0,2.0,5.153846153846154
1034,13,70,840.87,12.012428571428572,57814,825.9142857142857,102.62,0.12204026781785532,184,65,12.936461538461538,0.0,0.0,Unknown,Unknown,Unknown,Unknown,Unknown,Unknown,Unknown,0.0,0.0,0,0.0,0.0,14.0,91.0,2.0,1.3
1035,304,4,183.04,45.76,57,14.25,11.790000000000001,0.06441215034965035,35,3,61.01333333333333,0.0,0.0,Unknown,Unknown,Unknown,Unknown,Unknown,Unknown,Unknown,2.0,1.0,0,0.5,0.0,12.0,74.0,2.0,18.5
1036,53,27,1231.17,45.598888888888894,495,18.333333333333332,146.73,0.11917931723482539,250,25,49.2468,0.0,0.0,Unknown,Unknown,Unknown,Unknown,Unknown,Unknown,Unknown,0.0,0.0,0,0.0,0.0,5.0,20.0,2.0,0.7407407407407407
1037,0,33,1076.69,32.626969696969695,549,16.636363636363637,87.08,0.0808775042026953,157,31,34.73193548387097,0.0,0.0,Unknown,Unknown,Unknown,Unknown,Unknown,Unknown,Unknown,0.0,0.0,0,0.0,0.0,10.0,81.0,2.0,2.4545454545454546
1038,9,275,1602.0,5.825454545454545,1128,4.101818181818182,323.8,0.2021223470661673,465,222,7.216216216216216,0.0,0.0,Age Group5,Y,Level1,Probable Renter,Group2,1,None/Unknown,0.0,0.0,0,0.0,0.0,7.0,48.0,2.0,0.17454545454545456
1039,2,82,5168.38,63.029024390243904,1720,20.975609756097562,622.9,0.12052132389646271,886,76,68.005,3.0,0.036585365853658534,Unknown,Unknown,Unknown,Unknown,Unknown,Unknown,Unknown,2.0,1.0,1,0.024390243902439025,1.5,11.0,126.0,2.0,1.5365853658536586
1040,1,229,5664.74,24.736855895196506,2042,8.91703056768559,839.04,0.14811624187517874,760,223,25.402421524663676,1.0,0.004366812227074236,Age Group2,Z,Level7,Unknown,Group2,1,None/Unknown,4.0,2.0,1,0.017467248908296942,0.25,14.0,136.0,2.0,0.5938864628820961
1041,0,291,7156.7,24.593470790378007,3562,12.240549828178693,1089.69,0.15226151717970574,1527,186,38.47688172043011,0.0,0.0,Age Group2,Y,Level4,Unknown,Group2,1,None/Unknown,7.0,2.0,0,0.024054982817869417,0.0,15.0,142.0,2.0,0.4879725085910653
1042,5,248,5284.12,21.306935483870966,143299,577.8185483870968,1267.57,0.23988289440815122,1276,219,24.12840182648402,0.0,0.0,Age Group2,Y,Level6,Homeowner,Group5,2,None/Unknown,8.0,2.0,0,0.03225806451612903,0.0,15.0,170.0,2.0,0.6854838709677419
1043,43,19,988.73,52.03842105263158,688,36.21052631578947,403.17,0.40776551738088257,297,16,61.795625,0.0,0.0,Unknown,Unknown,Unknown,Unknown,Unknown,Unknown,Unknown,7.0,3.0,0,0.3684210526315789,0.0,18.0,173.0,2.0,9.105263157894736
1044,5,20,423.51,21.1755,7775,388.75,95.94,0.22653538287171496,145,19,22.29,0.0,0.0,Unknown,Unknown,Unknown,Unknown,Unknown,Unknown,Unknown,0.0,0.0,0,0.0,0.0,8.0,74.0,2.0,3.7
1045,1,295,4893.11,16.58681355932203,543602,1842.7186440677965,817.63,0.16709822587270673,984,221,22.14076923076923,0.0,0.0,Age Group2,X,Level1,Homeowner,Group2,2,None/Unknown,0.0,0.0,0,0.0,0.0,8.0,65.0,2.0,0.22033898305084745
1046,16,153,4314.95,28.202287581699345,178282,1165.2418300653594,486.46,0.1127382704318706,702,140,30.82107142857143,0.0,0.0,Unknown,Unknown,Unknown,Unknown,Unknown,Unknown,Unknown,5.0,2.0,0,0.032679738562091505,0.0,17.0,164.0,2.0,1.0718954248366013
1047,6,80,1052.94,13.161750000000001,494,6.175,203.99,0.1937337360153475,299,72,14.624166666666667,0.0,0.0,Unknown,Unknown,Unknown,Unknown,Unknown,Unknown,Unknown,4.0,2.0,0,0.05,0.0,18.0,156.0,2.0,1.95
1048,63,103,1934.45,18.78106796116505,177055,1718.9805825242718,231.8,0.11982734110470676,315,89,21.735393258426967,0.0,0.0,Unknown,Unknown,Unknown,Unknown,Unknown,Unknown,Unknown,2.0,1.0,0,0.019417475728155338,0.0,9.0,99.0,2.0,0.9611650485436893
1049,6,55,698.06,12.691999999999998,413,7.509090909090909,185.91,0.2663238117067301,269,44,15.864999999999998,0.0,0.0,Unknown,Unknown,Unknown,Unknown,Unknown,Unknown,Unknown,1.0,1.0,0,0.01818181818181818,0.0,14.0,116.0,2.0,2.109090909090909
1050,2,135,5134.89,38.03622222222222,688627,5100.940740740741,654.64,0.12748861221954122,819,109,47.109082568807345,0.0,0.0,Unknown,Unknown,Unknown,Unknown,Unknown,Unknown,Unknown,0.0,0.0,0,0.0,0.0,10.0,84.0,2.0,0.6222222222222222
1051,14,55,2275.67,41.37581818181818,26017,473.03636363636366,309.85,0.13615770300614766,602,46,49.47108695652174,0.0,0.0,Unknown,Unknown,Unknown,Unknown,Unknown,Unknown,Unknown,5.0,3.0,0,0.09090909090909091,0.0,13.0,137.0,2.0,2.4909090909090907
1052,480,7,231.66,33.09428571428571,109,15.571428571428571,31.05,0.13403263403263405,88,7,33.09428571428571,0.0,0.0,Unknown,Unknown,Unknown,Unknown,Unknown,Unknown,Unknown,1.0,1.0,0,0.14285714285714285,0.0,13.0,131.0,2.0,18.714285714285715
1053,4,96,4616.42,48.08770833333333,35912,374.0833333333333,496.46,0.10754220803133163,494,96,48.08770833333333,0.0,0.0,Age Group5,X,Level7,Homeowner,Group5,2,None/Unknown,0.0,0.0,0,0.0,0.0,7.0,48.0,2.0,0.5
1054,22,41,1035.19,25.248536585365855,393,9.585365853658537,172.05,0.16620137366087384,299,40,25.87975,0.0,0.0,Unknown,Unknown,Unknown,Unknown,Unknown,Unknown,Unknown,5.0,2.0,0,0.12195121951219512,0.0,17.0,118.0,2.0,2.8780487804878048
1055,14,81,1204.41,14.86925925925926,8964,110.66666666666667,236.69,0.196519457659767,291,77,15.641688311688313,0.0,0.0,Unknown,Unknown,Unknown,Unknown,Unknown,Unknown,Unknown,0.0,0.0,0,0.0,0.0,10.0,102.0,2.0,1.2592592592592593
1056,9,66,4871.09,73.80439393939395,2026,30.696969696969695,796.66,0.16354861026998063,755,53,91.90735849056604,0.0,0.0,Unknown,Unknown,Unknown,Unknown,Unknown,Unknown,Unknown,5.0,2.0,0,0.07575757575757576,0.0,11.0,82.0,2.0,1.2424242424242424
1057,1,184,8219.34,44.67032608695652,3696,20.08695652173913,775.86,0.09439444042952354,501,175,46.96765714285714,0.0,0.0,Age Group3,Y,Level5,Unknown,Group2,1,None/Unknown,8.0,3.0,0,0.043478260869565216,0.0,15.0,128.0,2.0,0.6956521739130435
1058,0,563,3280.18,5.8262522202486675,26361,46.822380106571934,556.96,0.16979555999975612,667,366,8.962240437158469,0.0,0.0,Unknown,Unknown,Unknown,Unknown,Unknown,Unknown,Unknown,7.0,2.0,0,0.012433392539964476,0.0,14.0,101.0,2.0,0.17939609236234458
1059,156,5,72.91,14.581999999999999,36,7.2,11.52,0.15800301741873543,34,4,18.2275,0.0,0.0,Unknown,Unknown,Unknown,Unknown,Unknown,Unknown,Unknown,4.0,2.0,0,0.8,0.0,17.0,139.0,2.0,27.8
1060,39,64,6096.93,95.26453125,14162,221.28125,901.9,0.14792690747638565,595,62,98.3375806451613,0.0,0.0,Age Group3,Z,Level4,Renter,Group5,2,None/Unknown,0.0,0.0,0,0.0,0.0,6.0,26.0,2.0,0.40625
1061,2,147,6211.67,42.25625850340136,140085,952.9591836734694,1505.02,0.24228911065784242,951,108,57.515462962962964,0.0,0.0,Unknown,Unknown,Unknown,Unknown,Unknown,Unknown,Unknown,9.0,2.0,0,0.061224489795918366,0.0,11.0,133.0,2.0,0.9047619047619048
1062,0,216,1495.76,6.924814814814815,926,4.287037037037037,334.35,0.2235318500294165,334,195,7.670564102564103,0.0,0.0,Age Group6,Y,Level2,Homeowner,Group5,2,None/Unknown,3.0,2.0,0,0.013888888888888888,0.0,15.0,148.0,2.0,0.6851851851851852
1063,90,57,1327.48,23.289122807017545,868,15.228070175438596,501.1,0.37748214662367796,273,50,26.5496,0.0,0.0,Unknown,Unknown,Unknown,Unknown,Unknown,Unknown,Unknown,2.0,1.0,0,0.03508771929824561,0.0,9.0,97.0,2.0,1.7017543859649122
1064,3,44,3074.68,69.8790909090909,1462,33.22727272727273,805.11,0.26185163984544735,855,43,71.50418604651162,5.0,0.11363636363636363,Unknown,Unknown,Unknown,Unknown,Unknown,Unknown,Unknown,0.0,0.0,1,0.0,0.0,10.0,90.0,2.0,2.0454545454545454
1065,6,50,5167.16,103.3432,2360,47.2,1107.35,0.21430534374782279,1037,48,107.64916666666666,0.0,0.0,Unknown,Unknown,Unknown,Unknown,Unknown,Unknown,Unknown,5.0,3.0,0,0.1,0.0,15.0,143.0,2.0,2.86
1066,3,245,3114.34,12.711591836734694,2102,8.579591836734695,665.48,0.213682513791044,580,217,14.351797235023042,4.0,0.0163265306122449,Age Group3,Y,Level3,Unknown,Group5,2,None/Unknown,5.0,2.0,1,0.02040816326530612,0.8,12.0,132.0,2.0,0.5387755102040817
1067,9,62,3741.92,60.35354838709677,81734,1318.2903225806451,724.62,0.19364924958310173,892,58,64.51586206896552,0.0,0.0,Unknown,Unknown,Unknown,Unknown,Unknown,Unknown,Unknown,7.0,2.0,0,0.11290322580645161,0.0,14.0,124.0,2.0,2.0
1068,11,111,1321.85,11.908558558558557,2664,24.0,317.25,0.24000453909293795,438,70,18.88357142857143,0.0,0.0,Unknown,Unknown,Unknown,Unknown,Unknown,Unknown,Unknown,3.0,2.0,0,0.02702702702702703,0.0,19.0,161.0,2.0,1.4504504504504505
1069,30,55,3433.27,62.42309090909091,1417,25.763636363636362,683.26,0.1990114380750713,523,52,66.02442307692307,0.0,0.0,Age Group2,Y,Level4,Unknown,Group5,2,None/Unknown,0.0,0.0,0,0.0,0.0,11.0,111.0,2.0,2.018181818181818
1070,3,177,5187.13,29.305819209039548,566753,3201.994350282486,764.18,0.1473223150374099,941,148,35.04817567567568,0.0,0.0,Age Group3,Y,Level5,Homeowner,Group5,2,None/Unknown,7.0,3.0,0,0.03954802259887006,0.0,11.0,121.0,2.0,0.6836158192090396
1071,6,84,2052.29,24.43202380952381,1363,16.226190476190474,351.26,0.1711551486388376,732,71,28.90549295774648,0.0,0.0,Unknown,Unknown,Unknown,Unknown,Unknown,Unknown,Unknown,8.0,3.0,0,0.09523809523809523,0.0,16.0,168.0,2.0,2.0
1072,10,61,2694.8,44.17704918032787,7287,119.45901639344262,613.19,0.22754564346148137,815,53,50.84528301886793,0.0,0.0,Unknown,Unknown,Unknown,Unknown,Unknown,Unknown,Unknown,3.0,2.0,0,0.04918032786885246,0.0,16.0,145.0,2.0,2.377049180327869
1073,1,121,3014.08,24.9097520661157,97338,804.4462809917355,359.7,0.11933989807835227,616,111,27.153873873873874,0.0,0.0,Unknown,Unknown,Unknown,Unknown,Unknown,Unknown,Unknown,2.0,1.0,0,0.01652892561983471,0.0,17.0,137.0,2.0,1.1322314049586777
1074,4,132,7769.22,58.857727272727274,142911,1082.659090909091,1671.04,0.2150846545727885,1095,120,64.7435,4.0,0.030303030303030304,Age Group4,X,Level4,Homeowner,Group4,4,2,5.0,3.0,1,0.03787878787878788,0.8,16.0,138.0,2.0,1.0454545454545454
1075,22,67,1469.02,21.925671641791045,23684,353.4925373134328,384.32,0.26161658792936787,329,58,25.32793103448276,0.0,0.0,Unknown,Unknown,Unknown,Unknown,Unknown,Unknown,Unknown,6.0,2.0,0,0.08955223880597014,0.0,16.0,157.0,2.0,2.343283582089552
1076,0,86,2241.01,26.05825581395349,669,7.77906976744186,253.12,0.11294907207018264,377,80,28.012625000000003,0.0,0.0,Age Group2,Z,Level4,Homeowner,Group5,2,None/Unknown,1.0,1.0,0,0.011627906976744186,0.0,10.0,95.0,2.0,1.1046511627906976
1077,6,36,1492.81,41.466944444444444,124248,3451.3333333333335,207.29,0.1388589304734025,159,36,41.466944444444444,0.0,0.0,Unknown,Unknown,Unknown,Unknown,Unknown,Unknown,Unknown,1.0,1.0,0,0.027777777777777776,0.0,14.0,122.0,2.0,3.388888888888889
1078,1,250,6885.6900000000005,27.54276,873099,3492.396,862.33,0.12523508900342595,945,215,32.02646511627907,0.0,0.0,Unknown,Unknown,Unknown,Unknown,Unknown,Unknown,Unknown,0.0,0.0,0,0.0,0.0,8.0,75.0,2.0,0.3
1079,49,50,1001.3,20.026,126339,2526.78,162.42,0.16220912813342653,145,43,23.286046511627905,0.0,0.0,Unknown,Unknown,Unknown,Unknown,Unknown,Unknown,Unknown,9.0,3.0,0,0.18,0.0,15.0,170.0,2.0,3.4
1080,23,84,2206.11,26.263214285714287,1010,12.023809523809524,459.07,0.20809025841866452,460,50,44.1222,0.0,0.0,Unknown,Unknown,Unknown,Unknown,Unknown,Unknown,Unknown,0.0,0.0,0,0.0,0.0,10.0,52.0,2.0,0.6190476190476191
1081,12,139,10201.55,73.39244604316546,15418,110.92086330935251,1239.13,0.12146487543559559,1489,124,82.27056451612903,2.0,0.014388489208633094,Age Group5,X,Level6,Homeowner,Group5,2,None/Unknown,0.0,0.0,1,0.0,0.0,8.0,99.0,2.0,0.7122302158273381
1082,0,142,2032.54,14.313661971830985,61518,433.22535211267603,535.6,0.2635126491975558,469,128,15.87921875,0.0,0.0,Age Group4,Y,Level4,Unknown,Group2,1,None/Unknown,8.0,3.0,0,0.056338028169014086,0.0,18.0,199.0,2.0,1.4014084507042253
1083,17,54,1396.93,25.869074074074074,5514,102.11111111111111,352.86,0.2525967657649274,282,48,29.102708333333336,1.0,0.018518518518518517,Unknown,Unknown,Unknown,Unknown,Unknown,Unknown,Unknown,6.0,3.0,1,0.1111111111111111,0.16666666666666666,13.0,95.0,2.0,1.7592592592592593
1084,0,225,2363.16,10.502933333333333,1171,5.204444444444444,322.73,0.13656713891568917,386,162,14.587407407407406,0.0,0.0,Age Group2,Y,Level4,Unknown,Group4,3,1,1.0,1.0,0,0.0044444444444444444,0.0,13.0,95.0,2.0,0.4222222222222222
1085,9,106,4806.0,45.339622641509436,264702,2497.188679245283,857.63,0.17844985434873076,1137,96,50.0625,0.0,0.0,Unknown,Unknown,Unknown,Unknown,Unknown,Unknown,Unknown,6.0,2.0,0,0.05660377358490566,0.0,14.0,120.0,2.0,1.1320754716981132
1086,11,30,1188.61,39.62033333333333,15990,533.0,222.19,0.18693263559956588,272,28,42.450357142857136,0.0,0.0,Unknown,Unknown,Unknown,Unknown,Unknown,Unknown,Unknown,7.0,2.0,0,0.23333333333333334,0.0,14.0,157.0,2.0,5.233333333333333
1087,22,149,3010.24,20.202953020134228,185648,1245.9597315436242,741.38,0.246286010417774,701,114,26.405614035087716,0.0,0.0,Unknown,Unknown,Unknown,Unknown,Unknown,Unknown,Unknown,0.0,0.0,0,0.0,0.0,9.0,92.0,2.0,0.6174496644295302
1088,0,91,1439.61,15.819890109890109,23356,256.65934065934067,442.58,0.30743048464514694,219,88,16.359204545454546,0.0,0.0,Unknown,Unknown,Unknown,Unknown,Unknown,Unknown,Unknown,6.0,2.0,0,0.06593406593406594,0.0,13.0,146.0,2.0,1.6043956043956045
1089,7,96,2404.98,25.051875,86503,901.0729166666666,421.99,0.1754650766326539,636,81,29.691111111111113,0.0,0.0,Unknown,Unknown,Unknown,Unknown,Unknown,Unknown,Unknown,2.0,2.0,0,0.020833333333333332,0.0,8.0,56.0,2.0,0.5833333333333334
1090,29,12,307.87,25.655833333333334,118,9.833333333333334,37.32,0.12121999545262611,81,11,27.98818181818182,0.0,0.0,Unknown,Unknown,Unknown,Unknown,Unknown,Unknown,Unknown,1.0,1.0,0,0.08333333333333333,0.0,12.0,117.0,2.0,9.75
1091,45,116,5617.4,48.425862068965515,723929,6240.767241379311,461.04,0.08207355716167623,722,104,54.013461538461534,0.0,0.0,Age Group4,X,Level6,Homeowner,Group5,2,None/Unknown,0.0,0.0,0,0.0,0.0,10.0,48.0,2.0,0.41379310344827586
1092,5,42,944.6899999999999,22.492619047619048,4869,115.92857142857143,177.31,0.18769120028792516,210,37,25.53216216216216,0.0,0.0,Unknown,Unknown,Unknown,Unknown,Unknown,Unknown,Unknown,5.0,2.0,0,0.11904761904761904,0.0,16.0,144.0,2.0,3.4285714285714284
1093,0,33,993.76,30.113939393939393,456,13.818181818181818,205.71,0.20700169054902592,247,26,38.22153846153846,0.0,0.0,Unknown,Unknown,Unknown,Unknown,Unknown,Unknown,Unknown,0.0,0.0,0,0.0,0.0,11.0,72.0,2.0,2.1818181818181817
1094,2,95,5935.57,62.479684210526315,21012,221.17894736842106,1083.39,0.18252501444680125,1044,85,69.83023529411764,0.0,0.0,Age Group4,X,Level6,Homeowner,Group4,5+,3+,0.0,0.0,0,0.0,0.0,10.0,102.0,2.0,1.0736842105263158
1095,67,30,599.54,19.984666666666666,195,6.5,42.37,0.07067084764986489,140,29,20.673793103448276,0.0,0.0,Unknown,Unknown,Unknown,Unknown,Unknown,Unknown,Unknown,8.0,3.0,0,0.26666666666666666,0.0,17.0,159.0,2.0,5.3
1096,26,47,592.36,12.60340425531915,291,6.191489361702128,76.94,0.12988723073806469,154,41,14.44780487804878,0.0,0.0,Unknown,Unknown,Unknown,Unknown,Unknown,Unknown,Unknown,0.0,0.0,0,0.0,0.0,7.0,67.0,2.0,1.425531914893617
1097,6,165,8806.33,53.37169696969697,557576,3379.2484848484846,1129.15,0.12822026882935345,1114,127,69.3411811023622,0.0,0.0,Unknown,Unknown,Unknown,Unknown,Unknown,Unknown,Unknown,0.0,0.0,0,0.0,0.0,13.0,80.0,2.0,0.48484848484848486
1098,0,449,9500.7,21.159688195991095,596439,1328.3719376391982,1743.88,0.18355279084699022,1096,281,33.81032028469751,16.0,0.035634743875278395,Unknown,Unknown,Unknown,Unknown,Unknown,Unknown,Unknown,4.0,2.0,1,0.008908685968819599,4.0,19.0,183.0,2.0,0.40757238307349664
1099,63,28,683.13,24.3975,8089,288.89285714285717,185.45,0.27147102308491794,153,27,25.301111111111112,0.0,0.0,Unknown,Unknown,Unknown,Unknown,Unknown,Unknown,Unknown,7.0,2.0,0,0.25,0.0,18.0,160.0,2.0,5.714285714285714
1100,8,26,313.40999999999997,12.054230769230768,51085,1964.8076923076924,10.91,0.034810631441243106,44,23,13.626521739130434,0.0,0.0,Unknown,Unknown,Unknown,Unknown,Unknown,Unknown,Unknown,0.0,0.0,0,0.0,0.0,9.0,53.0,2.0,2.0384615384615383
1101,50,16,190.78,11.92375,19371,1210.6875,43.22,0.22654366285774188,64,15,12.718666666666667,0.0,0.0,Unknown,Unknown,Unknown,Unknown,Unknown,Unknown,Unknown,0.0,0.0,0,0.0,0.0,5.0,29.0,2.0,1.8125
1102,18,81,2263.4,27.94320987654321,945,11.666666666666666,669.11,0.2956216311743395,597,76,29.781578947368423,0.0,0.0,Unknown,Unknown,Unknown,Unknown,Unknown,Unknown,Unknown,0.0,0.0,0,0.0,0.0,6.0,29.0,2.0,0.35802469135802467
1103,3,204,6104.1900000000005,29.922500000000003,473085,2319.044117647059,717.1,0.11747668404817019,902,175,34.88108571428572,0.0,0.0,Age Group3,X,Level5,Homeowner,Group4,3,1,2.0,1.0,0,0.00980392156862745,0.0,15.0,135.0,2.0,0.6617647058823529
1104,13,118,3378.16,28.628474576271184,5752,48.74576271186441,448.40999999999997,0.13273794018045326,690,112,30.162142857142857,0.0,0.0,Unknown,Unknown,Unknown,Unknown,Unknown,Unknown,Unknown,6.0,3.0,0,0.05084745762711865,0.0,16.0,160.0,2.0,1.3559322033898304
1105,23,9,500.14,55.57111111111111,15498,1722.0,69.99,0.13994081657136,146,6,83.35666666666667,0.0,0.0,Unknown,Unknown,Unknown,Unknown,Unknown,Unknown,Unknown,8.0,2.0,0,0.8888888888888888,0.0,17.0,147.0,2.0,16.333333333333332
1106,9,38,683.26,17.980526315789472,301,7.921052631578948,139.39,0.20400725931563385,171,37,18.466486486486485,0.0,0.0,Unknown,Unknown,Unknown,Unknown,Unknown,Unknown,Unknown,0.0,0.0,0,0.0,0.0,9.0,68.0,2.0,1.7894736842105263
1107,63,22,877.32,39.87818181818182,497,22.59090909090909,223.32,0.25454794145807685,233,21,41.77714285714286,0.0,0.0,Unknown,Unknown,Unknown,Unknown,Unknown,Unknown,Unknown,0.0,0.0,0,0.0,0.0,9.0,67.0,2.0,3.0454545454545454
1108,34,22,292.1,13.27727272727273,158,7.181818181818182,58.63,0.20071893187264633,111,22,13.27727272727273,0.0,0.0,Unknown,Unknown,Unknown,Unknown,Unknown,Unknown,Unknown,0.0,0.0,0,0.0,0.0,8.0,70.0,2.0,3.1818181818181817
1109,20,87,3059.0,35.160919540229884,1344,15.448275862068966,470.32,0.15374959136972866,538,82,37.30487804878049,0.0,0.0,Unknown,Unknown,Unknown,Unknown,Unknown,Unknown,Unknown,0.0,0.0,0,0.0,0.0,9.0,52.0,2.0,0.5977011494252874
1110,3,133,5508.47,41.41706766917294,1403,10.548872180451127,1296.54,0.2353720724629525,727,124,44.42314516129032,0.0,0.0,Unknown,Unknown,Unknown,Unknown,Unknown,Unknown,Unknown,0.0,0.0,0,0.0,0.0,13.0,130.0,2.0,0.9774436090225563
1111,4,321,18894.72,58.86205607476636,11216,34.940809968847354,2528.66,0.1338289215188158,1668,262,72.11725190839695,0.0,0.0,Unknown,Unknown,Unknown,Unknown,Unknown,Unknown,Unknown,1.0,1.0,0,0.003115264797507788,0.0,13.0,152.0,2.0,0.4735202492211838
1112,35,52,1889.45,36.33557692307692,225082,4328.5,158.68,0.0839821111963799,293,45,41.98777777777778,0.0,0.0,Unknown,Unknown,Unknown,Unknown,Unknown,Unknown,Unknown,12.0,3.0,0,0.23076923076923078,0.0,21.0,188.0,2.0,3.6153846153846154
1113,1,176,4391.3,24.950568181818184,36199,205.67613636363637,1047.75,0.23859677088789197,829,159,27.618238993710694,5.0,0.028409090909090908,Age Group4,X,Level5,Homeowner,Group4,3,1,0.0,0.0,1,0.0,0.0,11.0,108.0,2.0,0.6136363636363636
1114,1,44,970.95,22.067045454545454,499,11.340909090909092,251.05,0.2585612029455688,301,40,24.27375,0.0,0.0,Unknown,Unknown,Unknown,Unknown,Unknown,Unknown,Unknown,7.0,2.0,0,0.1590909090909091,0.0,14.0,145.0,2.0,3.2954545454545454
1115,3,51,1828.6399999999999,35.8556862745098,127133,2492.8039215686276,149.88,0.08196255140432235,282,42,43.539047619047615,0.0,0.0,Unknown,Unknown,Unknown,Unknown,Unknown,Unknown,Unknown,0.0,0.0,0,0.0,0.0,8.0,78.0,2.0,1.5294117647058822
1116,15,64,2779.14,43.4240625,9062,141.59375,573.13,0.2062256669329361,504,51,54.49294117647059,0.0,0.0,Unknown,Unknown,Unknown,Unknown,Unknown,Unknown,Unknown,0.0,0.0,0,0.0,0.0,14.0,120.0,2.0,1.875
1117,1,186,3667.44,19.71741935483871,179720,966.236559139785,472.24,0.12876556944353554,738,155,23.66090322580645,0.0,0.0,Unknown,Unknown,Unknown,Unknown,Unknown,Unknown,Unknown,3.0,1.0,0,0.016129032258064516,0.0,12.0,96.0,2.0,0.5161290322580645
1118,116,16,945.89,59.118125,12776,798.5,157.01,0.16599181723033332,103,16,59.118125,0.0,0.0,Unknown,Unknown,Unknown,Unknown,Unknown,Unknown,Unknown,6.0,2.0,0,0.375,0.0,12.0,147.0,2.0,9.1875
1119,1,68,2232.75,32.83455882352941,18754,275.79411764705884,644.83,0.2888052849624902,669,63,35.44047619047619,0.0,0.0,Unknown,Unknown,Unknown,Unknown,Unknown,Unknown,Unknown,0.0,0.0,0,0.0,0.0,8.0,45.0,2.0,0.6617647058823529
1120,2,87,1737.84,19.975172413793103,16227,186.51724137931035,312.51,0.17982668139759703,493,75,23.1712,0.0,0.0,Age Group3,Z,Level1,Renter,Group4,4,2,2.0,1.0,0,0.022988505747126436,0.0,17.0,142.0,2.0,1.632183908045977
1121,29,61,2486.64,40.76459016393442,1181,19.360655737704917,667.7,0.2685149438599878,670,58,42.87310344827586,0.0,0.0,Unknown,Unknown,Unknown,Unknown,Unknown,Unknown,Unknown,1.0,1.0,0,0.01639344262295082,0.0,12.0,121.0,2.0,1.9836065573770492
1122,213,77,1236.98,16.064675324675324,26983,350.42857142857144,161.4,0.1304790699930476,307,67,18.462388059701492,0.0,0.0,Unknown,Unknown,Unknown,Unknown,Unknown,Unknown,Unknown,2.0,1.0,0,0.025974025974025976,0.0,9.0,134.0,2.0,1.7402597402597402
1123,37,73,3915.81,53.64123287671233,1344,18.410958904109588,622.28,0.1589147583769386,526,65,60.24323076923077,0.0,0.0,Age Group5,X,Level2,Unknown,Group3,2,None/Unknown,3.0,1.0,0,0.0410958904109589,0.0,12.0,92.0,2.0,1.2602739726027397
1124,2,79,1896.39,24.00493670886076,3064,38.78481012658228,460.58,0.24287198308364838,583,62,30.58693548387097,0.0,0.0,Unknown,Unknown,Unknown,Unknown,Unknown,Unknown,Unknown,4.0,1.0,0,0.05063291139240506,0.0,14.0,134.0,2.0,1.6962025316455696
1125,0,89,691.1,7.765168539325843,7897,88.73033707865169,109.56,0.15852987990160614,227,65,10.632307692307693,0.0,0.0,Unknown,Unknown,Unknown,Unknown,Unknown,Unknown,Unknown,1.0,1.0,0,0.011235955056179775,0.0,14.0,121.0,2.0,1.3595505617977528
1126,1,28,2543.36,90.83428571428571,1173,41.892857142857146,552.62,0.21727950427780574,535,28,90.83428571428571,0.0,0.0,Unknown,Unknown,Unknown,Unknown,Unknown,Unknown,Unknown,1.0,1.0,0,0.03571428571428571,0.0,13.0,101.0,2.0,3.607142857142857
1127,0,29,1563.53,53.9148275862069,664,22.896551724137932,316.62,0.20250330981816786,413,26,60.13576923076923,0.0,0.0,Unknown,Unknown,Unknown,Unknown,Unknown,Unknown,Unknown,2.0,2.0,0,0.06896551724137931,0.0,10.0,108.0,2.0,3.7241379310344827
1128,1,234,3027.0,12.935897435897436,89059,380.5940170940171,416.53,0.137604889329369,817,176,17.198863636363637,0.0,0.0,Age Group2,Y,Level6,Unknown,Group4,3,1,2.0,2.0,0,0.008547008547008548,0.0,11.0,115.0,2.0,0.49145299145299143
1129,0,73,2401.41,32.89602739726027,112080,1535.3424657534247,321.48,0.13387135058153338,334,70,34.30585714285714,0.0,0.0,Unknown,Unknown,Unknown,Unknown,Unknown,Unknown,Unknown,7.0,3.0,0,0.0958904109589041,0.0,18.0,158.0,2.0,2.164383561643836
1130,0,362,6563.15,18.13024861878453,7282,20.116022099447513,1622.16,0.2471618049259883,1549,249,26.358032128514054,1.0,0.0027624309392265192,Age Group5,Y,Level3,Renter,Group4,3,1,0.0,0.0,1,0.0,0.0,15.0,125.0,2.0,0.3453038674033149
1131,1,102,3034.77,29.75264705882353,1331,13.049019607843137,631.0,0.20792349996869613,806,92,32.98663043478261,0.0,0.0,Age Group4,Z,Level5,Homeowner,Group4,3,1,6.0,2.0,0,0.058823529411764705,0.0,18.0,189.0,2.0,1.8529411764705883
1132,10,58,2073.62,35.75206896551724,1021,17.603448275862068,410.41,0.1979195802509621,537,44,47.12772727272727,0.0,0.0,Unknown,Unknown,Unknown,Unknown,Unknown,Unknown,Unknown,4.0,3.0,0,0.06896551724137931,0.0,17.0,155.0,2.0,2.6724137931034484
1133,0,115,1377.66,11.979652173913044,14045,122.1304347826087,243.91,0.17704658624043668,312,97,14.202680412371135,0.0,0.0,Unknown,Unknown,Unknown,Unknown,Unknown,Unknown,Unknown,2.0,1.0,0,0.017391304347826087,0.0,12.0,118.0,2.0,1.0260869565217392
1134,22,51,5050.53,99.03,2051,40.21568627450981,718.36,0.14223457736118786,1057,47,107.45808510638297,0.0,0.0,Unknown,Unknown,Unknown,Unknown,Unknown,Unknown,Unknown,1.0,1.0,0,0.0196078431372549,0.0,15.0,111.0,2.0,2.176470588235294
1135,5,64,748.88,11.70125,10422,162.84375,133.68,0.17850656981091764,207,58,12.911724137931035,0.0,0.0,Age Group4,Y,Level5,Unknown,Group6,2,1,7.0,3.0,0,0.109375,0.0,18.0,180.0,2.0,2.8125
1136,7,59,1934.11,32.78152542372881,964,16.338983050847457,487.44,0.2520228942511026,485,56,34.53767857142857,0.0,0.0,Unknown,Unknown,Unknown,Unknown,Unknown,Unknown,Unknown,0.0,0.0,0,0.0,0.0,10.0,81.0,2.0,1.3728813559322033
1137,3,134,2121.89,15.834999999999999,24523,183.00746268656715,279.64,0.13178816998053622,190,123,17.251138211382113,0.0,0.0,Age Group6,Z,Level4,Homeowner,Group2,1,None/Unknown,2.0,1.0,0,0.014925373134328358,0.0,11.0,118.0,2.0,0.8805970149253731
1138,0,212,4546.37,21.445141509433963,2418,11.40566037735849,809.47,0.17804754122519725,386,191,23.802984293193717,0.0,0.0,Age Group3,Y,Level2,Unknown,Group5,2,None/Unknown,4.0,2.0,0,0.018867924528301886,0.0,11.0,66.0,2.0,0.3113207547169811
1139,6,92,7539.55,81.95163043478261,2360,25.652173913043477,667.7,0.08855966204879602,799,86,87.66918604651163,0.0,0.0,Unknown,Unknown,Unknown,Unknown,Unknown,Unknown,Unknown,6.0,2.0,0,0.06521739130434782,0.0,9.0,98.0,2.0,1.065217391304348
1140,51,21,1164.18,55.43714285714286,19561,931.4761904761905,183.66,0.15775910941606966,223,16,72.76125,0.0,0.0,Unknown,Unknown,Unknown,Unknown,Unknown,Unknown,Unknown,7.0,2.0,0,0.3333333333333333,0.0,18.0,165.0,2.0,7.857142857142857
1141,15,59,1137.28,19.27593220338983,581,9.847457627118644,273.45,0.24044210748452446,331,54,21.06074074074074,0.0,0.0,Unknown,Unknown,Unknown,Unknown,Unknown,Unknown,Unknown,0.0,0.0,0,0.0,0.0,11.0,92.0,2.0,1.5593220338983051
1142,1,284,15178.960000000001,53.44704225352113,777132,2736.3802816901407,1861.62,0.12264476617633881,1411,237,64.0462447257384,1.0,0.0035211267605633804,Age Group4,X,Level5,Homeowner,Group5,2,None/Unknown,1.0,1.0,1,0.0035211267605633804,1.0,11.0,101.0,2.0,0.35563380281690143
1143,75,12,173.31,14.4425,69,5.75,55.29,0.31902371473082913,36,12,14.4425,0.0,0.0,Unknown,Unknown,Unknown,Unknown,Unknown,Unknown,Unknown,10.0,3.0,0,0.8333333333333334,0.0,20.0,189.0,2.0,15.75
1144,13,24,187.09,7.795416666666667,16636,693.1666666666666,10.26,0.05483991661767064,43,23,8.134347826086957,0.0,0.0,Unknown,Unknown,Unknown,Unknown,Unknown,Unknown,Unknown,0.0,0.0,0,0.0,0.0,7.0,25.0,2.0,1.0416666666666667
1145,4,81,3875.17,47.84160493827161,1594,19.679012345679013,817.53,0.21096622857835914,749,60,64.58616666666667,0.0,0.0,Unknown,Unknown,Unknown,Unknown,Unknown,Unknown,Unknown,0.0,0.0,0,0.0,0.0,5.0,26.0,2.0,0.32098765432098764
1146,0,345,8854.64,25.665623188405796,497218,1441.2115942028986,2020.84,0.22822384648048932,1029,249,35.560803212851404,12.0,0.034782608695652174,Age Group3,Z,Level4,Homeowner,Group1,4,3+,5.0,3.0,1,0.014492753623188406,2.4,11.0,134.0,2.0,0.3884057971014493
1147,1,57,3779.36,66.30456140350877,1522,26.70175438596491,582.61,0.1541557300706998,803,52,72.68,0.0,0.0,Age Group1,Y,Level3,Unknown,Group5,2,None/Unknown,9.0,3.0,0,0.15789473684210525,0.0,18.0,150.0,2.0,2.6315789473684212
1148,3,26,478.59000000000003,18.407307692307693,79650,3063.4615384615386,49.31,0.10303182264568837,103,26,18.407307692307693,0.0,0.0,Unknown,Unknown,Unknown,Unknown,Unknown,Unknown,Unknown,0.0,0.0,0,0.0,0.0,13.0,114.0,2.0,4.384615384615385
1149,39,17,307.90999999999997,18.112352941176468,102,6.0,48.08,0.1561495242116203,58,15,20.52733333333333,0.0,0.0,Unknown,Unknown,Unknown,Unknown,Unknown,Unknown,Unknown,0.0,0.0,0,0.0,0.0,10.0,53.0,2.0,3.1176470588235294
1150,159,14,845.39,60.385,449,32.07142857142857,153.99,0.18215261595240068,187,13,65.03,0.0,0.0,Unknown,Unknown,Unknown,Unknown,Unknown,Unknown,Unknown,0.0,0.0,0,0.0,0.0,7.0,37.0,2.0,2.642857142857143
1151,3,159,2808.91,17.666100628930817,14347,90.23270440251572,420.64,0.14975203904717488,442,136,20.65375,0.0,0.0,Age Group4,Y,Level1,Probable Renter,Group2,1,None/Unknown,0.0,0.0,0,0.0,0.0,8.0,78.0,2.0,0.49056603773584906
1152,16,77,1305.66,16.956623376623376,55278,717.8961038961039,219.8,0.16834397929016742,274,56,23.315357142857145,0.0,0.0,Unknown,Unknown,Unknown,Unknown,Unknown,Unknown,Unknown,2.0,2.0,0,0.025974025974025976,0.0,13.0,96.0,2.0,1.2467532467532467
1153,6,65,1142.86,17.582461538461537,614,9.446153846153846,285.91,0.2501706245734386,264,53,21.563396226415094,0.0,0.0,Unknown,Unknown,Unknown,Unknown,Unknown,Unknown,Unknown,0.0,0.0,0,0.0,0.0,15.0,103.0,2.0,1.5846153846153845
1154,0,127,3803.55,29.9492125984252,1873,14.748031496062993,793.81,0.20870239644542596,660,122,31.176639344262295,0.0,0.0,Age Group4,X,Level4,Homeowner,Group6,2,None/Unknown,1.0,1.0,0,0.007874015748031496,0.0,11.0,76.0,2.0,0.5984251968503937
1155,0,41,2053.02,50.07365853658536,954,23.26829268292683,569.59,0.2774400639058558,525,28,73.32214285714285,0.0,0.0,Unknown,Unknown,Unknown,Unknown,Unknown,Unknown,Unknown,5.0,2.0,0,0.12195121951219512,0.0,11.0,131.0,2.0,3.1951219512195124
1156,73,29,999.33,34.4596551724138,376,12.96551724137931,134.72,0.13481032291635395,225,28,35.690357142857145,0.0,0.0,Unknown,Unknown,Unknown,Unknown,Unknown,Unknown,Unknown,0.0,0.0,0,0.0,0.0,12.0,100.0,2.0,3.4482758620689653
1157,37,104,2779.86,26.729423076923077,990,9.51923076923077,319.44,0.11491226176857827,596,89,31.234382022471912,0.0,0.0,Unknown,Unknown,Unknown,Unknown,Unknown,Unknown,Unknown,0.0,0.0,0,0.0,0.0,11.0,89.0,2.0,0.8557692307692307
1158,0,219,2903.2,13.25662100456621,125690,573.9269406392694,734.08,0.2528520253513365,618,180,16.128888888888888,0.0,0.0,Age Group4,Y,Level2,Homeowner,Group5,2,None/Unknown,3.0,1.0,0,0.0136986301369863,0.0,12.0,143.0,2.0,0.6529680365296804
1159,3,233,4468.63,19.178669527896997,237146,1017.793991416309,645.9,0.14454094431626693,792,189,23.643544973544973,0.0,0.0,Age Group4,X,Level2,Homeowner,Group5,2,None/Unknown,5.0,2.0,0,0.02145922746781116,0.0,12.0,141.0,2.0,0.6051502145922747
1160,0,145,4377.96,30.192827586206896,36530,251.93103448275863,1010.01,0.23070334128224104,927,113,38.74300884955752,0.0,0.0,Age Group6,Y,Level4,Homeowner,Group3,1,None/Unknown,4.0,2.0,0,0.027586206896551724,0.0,14.0,150.0,2.0,1.0344827586206897
1161,6,63,1377.57,21.866190476190475,5360,85.07936507936508,296.76,0.21542280973017705,543,56,24.599464285714284,0.0,0.0,Unknown,Unknown,Unknown,Unknown,Unknown,Unknown,Unknown,4.0,2.0,0,0.06349206349206349,0.0,16.0,146.0,2.0,2.3174603174603177
1162,214,33,431.76,13.083636363636364,51725,1567.4242424242425,95.16,0.22040022234574763,125,31,13.927741935483871,0.0,0.0,Unknown,Unknown,Unknown,Unknown,Unknown,Unknown,Unknown,0.0,0.0,0,0.0,0.0,14.0,143.0,2.0,4.333333333333333
1163,17,153,4808.01,31.424901960784315,348663,2278.843137254902,810.09,0.16848758634029462,996,137,35.09496350364964,0.0,0.0,Age Group3,Y,Level1,Unknown,Group6,1,None/Unknown,0.0,0.0,0,0.0,0.0,8.0,50.0,2.0,0.32679738562091504
1164,0,104,4689.35,45.08990384615385,1883,18.10576923076923,311.34,0.06639299689722455,525,97,48.343814432989696,0.0,0.0,Age Group2,Y,Level2,Unknown,Group2,1,None/Unknown,6.0,3.0,0,0.057692307692307696,0.0,15.0,167.0,2.0,1.6057692307692308
1165,5,57,1413.52,24.79859649122807,51732,907.578947368421,290.2,0.20530307317901408,347,56,25.24142857142857,0.0,0.0,Unknown,Unknown,Unknown,Unknown,Unknown,Unknown,Unknown,3.0,1.0,0,0.05263157894736842,0.0,13.0,115.0,2.0,2.017543859649123
1166,0,409,12300.62,30.074865525672372,1301917,3183.1711491442543,2060.93,0.16754683910241921,1903,306,40.1981045751634,11.0,0.02689486552567237,Age Group4,X,Level8,Homeowner,Group4,3,1,1.0,1.0,1,0.0024449877750611247,11.0,13.0,115.0,2.0,0.28117359413202936
1167,3,150,6798.79,45.325266666666664,257101,1714.0066666666667,792.67,0.11658986378458519,1061,136,49.99110294117647,2.0,0.013333333333333334,Age Group3,Y,Level5,Homeowner,Group4,4,2,11.0,3.0,1,0.07333333333333333,0.18181818181818182,17.0,189.0,2.0,1.26
1168,8,69,874.23,12.67,232,3.36231884057971,67.7,0.07743957539777861,128,69,12.67,0.0,0.0,Unknown,Unknown,Unknown,Unknown,Unknown,Unknown,Unknown,9.0,3.0,0,0.13043478260869565,0.0,17.0,185.0,2.0,2.681159420289855
1169,6,128,5159.4,40.3078125,15883,124.0859375,1273.71,0.24687172927084547,798,103,50.09126213592233,0.0,0.0,Age Group1,X,Level2,Homeowner,Group5,2,None/Unknown,0.0,0.0,0,0.0,0.0,10.0,64.0,2.0,0.5
1170,62,7,68.45,9.778571428571428,39,5.571428571428571,7.05,0.10299488677867055,19,7,9.778571428571428,0.0,0.0,Unknown,Unknown,Unknown,Unknown,Unknown,Unknown,Unknown,4.0,2.0,0,0.5714285714285714,0.0,16.0,137.0,2.0,19.571428571428573
1171,4,34,996.6,29.311764705882354,12858,378.1764705882353,82.05,0.08232992173389524,206,29,34.36551724137931,0.0,0.0,Unknown,Unknown,Unknown,Unknown,Unknown,Unknown,Unknown,0.0,0.0,0,0.0,0.0,4.0,16.0,2.0,0.47058823529411764
1172,1,167,4569.24,27.36071856287425,15422,92.34730538922156,604.51,0.13229990107764092,852,145,31.511999999999997,0.0,0.0,Age Group2,Z,Level5,Unknown,Group2,1,None/Unknown,0.0,0.0,0,0.0,0.0,11.0,87.0,2.0,0.5209580838323353
1173,74,41,655.77,15.994390243902439,51717,1261.3902439024391,65.51,0.09989783003187094,186,32,20.4928125,0.0,0.0,Unknown,Unknown,Unknown,Unknown,Unknown,Unknown,Unknown,4.0,2.0,0,0.0975609756097561,0.0,15.0,155.0,2.0,3.7804878048780486
1174,7,122,2156.65,17.677459016393442,1260,10.327868852459016,472.03,0.21887186145178864,698,102,21.143627450980393,0.0,0.0,Age Group2,Y,Level1,Unknown,Group4,5+,3+,0.0,0.0,0,0.0,0.0,10.0,82.0,2.0,0.6721311475409836
1175,5,135,7403.51,54.84081481481481,686761,5087.118518518519,605.59,0.0817976878534641,701,124,59.70572580645162,5.0,0.037037037037037035,Age Group2,X,Level5,Homeowner,Group3,2,None/Unknown,2.0,1.0,1,0.014814814814814815,2.5,15.0,154.0,2.0,1.1407407407407408
1176,8,16,240.85,15.053125,90,5.625,48.44,0.20112102968652687,68,15,16.056666666666665,0.0,0.0,Unknown,Unknown,Unknown,Unknown,Unknown,Unknown,Unknown,5.0,2.0,0,0.3125,0.0,21.0,161.0,2.0,10.0625
1177,13,17,337.98,19.881176470588237,142,8.352941176470589,28.15,0.08328895200899461,94,16,21.12375,0.0,0.0,Unknown,Unknown,Unknown,Unknown,Unknown,Unknown,Unknown,0.0,0.0,0,0.0,0.0,6.0,29.0,2.0,1.7058823529411764
1178,3,212,5022.28,23.689999999999998,256669,1210.7028301886792,1344.16,0.26763939883877447,883,194,25.888041237113402,0.0,0.0,Age Group4,Y,Level2,Unknown,Group3,1,None/Unknown,0.0,0.0,0,0.0,0.0,9.0,41.0,2.0,0.19339622641509435
1179,0,205,9428.4,45.99219512195122,582706,2842.468292682927,1476.52,0.15660345339612236,1371,175,53.876571428571424,0.0,0.0,Age Group3,X,Level5,Homeowner,Group5,2,None/Unknown,8.0,2.0,0,0.03902439024390244,0.0,15.0,163.0,2.0,0.7951219512195122
1180,10,166,5430.04,32.7110843373494,509201,3067.475903614458,789.95,0.14547774970350127,766,130,41.76953846153846,0.0,0.0,Unknown,Unknown,Unknown,Unknown,Unknown,Unknown,Unknown,7.0,2.0,0,0.04216867469879518,0.0,17.0,190.0,2.0,1.144578313253012
1181,5,89,2196.58,24.68067415730337,19709,221.4494382022472,452.13,0.2058336140727859,674,79,27.80481012658228,0.0,0.0,Unknown,Unknown,Unknown,Unknown,Unknown,Unknown,Unknown,4.0,2.0,0,0.0449438202247191,0.0,14.0,137.0,2.0,1.5393258426966292
1182,27,124,1966.38,15.857903225806453,58951,475.41129032258067,295.26,0.15015409025722393,493,96,20.483125,0.0,0.0,Unknown,Unknown,Unknown,Unknown,Unknown,Unknown,Unknown,3.0,2.0,0,0.024193548387096774,0.0,13.0,133.0,2.0,1.0725806451612903
1183,34,9,260.04,28.893333333333334,202,22.444444444444443,91.98,0.35371481310567604,119,7,37.14857142857143,0.0,0.0,Unknown,Unknown,Unknown,Unknown,Unknown,Unknown,Unknown,3.0,1.0,0,0.3333333333333333,0.0,11.0,114.0,2.0,12.666666666666666
1184,18,13,713.9,54.91538461538461,5079,390.6923076923077,148.34,0.20778820563104078,198,12,59.49166666666667,0.0,0.0,Unknown,Unknown,Unknown,Unknown,Unknown,Unknown,Unknown,0.0,0.0,0,0.0,0.0,9.0,59.0,2.0,4.538461538461538
1185,4,61,1334.18,21.871803278688525,5507,90.27868852459017,246.64,0.1848626122412268,329,49,27.228163265306122,0.0,0.0,Unknown,Unknown,Unknown,Unknown,Unknown,Unknown,Unknown,1.0,1.0,0,0.01639344262295082,0.0,13.0,81.0,2.0,1.3278688524590163
1186,3,79,6060.38,76.71367088607595,132643,1679.0253164556962,616.17,0.10167184235972,971,70,86.57685714285715,0.0,0.0,Age Group4,X,Level5,Homeowner,Group1,5+,3+,0.0,0.0,0,0.0,0.0,10.0,105.0,2.0,1.3291139240506329
1187,1,133,2996.18,22.52766917293233,1648,12.390977443609023,428.43,0.1429920765775087,604,111,26.99261261261261,0.0,0.0,Unknown,Unknown,Unknown,Unknown,Unknown,Unknown,Unknown,5.0,2.0,0,0.03759398496240601,0.0,19.0,182.0,2.0,1.368421052631579
1188,5,149,3722.22,24.981342281879193,14338,96.22818791946308,1207.73,0.32446496982983275,1248,122,30.509999999999998,0.0,0.0,Age Group4,Y,Level4,Renter,Group6,1,None/Unknown,6.0,2.0,0,0.040268456375838924,0.0,11.0,125.0,2.0,0.8389261744966443
1189,12,51,954.21,18.71,389,7.627450980392157,123.24,0.12915395982016536,215,50,19.0842,0.0,0.0,Unknown,Unknown,Unknown,Unknown,Unknown,Unknown,Unknown,3.0,2.0,0,0.058823529411764705,0.0,16.0,159.0,2.0,3.1176470588235294
1190,0,253,3327.02,13.150276679841896,232630,919.4861660079051,549.47,0.16515380129966156,826,205,16.229365853658535,0.0,0.0,Age Group2,Y,Level4,Homeowner,Group5,2,None/Unknown,0.0,0.0,0,0.0,0.0,12.0,84.0,2.0,0.33201581027667987
1191,2,98,2485.87,25.366020408163266,994,10.142857142857142,323.06,0.12995852558661555,441,93,26.729784946236556,0.0,0.0,Unknown,Unknown,Unknown,Unknown,Unknown,Unknown,Unknown,7.0,3.0,0,0.07142857142857142,0.0,19.0,164.0,2.0,1.6734693877551021
1192,2,100,1482.54,14.8254,180292,1802.92,242.39000000000001,0.16349643179947929,325,77,19.253766233766232,0.0,0.0,Unknown,Unknown,Unknown,Unknown,Unknown,Unknown,Unknown,2.0,1.0,0,0.02,0.0,10.0,122.0,2.0,1.22
1193,13,219,4723.65,21.56917808219178,9467,43.22831050228311,1086.75,0.23006573306659048,886,169,27.95059171597633,0.0,0.0,Unknown,Unknown,Unknown,Unknown,Unknown,Unknown,Unknown,0.0,0.0,0,0.0,0.0,11.0,87.0,2.0,0.3972602739726027
1194,9,62,1276.74,20.59258064516129,652,10.516129032258064,255.25,0.19992324200698655,400,57,22.39894736842105,0.0,0.0,Unknown,Unknown,Unknown,Unknown,Unknown,Unknown,Unknown,3.0,1.0,0,0.04838709677419355,0.0,15.0,157.0,2.0,2.532258064516129
1195,6,41,1271.09,31.002195121951218,44928,1095.8048780487804,172.95,0.13606432274661903,278,36,35.308055555555555,0.0,0.0,Unknown,Unknown,Unknown,Unknown,Unknown,Unknown,Unknown,0.0,0.0,0,0.0,0.0,13.0,117.0,2.0,2.8536585365853657
1196,29,27,1915.95,70.96111111111111,722,26.74074074074074,224.99,0.11742999556355856,378,27,70.96111111111111,0.0,0.0,Unknown,Unknown,Unknown,Unknown,Unknown,Unknown,Unknown,0.0,0.0,0,0.0,0.0,13.0,94.0,2.0,3.4814814814814814
1197,6,160,7988.7300000000005,49.9295625,453301,2833.13125,966.5600000000001,0.120990445289802,1119,133,60.065639097744366,21.0,0.13125,Age Group3,X,Level9,Homeowner,Group5,2,None/Unknown,0.0,0.0,1,0.0,0.0,14.0,104.0,2.0,0.65
1198,15,44,1004.6,22.831818181818182,369,8.386363636363637,244.13,0.24301214413696992,203,42,23.91904761904762,0.0,0.0,Unknown,Unknown,Unknown,Unknown,Unknown,Unknown,Unknown,6.0,2.0,0,0.13636363636363635,0.0,18.0,171.0,2.0,3.8863636363636362
1199,430,7,163.57,23.367142857142856,53,7.571428571428571,22.25,0.13602738888549246,40,7,23.367142857142856,0.0,0.0,Unknown,Unknown,Unknown,Unknown,Unknown,Unknown,Unknown,0.0,0.0,0,0.0,0.0,9.0,73.0,2.0,10.428571428571429
1200,26,30,1619.45,53.98166666666667,660,22.0,363.45,0.22442804655901694,438,29,55.84310344827586,0.0,0.0,Unknown,Unknown,Unknown,Unknown,Unknown,Unknown,Unknown,0.0,0.0,0,0.0,0.0,6.0,23.0,2.0,0.7666666666666667
1201,15,38,537.6,14.147368421052633,5566,146.47368421052633,103.23,0.1920200892857143,169,37,14.52972972972973,0.0,0.0,Unknown,Unknown,Unknown,Unknown,Unknown,Unknown,Unknown,0.0,0.0,0,0.0,0.0,12.0,115.0,2.0,3.026315789473684
1202,16,25,587.47,23.498800000000003,14328,573.12,116.46000000000001,0.19823991012307013,88,24,24.47791666666667,0.0,0.0,Unknown,Unknown,Unknown,Unknown,Unknown,Unknown,Unknown,0.0,0.0,0,0.0,0.0,13.0,72.0,2.0,2.88
1203,1,173,6385.44,36.910057803468206,104260,602.6589595375723,886.42,0.13881893808414142,910,148,43.144864864864864,0.0,0.0,Unknown,Unknown,Unknown,Unknown,Unknown,Unknown,Unknown,0.0,0.0,0,0.0,0.0,9.0,45.0,2.0,0.26011560693641617
1204,3,81,2043.13,25.22382716049383,8830,109.01234567901234,553.71,0.27101065522017687,469,63,32.43063492063492,0.0,0.0,Unknown,Unknown,Unknown,Unknown,Unknown,Unknown,Unknown,6.0,2.0,0,0.07407407407407407,0.0,18.0,154.0,2.0,1.9012345679012346
1205,32,186,4383.72,23.568387096774195,8566,46.053763440860216,1078.89,0.2461128904218335,945,135,32.472,0.0,0.0,Unknown,Unknown,Unknown,Unknown,Unknown,Unknown,Unknown,2.0,1.0,0,0.010752688172043012,0.0,14.0,123.0,2.0,0.6612903225806451
1206,11,381,6172.13,16.19981627296588,2827,7.41994750656168,1274.11,0.20642954701213356,1325,279,22.122329749103944,0.0,0.0,Unknown,Unknown,Unknown,Unknown,Unknown,Unknown,Unknown,0.0,0.0,0,0.0,0.0,16.0,152.0,2.0,0.3989501312335958
1207,6,108,765.37,7.086759259259259,411,3.8055555555555554,241.45,0.3154683355762572,199,89,8.599662921348315,0.0,0.0,Unknown,Unknown,Unknown,Unknown,Unknown,Unknown,Unknown,6.0,3.0,0,0.05555555555555555,0.0,18.0,184.0,2.0,1.7037037037037037
1208,17,54,1078.06,19.964074074074073,16511,305.75925925925924,165.14,0.15318256868819916,353,49,22.001224489795916,0.0,0.0,Unknown,Unknown,Unknown,Unknown,Unknown,Unknown,Unknown,3.0,1.0,0,0.05555555555555555,0.0,12.0,82.0,2.0,1.5185185185185186
1209,1,23,361.42,15.71391304347826,131,5.695652173913044,43.28,0.11974987549111836,86,19,19.022105263157897,0.0,0.0,Unknown,Unknown,Unknown,Unknown,Unknown,Unknown,Unknown,0.0,0.0,0,0.0,0.0,12.0,114.0,2.0,4.956521739130435
1210,15,37,921.33,24.90081081081081,585,15.81081081081081,225.14,0.24436412577469524,306,32,28.7915625,0.0,0.0,Unknown,Unknown,Unknown,Unknown,Unknown,Unknown,Unknown,0.0,0.0,0,0.0,0.0,10.0,53.0,2.0,1.4324324324324325
1211,0,168,9045.04,53.83952380952381,455784,2713.0,958.24,0.10594093558458557,516,138,65.54376811594203,0.0,0.0,Unknown,Unknown,Unknown,Unknown,Unknown,Unknown,Unknown,0.0,0.0,0,0.0,0.0,9.0,97.0,2.0,0.5773809523809523
1212,26,6,195.27,32.545,108,18.0,43.23,0.2213857735443232,84,6,32.545,0.0,0.0,Unknown,Unknown,Unknown,Unknown,Unknown,Unknown,Unknown,3.0,2.0,0,0.5,0.0,14.0,124.0,2.0,20.666666666666668
1213,6,46,622.22,13.526521739130436,55298,1202.1304347826087,83.09,0.13353797692134614,143,42,14.814761904761905,0.0,0.0,Unknown,Unknown,Unknown,Unknown,Unknown,Unknown,Unknown,0.0,0.0,0,0.0,0.0,6.0,45.0,2.0,0.9782608695652174
1214,36,7,122.95,17.564285714285713,51,7.285714285714286,21.43,0.17429849532330216,26,7,17.564285714285713,0.0,0.0,Unknown,Unknown,Unknown,Unknown,Unknown,Unknown,Unknown,0.0,0.0,0,0.0,0.0,12.0,72.0,2.0,10.285714285714286
1215,16,15,786.45,52.43,305,20.333333333333332,86.22,0.10963189013923326,170,14,56.175000000000004,0.0,0.0,Unknown,Unknown,Unknown,Unknown,Unknown,Unknown,Unknown,0.0,0.0,0,0.0,0.0,8.0,17.0,2.0,1.1333333333333333
1216,0,134,5303.53,39.578582089552235,2462,18.37313432835821,912.05,0.17197036690656978,1175,119,44.56747899159664,0.0,0.0,Unknown,Unknown,Unknown,Unknown,Unknown,Unknown,Unknown,0.0,0.0,0,0.0,0.0,9.0,76.0,2.0,0.5671641791044776
1217,5,54,2656.9,49.201851851851856,89386,1655.2962962962963,597.08,0.22472806654371638,675,45,59.04222222222222,0.0,0.0,Unknown,Unknown,Unknown,Unknown,Unknown,Unknown,Unknown,11.0,3.0,0,0.2037037037037037,0.0,16.0,174.0,2.0,3.2222222222222223
1218,9,96,3093.53,32.224270833333335,170919,1780.40625,624.09,0.20174040659052928,664,86,35.97127906976744,0.0,0.0,Age Group4,X,Level4,Homeowner,Group4,4,2,1.0,1.0,0,0.010416666666666666,0.0,15.0,141.0,2.0,1.46875
1219,2,121,823.08,6.802314049586777,478,3.950413223140496,141.93,0.1724376731301939,258,110,7.482545454545455,0.0,0.0,Age Group1,X,Level2,Homeowner,Group4,3,1,1.0,1.0,0,0.008264462809917356,0.0,18.0,148.0,2.0,1.2231404958677685
1220,79,31,787.04,25.388387096774192,455,14.67741935483871,171.09,0.2173841227891848,324,26,30.27076923076923,0.0,0.0,Unknown,Unknown,Unknown,Unknown,Unknown,Unknown,Unknown,2.0,1.0,0,0.06451612903225806,0.0,11.0,88.0,2.0,2.838709677419355
1221,30,15,652.34,43.489333333333335,258,17.2,81.63,0.12513413250758806,191,14,46.59571428571429,0.0,0.0,Unknown,Unknown,Unknown,Unknown,Unknown,Unknown,Unknown,0.0,0.0,0,0.0,0.0,11.0,109.0,2.0,7.266666666666667
1222,2,174,5833.39,33.52522988505747,2688,15.448275862068966,1173.77,0.20121575961833513,1074,156,37.39352564102564,0.0,0.0,Age Group4,Y,Level2,Homeowner,Group3,1,None/Unknown,0.0,0.0,0,0.0,0.0,11.0,87.0,2.0,0.5
1223,20,57,1743.69,30.591052631578947,770,13.508771929824562,349.39,0.2003739196760892,378,46,37.90630434782609,0.0,0.0,Unknown,Unknown,Unknown,Unknown,Unknown,Unknown,Unknown,7.0,2.0,0,0.12280701754385964,0.0,19.0,176.0,2.0,3.087719298245614
1224,4,92,2363.78,25.69326086956522,1360,14.782608695652174,465.1,0.19676111990117523,724,74,31.942972972972974,0.0,0.0,Unknown,Unknown,Unknown,Unknown,Unknown,Unknown,Unknown,1.0,1.0,0,0.010869565217391304,0.0,8.0,100.0,2.0,1.0869565217391304
1225,15,76,1415.38,18.62342105263158,790,10.394736842105264,240.32,0.1697918580169283,510,66,21.445151515151515,0.0,0.0,Unknown,Unknown,Unknown,Unknown,Unknown,Unknown,Unknown,2.0,1.0,0,0.02631578947368421,0.0,11.0,130.0,2.0,1.7105263157894737
1226,10,76,6237.46,82.07184210526316,3219,42.35526315789474,1390.39,0.222909645913561,1330,73,85.44465753424657,0.0,0.0,Age Group2,Z,Level4,Homeowner,Group1,3,2,0.0,0.0,0,0.0,0.0,12.0,117.0,2.0,1.5394736842105263
1227,0,86,3810.36,44.30651162790698,79686,926.5813953488372,469.07,0.12310385370411193,915,78,48.85076923076923,0.0,0.0,Unknown,Unknown,Unknown,Unknown,Unknown,Unknown,Unknown,7.0,3.0,0,0.08139534883720931,0.0,17.0,167.0,2.0,1.941860465116279
1228,0,797,14503.89,18.19810539523212,1085371,1361.8205771643663,2228.94,0.15367877169504182,1628,469,30.925138592750532,6.0,0.0075282308657465494,Age Group4,Y,Level7,Unknown,Group3,1,None/Unknown,3.0,2.0,1,0.0037641154328732747,2.0,16.0,163.0,2.0,0.20451693851944794
1229,0,385,18304.31,47.54366233766234,1295539,3365.0363636363636,1638.11,0.0894931303064688,1856,300,61.01436666666667,6.0,0.015584415584415584,Age Group5,X,Level9,Homeowner,Group5,2,None/Unknown,6.0,2.0,1,0.015584415584415584,1.0,20.0,219.0,2.0,0.5688311688311688
1230,18,20,258.53000000000003,12.9265,82,4.1,25.17,0.09735814025451592,59,20,12.9265,0.0,0.0,Unknown,Unknown,Unknown,Unknown,Unknown,Unknown,Unknown,9.0,3.0,0,0.45,0.0,21.0,209.0,2.0,10.45
1231,8,55,1919.79,34.905272727272724,1197,21.763636363636362,522.66,0.27224852718266057,337,52,36.91903846153846,0.0,0.0,Unknown,Unknown,Unknown,Unknown,Unknown,Unknown,Unknown,0.0,0.0,0,0.0,0.0,8.0,35.0,2.0,0.6363636363636364
1232,166,22,488.49,22.204090909090908,250,11.363636363636363,159.64,0.3268030051792257,154,19,25.71,0.0,0.0,Unknown,Unknown,Unknown,Unknown,Unknown,Unknown,Unknown,0.0,0.0,0,0.0,0.0,12.0,96.0,2.0,4.363636363636363
1233,18,38,1778.52,46.80315789473684,125597,3305.184210526316,325.0,0.18273620763331308,428,28,63.51857142857143,0.0,0.0,Unknown,Unknown,Unknown,Unknown,Unknown,Unknown,Unknown,0.0,0.0,0,0.0,0.0,8.0,62.0,2.0,1.631578947368421
1234,1,94,5547.83,59.01946808510638,2023,21.52127659574468,915.26,0.1649762159258665,1027,93,59.65408602150538,0.0,0.0,Age Group4,Z,Level4,Homeowner,Group5,2,None/Unknown,1.0,1.0,0,0.010638297872340425,0.0,11.0,104.0,2.0,1.1063829787234043
1235,4,20,894.0,44.7,44017,2200.85,99.02,0.11076062639821029,181,17,52.588235294117645,0.0,0.0,Unknown,Unknown,Unknown,Unknown,Unknown,Unknown,Unknown,6.0,3.0,0,0.3,0.0,14.0,173.0,2.0,8.65
1236,2,194,3993.01,20.582525773195876,1956,10.082474226804123,685.68,0.1717200808412701,667,165,24.200060606060607,0.0,0.0,Age Group3,Y,Level5,Unknown,Group4,3,1,0.0,0.0,0,0.0,0.0,12.0,69.0,2.0,0.3556701030927835
1237,90,20,1051.16,52.55800000000001,42304,2115.2,166.72,0.1586057308116747,230,20,52.55800000000001,0.0,0.0,Unknown,Unknown,Unknown,Unknown,Unknown,Unknown,Unknown,3.0,2.0,0,0.15,0.0,12.0,127.0,2.0,6.35
1238,7,51,4678.61,91.73745098039215,2381,46.68627450980392,1364.1299999999999,0.29156736723086557,884,46,101.70891304347825,2.0,0.0392156862745098,Unknown,Unknown,Unknown,Unknown,Unknown,Unknown,Unknown,2.0,2.0,1,0.0392156862745098,1.0,11.0,86.0,2.0,1.6862745098039216
1239,3,26,2068.5,79.5576923076923,1034,39.76923076923077,425.75,0.20582547739908147,444,25,82.74,0.0,0.0,Unknown,Unknown,Unknown,Unknown,Unknown,Unknown,Unknown,8.0,3.0,0,0.3076923076923077,0.0,14.0,147.0,2.0,5.653846153846154
1240,0,217,11250.07,51.84364055299539,450816,2077.4930875576038,880.96,0.07830706831157495,1157,179,62.849553072625696,0.0,0.0,Age Group4,Y,Level1,Homeowner,Group5,2,None/Unknown,2.0,1.0,0,0.009216589861751152,0.0,10.0,92.0,2.0,0.423963133640553
1241,1,91,2041.45,22.433516483516485,780,8.571428571428571,377.93,0.18512821768840776,439,75,27.219333333333335,0.0,0.0,Unknown,Unknown,Unknown,Unknown,Unknown,Unknown,Unknown,5.0,2.0,0,0.054945054945054944,0.0,20.0,187.0,2.0,2.0549450549450547
1242,6,35,830.11,23.71742857142857,398,11.371428571428572,269.61,0.32478828107118335,170,30,27.670333333333335,0.0,0.0,Unknown,Unknown,Unknown,Unknown,Unknown,Unknown,Unknown,0.0,0.0,0,0.0,0.0,13.0,109.0,2.0,3.1142857142857143
1243,117,15,249.70000000000002,16.64666666666667,91,6.066666666666666,16.85,0.06748097717260713,59,15,16.64666666666667,0.0,0.0,Unknown,Unknown,Unknown,Unknown,Unknown,Unknown,Unknown,0.0,0.0,0,0.0,0.0,10.0,79.0,2.0,5.266666666666667
1244,4,34,603.45,17.748529411764707,262,7.705882352941177,104.77,0.17361836109039686,200,31,19.466129032258067,0.0,0.0,Unknown,Unknown,Unknown,Unknown,Unknown,Unknown,Unknown,0.0,0.0,0,0.0,0.0,9.0,37.0,2.0,1.088235294117647
1245,0,254,4469.27,17.595551181102365,262955,1035.255905511811,681.83,0.15255959026865684,820,212,21.081462264150947,0.0,0.0,Unknown,Unknown,Unknown,Unknown,Unknown,Unknown,Unknown,0.0,0.0,0,0.0,0.0,10.0,75.0,2.0,0.2952755905511811
1246,9,97,5428.25,55.96134020618557,219680,2264.742268041237,648.07,0.11938838483857597,797,92,59.00271739130435,0.0,0.0,Unknown,Unknown,Unknown,Unknown,Unknown,Unknown,Unknown,5.0,2.0,0,0.05154639175257732,0.0,16.0,160.0,2.0,1.6494845360824741
1247,2,123,6639.95,53.983333333333334,23005,187.03252032520325,1164.32,0.1753507180023946,803,111,59.81936936936937,4.0,0.032520325203252036,Age Group3,X,Level4,Homeowner,Group5,2,None/Unknown,3.0,2.0,1,0.024390243902439025,1.3333333333333333,17.0,143.0,2.0,1.1626016260162602
1248,9,158,9091.29,57.53981012658228,170928,1081.8227848101267,1232.19,0.135535221074237,1098,140,64.93778571428572,1.0,0.006329113924050633,Age Group4,Y,Level5,Unknown,Group1,2,1,5.0,3.0,1,0.03164556962025317,0.2,18.0,148.0,2.0,0.9367088607594937
1249,7,23,491.62,21.374782608695654,273,11.869565217391305,70.3,0.1429966234083235,169,21,23.410476190476192,0.0,0.0,Unknown,Unknown,Unknown,Unknown,Unknown,Unknown,Unknown,7.0,2.0,0,0.30434782608695654,0.0,12.0,148.0,2.0,6.434782608695652
1250,12,6,203.17,33.861666666666665,94,15.666666666666666,65.9,0.3243589112565832,81,6,33.861666666666665,0.0,0.0,Unknown,Unknown,Unknown,Unknown,Unknown,Unknown,Unknown,0.0,0.0,0,0.0,0.0,9.0,74.0,2.0,12.333333333333334
1251,57,53,325.77,6.146603773584905,8072,152.30188679245282,93.71000000000001,0.2876569358750039,82,49,6.648367346938775,0.0,0.0,Unknown,Unknown,Unknown,Unknown,Unknown,Unknown,Unknown,0.0,0.0,0,0.0,0.0,9.0,53.0,2.0,1.0
1252,17,46,1152.78,25.060434782608695,11959,259.9782608695652,500.65,0.43429795797984005,317,44,26.199545454545454,0.0,0.0,Unknown,Unknown,Unknown,Unknown,Unknown,Unknown,Unknown,1.0,1.0,0,0.021739130434782608,0.0,9.0,40.0,2.0,0.8695652173913043
1253,89,24,570.15,23.756249999999998,303,12.625,137.18,0.24060334999561522,190,11,51.83181818181818,0.0,0.0,Unknown,Unknown,Unknown,Unknown,Unknown,Unknown,Unknown,0.0,0.0,0,0.0,0.0,13.0,103.0,2.0,4.291666666666667
1254,73,6,252.31,42.05166666666667,115,19.166666666666668,57.24,0.22686377868495106,87,6,42.05166666666667,0.0,0.0,Unknown,Unknown,Unknown,Unknown,Unknown,Unknown,Unknown,0.0,0.0,0,0.0,0.0,12.0,74.0,2.0,12.333333333333334
1255,17,28,522.3,18.65357142857143,276,9.857142857142858,181.03,0.3466015699789393,160,25,20.892,0.0,0.0,Unknown,Unknown,Unknown,Unknown,Unknown,Unknown,Unknown,0.0,0.0,0,0.0,0.0,8.0,54.0,2.0,1.9285714285714286
1256,5,170,5274.32,31.02541176470588,122642,721.4235294117647,434.27,0.08233668036827496,685,157,33.594394904458596,6.0,0.03529411764705882,Age Group4,Y,Level5,Unknown,Group1,2,1,0.0,0.0,1,0.0,0.0,10.0,61.0,2.0,0.3588235294117647
1257,4,31,1389.1200000000001,44.81032258064516,66385,2141.451612903226,249.03,0.17927176917760884,341,31,44.81032258064516,0.0,0.0,Age Group4,Y,Level5,Homeowner,Group4,3,1,10.0,2.0,0,0.3225806451612903,0.0,20.0,149.0,2.0,4.806451612903226
1258,0,232,3502.45,15.09676724137931,51172,220.56896551724137,723.03,0.20643549515339263,433,212,16.520990566037735,0.0,0.0,Age Group4,Y,Level6,Homeowner,Group6,1,None/Unknown,1.0,1.0,0,0.004310344827586207,0.0,13.0,111.0,2.0,0.47844827586206895
1259,29,33,1163.62,35.26121212121212,676,20.484848484848484,265.99,0.22858837077396404,185,30,38.78733333333333,0.0,0.0,Unknown,Unknown,Unknown,Unknown,Unknown,Unknown,Unknown,6.0,2.0,0,0.18181818181818182,0.0,15.0,130.0,2.0,3.9393939393939394
1260,0,168,11200.800000000001,66.67142857142858,16916,100.69047619047619,950.99,0.08490375687450896,1265,129,86.82790697674419,0.0,0.0,Age Group6,Y,Level5,Homeowner,Group2,1,None/Unknown,1.0,1.0,0,0.005952380952380952,0.0,10.0,68.0,2.0,0.40476190476190477
1261,6,228,3777.98,16.570087719298247,83743,367.2938596491228,614.71,0.16270864324321463,693,180,20.988777777777777,1.0,0.0043859649122807015,Age Group4,X,Level3,Homeowner,Group3,2,None/Unknown,3.0,1.0,1,0.013157894736842105,0.3333333333333333,21.0,195.0,2.0,0.8552631578947368
1262,47,29,769.72,26.54206896551724,461,15.89655172413793,180.11,0.23399417970170971,323,20,38.486000000000004,0.0,0.0,Unknown,Unknown,Unknown,Unknown,Unknown,Unknown,Unknown,6.0,2.0,0,0.20689655172413793,0.0,17.0,152.0,2.0,5.241379310344827
1263,29,126,5257.44,41.72571428571428,42316,335.8412698412698,739.0699999999999,0.14057602179007272,817,111,47.36432432432432,0.0,0.0,Age Group2,Z,Level2,Unknown,Group2,1,None/Unknown,0.0,0.0,0,0.0,0.0,8.0,98.0,2.0,0.7777777777777778
1264,10,132,6458.78,48.930151515151515,100872,764.1818181818181,974.74,0.1509170462533172,1063,118,54.73542372881356,0.0,0.0,Age Group4,Y,Level2,Unknown,Group2,1,None/Unknown,8.0,2.0,0,0.06060606060606061,0.0,12.0,154.0,2.0,1.1666666666666667
1265,0,49,1409.8700000000001,28.772857142857145,767,15.653061224489797,347.7,0.24661848255512916,371,45,31.330444444444446,0.0,0.0,Unknown,Unknown,Unknown,Unknown,Unknown,Unknown,Unknown,8.0,3.0,0,0.16326530612244897,0.0,18.0,177.0,2.0,3.6122448979591835
1266,11,115,1657.1100000000001,14.409652173913045,854,7.426086956521739,539.17,0.3253676581518426,300,106,15.63311320754717,0.0,0.0,Unknown,Unknown,Unknown,Unknown,Unknown,Unknown,Unknown,1.0,1.0,0,0.008695652173913044,0.0,12.0,104.0,2.0,0.9043478260869565
1267,2,66,1689.84,25.60363636363636,20019,303.3181818181818,169.92,0.10055389859394973,408,64,26.40375,0.0,0.0,Age Group2,Y,Level6,Unknown,Group3,1,None/Unknown,5.0,2.0,0,0.07575757575757576,0.0,11.0,96.0,2.0,1.4545454545454546
1268,5,71,3013.56,42.44450704225352,4553,64.12676056338029,437.85,0.14529327439971332,531,62,48.6058064516129,0.0,0.0,Age Group3,Y,Level1,Homeowner,Group4,4,2,0.0,0.0,0,0.0,0.0,14.0,129.0,2.0,1.8169014084507042
1269,0,109,2595.17,23.808899082568807,3321,30.46788990825688,510.88,0.19685800930189543,722,86,30.17639534883721,0.0,0.0,Unknown,Unknown,Unknown,Unknown,Unknown,Unknown,Unknown,0.0,0.0,0,0.0,0.0,12.0,133.0,2.0,1.2201834862385321
1270,6,73,3455.32,47.33315068493151,1266,17.34246575342466,362.48,0.104904900269729,591,63,54.84634920634921,0.0,0.0,Age Group4,Y,Level2,Unknown,Group3,1,None/Unknown,2.0,1.0,0,0.0273972602739726,0.0,14.0,149.0,2.0,2.041095890410959
1271,1,132,4155.52,31.481212121212124,2029,15.371212121212121,689.36,0.1658901894347759,799,123,33.784715447154475,0.0,0.0,Unknown,Unknown,Unknown,Unknown,Unknown,Unknown,Unknown,4.0,2.0,0,0.030303030303030304,0.0,15.0,149.0,2.0,1.128787878787879
1272,0,258,10019.45,38.83507751937985,15794,61.21705426356589,1337.45,0.13348537095349544,1441,249,40.238755020080326,0.0,0.0,Age Group6,X,Level4,Homeowner,Group3,2,None/Unknown,4.0,2.0,0,0.015503875968992248,0.0,13.0,128.0,2.0,0.49612403100775193
1273,5,17,265.04,15.590588235294119,84,4.9411764705882355,30.57,0.1153410805916088,72,15,17.669333333333334,0.0,0.0,Unknown,Unknown,Unknown,Unknown,Unknown,Unknown,Unknown,10.0,3.0,0,0.5882352941176471,0.0,19.0,198.0,2.0,11.647058823529411
1274,2,273,12503.24,45.799413919413915,3773,13.820512820512821,1054.81,0.08436293312773328,937,250,50.01296,0.0,0.0,Unknown,Unknown,Unknown,Unknown,Unknown,Unknown,Unknown,0.0,0.0,0,0.0,0.0,7.0,39.0,2.0,0.14285714285714285
1275,420,8,137.63,17.20375,85,10.625,18.66,0.13558090532587372,56,6,22.938333333333333,0.0,0.0,Unknown,Unknown,Unknown,Unknown,Unknown,Unknown,Unknown,0.0,0.0,0,0.0,0.0,13.0,154.0,2.0,19.25
1276,8,20,623.45,31.172500000000003,6014,300.7,59.34,0.09518004651535808,189,16,38.965625,0.0,0.0,Unknown,Unknown,Unknown,Unknown,Unknown,Unknown,Unknown,0.0,0.0,0,0.0,0.0,4.0,23.0,2.0,1.15
1277,1,328,5900.81,17.990274390243904,59122,180.25,1099.72,0.18636763427393865,1189,225,26.225822222222224,0.0,0.0,Unknown,Unknown,Unknown,Unknown,Unknown,Unknown,Unknown,0.0,0.0,0,0.0,0.0,11.0,91.0,2.0,0.2774390243902439
1278,6,19,738.34,38.86,256,13.473684210526315,215.81,0.29229081452989136,180,18,41.01888888888889,0.0,0.0,Unknown,Unknown,Unknown,Unknown,Unknown,Unknown,Unknown,7.0,3.0,0,0.3684210526315789,0.0,18.0,181.0,2.0,9.526315789473685
1279,2,199,4793.46,24.087738693467337,14684,73.78894472361809,816.81,0.17040092125521022,1054,157,30.5315923566879,0.0,0.0,Unknown,Unknown,Unknown,Unknown,Unknown,Unknown,Unknown,0.0,0.0,0,0.0,0.0,10.0,79.0,2.0,0.3969849246231156
1280,22,24,427.63,17.817916666666665,73341,3055.875,60.22,0.14082267380679558,92,21,20.363333333333333,0.0,0.0,Unknown,Unknown,Unknown,Unknown,Unknown,Unknown,Unknown,6.0,3.0,0,0.25,0.0,18.0,159.0,2.0,6.625
1281,16,38,788.4,20.74736842105263,36073,949.2894736842105,107.24,0.13602232369355657,213,30,26.279999999999998,0.0,0.0,Unknown,Unknown,Unknown,Unknown,Unknown,Unknown,Unknown,0.0,0.0,0,0.0,0.0,9.0,42.0,2.0,1.105263157894737
1282,19,203,5957.4800000000005,29.3471921182266,3041,14.980295566502463,1108.07,0.18599642801990102,1103,159,37.468427672955976,0.0,0.0,Unknown,Unknown,Unknown,Unknown,Unknown,Unknown,Unknown,0.0,0.0,0,0.0,0.0,11.0,80.0,2.0,0.39408866995073893
1283,3,49,332.46,6.784897959183673,230,4.6938775510204085,70.34,0.2115743247307947,168,47,7.073617021276595,0.0,0.0,Unknown,Unknown,Unknown,Unknown,Unknown,Unknown,Unknown,6.0,3.0,0,0.12244897959183673,0.0,16.0,159.0,2.0,3.2448979591836733
1284,1,160,1974.49,12.3405625,1083,6.76875,403.83,0.20452369979083204,457,135,14.625851851851852,0.0,0.0,Unknown,Unknown,Unknown,Unknown,Unknown,Unknown,Unknown,0.0,0.0,0,0.0,0.0,9.0,69.0,2.0,0.43125
1285,2,137,5048.59,36.85102189781022,37592,274.3941605839416,1334.54,0.2643391521197007,897,125,40.38872,1.0,0.0072992700729927005,Age Group2,Z,Level3,Renter,Group1,3,2,2.0,2.0,1,0.014598540145985401,0.5,13.0,102.0,2.0,0.7445255474452555
1286,103,30,595.0,19.833333333333332,13135,437.8333333333333,99.63,0.1674453781512605,173,26,22.884615384615383,0.0,0.0,Unknown,Unknown,Unknown,Unknown,Unknown,Unknown,Unknown,2.0,1.0,0,0.06666666666666667,0.0,13.0,148.0,2.0,4.933333333333334
1287,12,159,2818.0,17.72327044025157,1664,10.465408805031446,483.48,0.17156848828956708,618,99,28.464646464646464,2.0,0.012578616352201259,Unknown,Unknown,Unknown,Unknown,Unknown,Unknown,Unknown,0.0,0.0,1,0.0,0.0,8.0,76.0,2.0,0.4779874213836478
1288,3,55,1896.5,34.481818181818184,16009,291.07272727272726,366.19,0.1930872660163459,431,45,42.144444444444446,0.0,0.0,Unknown,Unknown,Unknown,Unknown,Unknown,Unknown,Unknown,5.0,2.0,0,0.09090909090909091,0.0,13.0,127.0,2.0,2.309090909090909
1289,1,525,1512.08,2.880152380952381,956,1.8209523809523809,214.71,0.14199645521400986,365,385,3.927480519480519,0.0,0.0,Unknown,Unknown,Unknown,Unknown,Unknown,Unknown,Unknown,2.0,1.0,0,0.0038095238095238095,0.0,17.0,127.0,2.0,0.2419047619047619
1290,9,34,1060.24,31.183529411764706,15394,452.7647058823529,316.01,0.2980551573228703,344,28,37.86571428571428,0.0,0.0,Unknown,Unknown,Unknown,Unknown,Unknown,Unknown,Unknown,3.0,2.0,0,0.08823529411764706,0.0,10.0,77.0,2.0,2.264705882352941
1291,4,103,3290.01,31.941844660194178,1660,16.116504854368934,585.06,0.1778292467196148,628,100,32.9001,0.0,0.0,Age Group5,X,Level4,Homeowner,Group2,2,None/Unknown,0.0,0.0,0,0.0,0.0,13.0,93.0,2.0,0.9029126213592233
1292,15,27,520.32,19.271111111111114,217,8.037037037037036,79.54,0.15286746617466174,108,26,20.012307692307694,0.0,0.0,Unknown,Unknown,Unknown,Unknown,Unknown,Unknown,Unknown,5.0,2.0,0,0.18518518518518517,0.0,14.0,136.0,2.0,5.037037037037037
1293,1,176,2762.8,15.697727272727274,2073,11.778409090909092,351.44,0.1272042855074562,683,156,17.710256410256413,0.0,0.0,Unknown,Unknown,Unknown,Unknown,Unknown,Unknown,Unknown,1.0,1.0,0,0.005681818181818182,0.0,6.0,48.0,2.0,0.2727272727272727
1294,2,56,4829.32,86.23785714285714,2099,37.482142857142854,689.46,0.14276544109729736,1053,54,89.43185185185185,1.0,0.017857142857142856,Unknown,Unknown,Unknown,Unknown,Unknown,Unknown,Unknown,2.0,1.0,1,0.03571428571428571,0.5,10.0,100.0,2.0,1.7857142857142858
1295,3,68,1637.41,24.079558823529414,826,12.147058823529411,322.83,0.19715892781893354,437,62,26.40983870967742,0.0,0.0,Unknown,Unknown,Unknown,Unknown,Unknown,Unknown,Unknown,2.0,1.0,0,0.029411764705882353,0.0,15.0,167.0,2.0,2.4558823529411766
1296,3,80,2124.43,26.555374999999998,1264,15.8,614.34,0.2891787444161493,341,78,27.23628205128205,0.0,0.0,Age Group6,X,Level3,Homeowner,Group3,2,None/Unknown,0.0,0.0,0,0.0,0.0,8.0,102.0,2.0,1.275
1297,0,147,2733.28,18.59374149659864,180357,1226.9183673469388,231.32,0.08463091962770004,475,124,22.04258064516129,0.0,0.0,Age Group3,Y,Level6,Homeowner,Group6,1,None/Unknown,4.0,2.0,0,0.027210884353741496,0.0,12.0,87.0,2.0,0.5918367346938775
1298,12,50,1487.99,29.7598,10215,204.3,275.64,0.18524318039771773,448,48,30.999791666666667,0.0,0.0,Unknown,Unknown,Unknown,Unknown,Unknown,Unknown,Unknown,4.0,2.0,0,0.08,0.0,13.0,118.0,2.0,2.36
1299,0,192,5959.57,31.039427083333333,364106,1896.3854166666667,1500.23,0.25173460501344896,1256,135,44.144962962962964,6.0,0.03125,Age Group3,Y,Level2,Renter,Group4,4,2,0.0,0.0,1,0.0,0.0,11.0,127.0,2.0,0.6614583333333334
1300,1,84,2959.65,35.23392857142857,143777,1711.6309523809523,545.17,0.1842008345581403,588,73,40.54315068493151,0.0,0.0,Age Group4,X,Level5,Homeowner,Group4,4,2,10.0,3.0,0,0.11904761904761904,0.0,18.0,180.0,2.0,2.142857142857143
1301,1,80,1494.22,18.67775,608,7.6,181.09,0.12119366626065774,407,71,21.045352112676056,0.0,0.0,Unknown,Unknown,Unknown,Unknown,Unknown,Unknown,Unknown,1.0,1.0,0,0.0125,0.0,14.0,146.0,2.0,1.825
1302,3,36,757.95,21.054166666666667,53722,1492.2777777777778,127.59,0.16833564219275676,167,33,22.96818181818182,0.0,0.0,Unknown,Unknown,Unknown,Unknown,Unknown,Unknown,Unknown,4.0,2.0,0,0.1111111111111111,0.0,14.0,121.0,2.0,3.361111111111111
1303,3,212,6344.09,29.92495283018868,501189,2364.0990566037735,723.03,0.11396906412109538,1165,170,37.318176470588234,1.0,0.0047169811320754715,Unknown,Unknown,Unknown,Unknown,Unknown,Unknown,Unknown,0.0,0.0,1,0.0,0.0,9.0,69.0,2.0,0.32547169811320753
1304,1,90,899.49,9.994333333333334,465,5.166666666666667,255.86,0.2844500772660063,220,82,10.969390243902438,0.0,0.0,Unknown,Unknown,Unknown,Unknown,Unknown,Unknown,Unknown,5.0,2.0,0,0.05555555555555555,0.0,19.0,190.0,2.0,2.111111111111111
1305,30,373,7552.93,20.249142091152816,297594,797.8391420911528,1334.18,0.17664403085954722,804,240,31.47054166666667,2.0,0.005361930294906166,Age Group1,Z,Level1,Renter,Group1,2,1,1.0,1.0,1,0.002680965147453083,2.0,9.0,77.0,2.0,0.2064343163538874
1306,3,171,3041.69,17.78766081871345,6190,36.198830409356724,544.16,0.17890054542047348,802,148,20.55195945945946,0.0,0.0,Age Group4,Y,Level1,Unknown,Group6,1,None/Unknown,7.0,2.0,0,0.04093567251461988,0.0,12.0,133.0,2.0,0.7777777777777778
1307,4,174,2049.58,11.77919540229885,90406,519.5747126436781,220.7,0.10768059797617073,329,148,13.848513513513513,0.0,0.0,Unknown,Unknown,Unknown,Unknown,Unknown,Unknown,Unknown,6.0,3.0,0,0.034482758620689655,0.0,18.0,155.0,2.0,0.8908045977011494
1308,132,23,320.58,13.938260869565216,154,6.695652173913044,59.63,0.1860066130139123,82,23,13.938260869565216,0.0,0.0,Unknown,Unknown,Unknown,Unknown,Unknown,Unknown,Unknown,3.0,1.0,0,0.13043478260869565,0.0,17.0,114.0,2.0,4.956521739130435
1309,161,9,158.48,17.608888888888888,8212,912.4444444444445,27.66,0.17453306410903585,47,6,26.41333333333333,0.0,0.0,Unknown,Unknown,Unknown,Unknown,Unknown,Unknown,Unknown,0.0,0.0,0,0.0,0.0,7.0,42.0,2.0,4.666666666666667
1310,19,34,857.98,25.23470588235294,9175,269.8529411764706,173.88,0.20266206671484183,279,31,27.676774193548386,0.0,0.0,Unknown,Unknown,Unknown,Unknown,Unknown,Unknown,Unknown,0.0,0.0,0,0.0,0.0,9.0,33.0,2.0,0.9705882352941176
1311,104,17,685.63,40.33117647058823,289,17.0,228.69,0.3335472485159634,180,15,45.708666666666666,0.0,0.0,Unknown,Unknown,Unknown,Unknown,Unknown,Unknown,Unknown,0.0,0.0,0,0.0,0.0,9.0,83.0,2.0,4.882352941176471
1312,8,134,5055.88,37.73044776119403,190690,1423.0597014925372,758.56,0.15003520653180058,1053,114,44.34982456140351,0.0,0.0,Unknown,Unknown,Unknown,Unknown,Unknown,Unknown,Unknown,0.0,0.0,0,0.0,0.0,7.0,79.0,2.0,0.5895522388059702
1313,11,30,1030.97,34.36566666666667,426,14.2,143.85,0.13952879327235515,299,29,35.55068965517241,0.0,0.0,Unknown,Unknown,Unknown,Unknown,Unknown,Unknown,Unknown,6.0,3.0,0,0.2,0.0,19.0,174.0,2.0,5.8
1314,1,421,14330.4,34.03895486935867,1492863,3545.9928741092635,1522.95,0.10627407469435605,1803,312,45.93076923076923,0.0,0.0,Unknown,Unknown,Unknown,Unknown,Unknown,Unknown,Unknown,0.0,0.0,0,0.0,0.0,11.0,105.0,2.0,0.2494061757719715
1315,87,5,645.36,129.072,322,64.4,133.8,0.2073261435477873,256,5,129.072,0.0,0.0,Unknown,Unknown,Unknown,Unknown,Unknown,Unknown,Unknown,9.0,3.0,0,1.8,0.0,21.0,220.0,2.0,44.0
1316,18,58,3736.48,64.42206896551724,10835,186.81034482758622,587.0600000000001,0.1571157881214405,705,53,70.49962264150943,0.0,0.0,Age Group5,Y,Level4,Unknown,Group5,2,None/Unknown,0.0,0.0,0,0.0,0.0,10.0,79.0,2.0,1.3620689655172413
1317,4,196,4065.2400000000002,20.741020408163266,1952,9.959183673469388,797.99,0.19629591364839466,786,174,23.36344827586207,0.0,0.0,Unknown,Unknown,Unknown,Unknown,Unknown,Unknown,Unknown,6.0,3.0,0,0.030612244897959183,0.0,14.0,149.0,2.0,0.7602040816326531
1318,14,74,5583.96,75.45891891891893,49755,672.3648648648649,432.56,0.07746473828609088,768,71,78.64732394366197,6.0,0.08108108108108109,Age Group6,X,Level5,Homeowner,Group5,2,None/Unknown,6.0,2.0,1,0.08108108108108109,1.0,12.0,119.0,2.0,1.6081081081081081
1319,32,48,1059.79,22.078958333333333,509,10.604166666666666,360.88,0.3405202917559139,298,44,24.086136363636363,0.0,0.0,Unknown,Unknown,Unknown,Unknown,Unknown,Unknown,Unknown,3.0,1.0,0,0.0625,0.0,20.0,159.0,2.0,3.3125
1320,4,14,360.43,25.745,213,15.214285714285714,102.22,0.2836056931997891,100,14,25.745,0.0,0.0,Unknown,Unknown,Unknown,Unknown,Unknown,Unknown,Unknown,1.0,1.0,0,0.07142857142857142,0.0,12.0,92.0,2.0,6.571428571428571
1321,1,204,1888.13,9.255539215686275,1203,5.897058823529412,441.09,0.23361209238770633,416,179,10.548212290502795,0.0,0.0,Age Group1,Y,Level4,Unknown,Group5,2,None/Unknown,0.0,0.0,0,0.0,0.0,9.0,52.0,2.0,0.2549019607843137
1322,23,16,260.65,16.290625,100,6.25,52.41,0.20107423748321504,71,15,17.376666666666665,0.0,0.0,Unknown,Unknown,Unknown,Unknown,Unknown,Unknown,Unknown,4.0,2.0,0,0.25,0.0,9.0,97.0,2.0,6.0625
1323,5,11,297.05,27.004545454545454,155,14.090909090909092,66.99,0.22551758963137516,84,10,29.705000000000002,0.0,0.0,Unknown,Unknown,Unknown,Unknown,Unknown,Unknown,Unknown,0.0,0.0,0,0.0,0.0,10.0,45.0,2.0,4.090909090909091
1324,12,42,2667.23,63.50547619047619,1367,32.54761904761905,778.49,0.29187209202056064,650,42,63.50547619047619,0.0,0.0,Unknown,Unknown,Unknown,Unknown,Unknown,Unknown,Unknown,0.0,0.0,0,0.0,0.0,6.0,44.0,2.0,1.0476190476190477
1325,2,64,2835.9900000000002,44.312343750000004,1044,16.3125,284.48,0.1003106498965088,619,62,45.74177419354839,0.0,0.0,Unknown,Unknown,Unknown,Unknown,Unknown,Unknown,Unknown,0.0,0.0,0,0.0,0.0,13.0,131.0,2.0,2.046875
1326,4,394,8831.210000000001,22.414238578680205,413065,1048.3883248730965,1608.27,0.18211207750693278,1369,243,36.342427983539096,1.0,0.0025380710659898475,Age Group4,Y,Level1,Homeowner,Group2,1,None/Unknown,2.0,1.0,1,0.005076142131979695,0.5,13.0,165.0,2.0,0.41878172588832485
1327,302,9,477.17,53.01888888888889,7657,850.7777777777778,126.11,0.26428736089863153,173,9,53.01888888888889,0.0,0.0,Unknown,Unknown,Unknown,Unknown,Unknown,Unknown,Unknown,8.0,3.0,0,0.8888888888888888,0.0,17.0,182.0,2.0,20.22222222222222
1328,1,96,2544.89,26.509270833333332,20168,210.08333333333334,464.16,0.18238902270825066,565,72,35.34569444444444,0.0,0.0,Unknown,Unknown,Unknown,Unknown,Unknown,Unknown,Unknown,0.0,0.0,0,0.0,0.0,8.0,62.0,2.0,0.6458333333333334
1329,10,31,1546.05,49.872580645161285,11663,376.2258064516129,323.62,0.20932052650302385,300,29,53.31206896551724,0.0,0.0,Unknown,Unknown,Unknown,Unknown,Unknown,Unknown,Unknown,0.0,0.0,0,0.0,0.0,14.0,125.0,2.0,4.032258064516129
1330,4,86,2177.55,25.320348837209306,61520,715.3488372093024,523.95,0.2406144520217676,480,80,27.219375000000003,0.0,0.0,Unknown,Unknown,Unknown,Unknown,Unknown,Unknown,Unknown,0.0,0.0,0,0.0,0.0,14.0,107.0,2.0,1.244186046511628
1331,33,105,1821.03,17.34314285714286,827,7.876190476190477,316.08,0.17357209930643647,410,97,18.773505154639174,0.0,0.0,Unknown,Unknown,Unknown,Unknown,Unknown,Unknown,Unknown,3.0,2.0,0,0.02857142857142857,0.0,10.0,110.0,2.0,1.0476190476190477
1332,5,60,2047.26,34.121,15200,253.33333333333334,286.45,0.13991872063147817,544,58,35.297586206896554,0.0,0.0,Unknown,Unknown,Unknown,Unknown,Unknown,Unknown,Unknown,4.0,1.0,0,0.06666666666666667,0.0,10.0,118.0,2.0,1.9666666666666666
1333,6,129,7709.85,59.76627906976744,2718,21.069767441860463,784.71,0.1017801902760754,1236,123,62.681707317073176,8.0,0.06201550387596899,Age Group4,Y,Level8,Homeowner,Group4,4,2,0.0,0.0,1,0.0,0.0,17.0,138.0,2.0,1.069767441860465
1334,14,57,629.58,11.045263157894738,434,7.614035087719298,141.19,0.22426061818990436,270,45,13.990666666666668,0.0,0.0,Unknown,Unknown,Unknown,Unknown,Unknown,Unknown,Unknown,6.0,3.0,0,0.10526315789473684,0.0,15.0,188.0,2.0,3.2982456140350878
1335,22,31,978.87,31.576451612903227,13651,440.35483870967744,347.53,0.35503182240746983,309,30,32.629,0.0,0.0,Unknown,Unknown,Unknown,Unknown,Unknown,Unknown,Unknown,0.0,0.0,0,0.0,0.0,8.0,79.0,2.0,2.5483870967741935
1336,3,123,6035.21,49.06674796747968,3051,24.804878048780488,2247.08,0.37232838625333664,920,116,52.027672413793105,0.0,0.0,Unknown,Unknown,Unknown,Unknown,Unknown,Unknown,Unknown,0.0,0.0,0,0.0,0.0,14.0,85.0,2.0,0.6910569105691057
1337,0,244,11500.76,47.13426229508197,791184,3242.55737704918,2763.69,0.2403049885398878,2014,211,54.50597156398104,4.0,0.01639344262295082,Age Group4,Y,Level5,Homeowner,Group4,4,2,9.0,2.0,1,0.036885245901639344,0.4444444444444444,11.0,132.0,2.0,0.5409836065573771
1338,1,189,1783.98,9.439047619047619,50083,264.989417989418,364.22,0.20416148163096,505,142,12.56323943661972,0.0,0.0,Unknown,Unknown,Unknown,Unknown,Unknown,Unknown,Unknown,11.0,3.0,0,0.0582010582010582,0.0,20.0,206.0,2.0,1.08994708994709
1339,10,6,390.16,65.02666666666667,126,21.0,82.18,0.21063153578019275,19,6,65.02666666666667,0.0,0.0,Unknown,Unknown,Unknown,Unknown,Unknown,Unknown,Unknown,0.0,0.0,0,0.0,0.0,16.0,118.0,2.0,19.666666666666668
1340,16,57,512.53,8.991754385964912,220,3.8596491228070176,70.62,0.13778705636743216,162,54,9.491296296296296,0.0,0.0,Unknown,Unknown,Unknown,Unknown,Unknown,Unknown,Unknown,0.0,0.0,0,0.0,0.0,2.0,8.0,2.0,0.14035087719298245
1341,74,13,434.77,33.44384615384615,319,24.53846153846154,220.22,0.5065206890999839,106,13,33.44384615384615,0.0,0.0,Unknown,Unknown,Unknown,Unknown,Unknown,Unknown,Unknown,0.0,0.0,0,0.0,0.0,11.0,72.0,2.0,5.538461538461538
1342,33,12,160.02,13.335,20887,1740.5833333333333,11.33,0.07080364954380702,31,11,14.547272727272729,0.0,0.0,Unknown,Unknown,Unknown,Unknown,Unknown,Unknown,Unknown,0.0,0.0,0,0.0,0.0,11.0,47.0,2.0,3.9166666666666665
1343,46,12,267.19,22.265833333333333,149,12.416666666666666,67.88,0.2540514240802425,114,11,24.29,0.0,0.0,Unknown,Unknown,Unknown,Unknown,Unknown,Unknown,Unknown,0.0,0.0,0,0.0,0.0,8.0,24.0,2.0,2.0
1344,20,27,2728.78,101.06592592592594,930,34.44444444444444,494.8,0.1813264535799881,456,27,101.06592592592594,0.0,0.0,Unknown,Unknown,Unknown,Unknown,Unknown,Unknown,Unknown,0.0,0.0,0,0.0,0.0,9.0,50.0,2.0,1.8518518518518519
1345,21,56,1348.56,24.08142857142857,533,9.517857142857142,193.06,0.14316011152636887,335,54,24.973333333333333,0.0,0.0,Unknown,Unknown,Unknown,Unknown,Unknown,Unknown,Unknown,2.0,2.0,0,0.03571428571428571,0.0,12.0,100.0,2.0,1.7857142857142858
1346,0,80,1174.31,14.678875,14767,184.5875,164.58,0.14015038618422734,242,67,17.527014925373134,0.0,0.0,Unknown,Unknown,Unknown,Unknown,Unknown,Unknown,Unknown,2.0,1.0,0,0.025,0.0,12.0,111.0,2.0,1.3875
1347,5,131,3360.34,25.65145038167939,190172,1451.6946564885495,387.58,0.11533951921531749,576,109,30.828807339449543,2.0,0.015267175572519083,Unknown,Unknown,Unknown,Unknown,Unknown,Unknown,Unknown,0.0,0.0,1,0.0,0.0,14.0,85.0,2.0,0.648854961832061
1348,85,23,324.22,14.096521739130436,145,6.304347826086956,29.18,0.0900006168650916,67,23,14.096521739130436,0.0,0.0,Unknown,Unknown,Unknown,Unknown,Unknown,Unknown,Unknown,1.0,1.0,0,0.043478260869565216,0.0,17.0,140.0,2.0,6.086956521739131
1349,0,202,5380.22,26.634752475247527,87167,431.519801980198,1332.08,0.24758838857890567,801,175,30.744114285714286,0.0,0.0,Unknown,Unknown,Unknown,Unknown,Unknown,Unknown,Unknown,0.0,0.0,0,0.0,0.0,11.0,30.0,2.0,0.1485148514851485
1350,2,131,2568.6,19.60763358778626,11198,85.48091603053435,564.29,0.2196877676555322,664,94,27.325531914893617,0.0,0.0,Unknown,Unknown,Unknown,Unknown,Unknown,Unknown,Unknown,5.0,2.0,0,0.03816793893129771,0.0,20.0,143.0,2.0,1.0916030534351144
1351,14,91,564.4,6.202197802197802,270,2.967032967032967,146.54,0.2596385542168675,113,81,6.967901234567901,0.0,0.0,Unknown,Unknown,Unknown,Unknown,Unknown,Unknown,Unknown,3.0,1.0,0,0.03296703296703297,0.0,15.0,144.0,2.0,1.5824175824175823
1352,0,138,5398.95,39.12282608695652,518091,3754.282608695652,530.49,0.09825799461006307,779,119,45.36932773109243,0.0,0.0,Age Group3,Y,Level6,Homeowner,Group5,2,None/Unknown,2.0,1.0,0,0.014492753623188406,0.0,8.0,45.0,2.0,0.32608695652173914
1353,8,132,4019.91,30.453863636363636,28403,215.17424242424244,1054.83,0.2624013970462025,945,124,32.41862903225806,0.0,0.0,Unknown,Unknown,Unknown,Unknown,Unknown,Unknown,Unknown,6.0,2.0,0,0.045454545454545456,0.0,19.0,174.0,2.0,1.3181818181818181
1354,1,87,2534.76,29.135172413793107,81313,934.6321839080459,446.72,0.17623759251368964,590,79,32.08556962025317,0.0,0.0,Age Group6,Z,Level2,Homeowner,Group5,2,None/Unknown,9.0,2.0,0,0.10344827586206896,0.0,10.0,138.0,2.0,1.5862068965517242
1355,2,14,547.82,39.13,218,15.571428571428571,134.72,0.24592019276404656,147,11,49.801818181818184,0.0,0.0,Unknown,Unknown,Unknown,Unknown,Unknown,Unknown,Unknown,2.0,2.0,0,0.14285714285714285,0.0,15.0,126.0,2.0,9.0
1356,6,86,2239.34,26.038837209302326,1034,12.023255813953488,410.45,0.18329061241258585,429,82,27.309024390243906,1.0,0.011627906976744186,Unknown,Unknown,Unknown,Unknown,Unknown,Unknown,Unknown,0.0,0.0,1,0.0,0.0,9.0,67.0,2.0,0.7790697674418605
1357,1,87,3061.9,35.19425287356322,124339,1429.183908045977,983.64,0.3212515105000163,207,82,37.34024390243903,3.0,0.034482758620689655,Age Group5,X,Level3,Homeowner,Group5,2,None/Unknown,4.0,2.0,1,0.04597701149425287,0.75,15.0,123.0,2.0,1.4137931034482758
1358,1,123,2466.68,20.05430894308943,6289,51.13008130081301,680.16,0.27573905005918886,678,108,22.839629629629627,0.0,0.0,Unknown,Unknown,Unknown,Unknown,Unknown,Unknown,Unknown,4.0,2.0,0,0.032520325203252036,0.0,10.0,74.0,2.0,0.6016260162601627
1359,4,76,1192.68,15.693157894736842,541,7.118421052631579,223.96,0.18777878391521616,278,71,16.79830985915493,0.0,0.0,Unknown,Unknown,Unknown,Unknown,Unknown,Unknown,Unknown,0.0,0.0,0,0.0,0.0,10.0,118.0,2.0,1.5526315789473684
1360,38,23,630.19,27.399565217391306,294,12.782608695652174,80.91,0.12838985067995365,146,23,27.399565217391306,0.0,0.0,Unknown,Unknown,Unknown,Unknown,Unknown,Unknown,Unknown,0.0,0.0,0,0.0,0.0,9.0,89.0,2.0,3.869565217391304
1361,1,11,608.58,55.32545454545455,274,24.90909090909091,100.32000000000001,0.16484274869368037,183,11,55.32545454545455,0.0,0.0,Unknown,Unknown,Unknown,Unknown,Unknown,Unknown,Unknown,0.0,0.0,0,0.0,0.0,8.0,40.0,2.0,3.6363636363636362
1362,15,61,1418.76,23.258360655737704,342,5.60655737704918,113.38,0.07991485522569004,165,59,24.04677966101695,0.0,0.0,Unknown,Unknown,Unknown,Unknown,Unknown,Unknown,Unknown,0.0,0.0,0,0.0,0.0,9.0,75.0,2.0,1.2295081967213115
1363,0,58,4075.4,70.26551724137931,7743,133.5,678.59,0.1665088089512686,663,50,81.508,0.0,0.0,Age Group2,Y,Level2,Unknown,Group1,2,1,0.0,0.0,0,0.0,0.0,10.0,69.0,2.0,1.1896551724137931
1364,1,145,2466.05,17.007241379310347,1005,6.931034482758621,441.99,0.1792299426207903,624,138,17.869927536231884,1.0,0.006896551724137931,Age Group6,Z,Level7,Homeowner,Group3,1,None/Unknown,3.0,2.0,1,0.020689655172413793,0.3333333333333333,15.0,150.0,2.0,1.0344827586206897
1365,322,9,103.65,11.516666666666667,60,6.666666666666667,41.97,0.4049204052098408,55,7,14.807142857142859,0.0,0.0,Unknown,Unknown,Unknown,Unknown,Unknown,Unknown,Unknown,5.0,2.0,0,0.5555555555555556,0.0,18.0,151.0,2.0,16.77777777777778
1366,6,256,4242.62,16.572734375,30692,119.890625,725.92,0.17110181915891595,840,215,19.733116279069765,0.0,0.0,Unknown,Unknown,Unknown,Unknown,Unknown,Unknown,Unknown,0.0,0.0,0,0.0,0.0,5.0,35.0,2.0,0.13671875
1367,1,352,12125.48,34.44738636363636,1003596,2851.125,2211.05,0.1823474204732514,2019,243,49.89909465020576,1.0,0.002840909090909091,Age Group3,Y,Level6,Homeowner,Group4,3,1,6.0,2.0,1,0.017045454545454544,0.16666666666666666,15.0,152.0,2.0,0.4318181818181818
1368,11,32,2766.9700000000003,86.46781250000001,10615,331.71875,318.48,0.11510063354499687,404,32,86.46781250000001,0.0,0.0,Unknown,Unknown,Unknown,Unknown,Unknown,Unknown,Unknown,7.0,2.0,0,0.21875,0.0,18.0,206.0,2.0,6.4375
1369,0,144,3105.71,21.567430555555557,1152,8.0,418.26,0.13467451887008122,465,136,22.83610294117647,0.0,0.0,Age Group2,Z,Level1,Probable Renter,Group2,1,None/Unknown,0.0,0.0,0,0.0,0.0,13.0,127.0,2.0,0.8819444444444444
1370,0,86,8531.89,99.20802325581394,3689,42.895348837209305,1515.39,0.1776148075045506,829,84,101.57011904761904,0.0,0.0,Age Group6,Y,Level3,Homeowner,Group5,2,None/Unknown,2.0,1.0,0,0.023255813953488372,0.0,15.0,139.0,2.0,1.6162790697674418
1371,180,45,835.71,18.571333333333335,18354,407.8666666666667,203.14,0.24307475081068788,301,40,20.89275,0.0,0.0,Unknown,Unknown,Unknown,Unknown,Unknown,Unknown,Unknown,6.0,2.0,0,0.13333333333333333,0.0,14.0,121.0,2.0,2.688888888888889
1372,53,25,1337.07,53.4828,16986,679.44,235.32,0.17599676905472414,260,25,53.4828,0.0,0.0,Unknown,Unknown,Unknown,Unknown,Unknown,Unknown,Unknown,0.0,0.0,0,0.0,0.0,8.0,78.0,2.0,3.12
1373,11,40,657.52,16.438,13207,330.175,75.67,0.11508395181895609,144,39,16.85948717948718,0.0,0.0,Unknown,Unknown,Unknown,Unknown,Unknown,Unknown,Unknown,0.0,0.0,0,0.0,0.0,10.0,82.0,2.0,2.05
1374,3,99,2841.56,28.70262626262626,1217,12.292929292929292,410.27,0.14438195920550684,571,88,32.290454545454544,0.0,0.0,Unknown,Unknown,Unknown,Unknown,Unknown,Unknown,Unknown,0.0,0.0,0,0.0,0.0,13.0,64.0,2.0,0.6464646464646465
1375,1,122,3745.41,30.700081967213112,13932,114.19672131147541,744.85,0.19887008364905312,896,104,36.01355769230769,0.0,0.0,Unknown,Unknown,Unknown,Unknown,Unknown,Unknown,Unknown,3.0,2.0,0,0.02459016393442623,0.0,14.0,131.0,2.0,1.0737704918032787
1376,3,235,11041.41,46.98472340425532,1314704,5594.485106382978,1943.32,0.17600288368967368,1518,180,61.341166666666666,10.0,0.0425531914893617,Age Group5,Y,Level5,Homeowner,Group6,1,None/Unknown,6.0,2.0,1,0.02553191489361702,1.6666666666666667,16.0,153.0,2.0,0.6510638297872341
1377,8,35,791.34,22.609714285714286,10482,299.48571428571427,72.83,0.09203376551166376,219,34,23.274705882352944,0.0,0.0,Unknown,Unknown,Unknown,Unknown,Unknown,Unknown,Unknown,6.0,3.0,0,0.17142857142857143,0.0,21.0,192.0,2.0,5.485714285714286
1378,4,121,6933.72,57.30347107438017,46286,382.5289256198347,995.06,0.14351026577363954,848,116,59.77344827586207,0.0,0.0,Age Group2,Y,Level7,Unknown,Group3,1,None/Unknown,0.0,0.0,0,0.0,0.0,11.0,94.0,2.0,0.7768595041322314
1379,0,509,13995.22,27.495520628683693,1233457,2423.294695481336,2364.36,0.1689405382694949,1615,390,35.885179487179485,0.0,0.0,Unknown,Unknown,Unknown,Unknown,Unknown,Unknown,Unknown,12.0,3.0,0,0.023575638506876228,0.0,18.0,143.0,2.0,0.28094302554027506
1380,32,25,349.81,13.9924,177,7.08,49.91,0.14267745347474342,107,25,13.9924,0.0,0.0,Unknown,Unknown,Unknown,Unknown,Unknown,Unknown,Unknown,12.0,3.0,0,0.48,0.0,18.0,192.0,2.0,7.68
1381,9,49,134.4,2.742857142857143,83,1.6938775510204083,42.61,0.31703869047619043,51,38,3.5368421052631582,0.0,0.0,Unknown,Unknown,Unknown,Unknown,Unknown,Unknown,Unknown,0.0,0.0,0,0.0,0.0,7.0,62.0,2.0,1.2653061224489797
1382,5,116,3082.4700000000003,26.57301724137931,1139,9.818965517241379,615.02,0.19952181205332084,485,111,27.770000000000003,0.0,0.0,Age Group4,Y,Level5,Homeowner,Group5,2,None/Unknown,0.0,0.0,0,0.0,0.0,4.0,27.0,2.0,0.23275862068965517
1383,10,128,1532.65,11.973828125,634,4.953125,242.59,0.15828140801879098,293,116,13.2125,0.0,0.0,Unknown,Unknown,Unknown,Unknown,Unknown,Unknown,Unknown,5.0,1.0,0,0.0390625,0.0,11.0,113.0,2.0,0.8828125
1384,15,33,827.46,25.074545454545454,2838,86.0,245.88,0.297150315423102,315,32,25.858125,0.0,0.0,Unknown,Unknown,Unknown,Unknown,Unknown,Unknown,Unknown,4.0,2.0,0,0.12121212121212122,0.0,12.0,107.0,2.0,3.242424242424242
1385,18,112,5637.51,50.33491071428572,2894,25.839285714285715,1189.07,0.210921133621049,871,92,61.27728260869566,0.0,0.0,Unknown,Unknown,Unknown,Unknown,Unknown,Unknown,Unknown,0.0,0.0,0,0.0,0.0,9.0,78.0,2.0,0.6964285714285714
1386,48,8,111.15,13.89375,14545,1818.125,1.9500000000000002,0.017543859649122806,35,8,13.89375,0.0,0.0,Unknown,Unknown,Unknown,Unknown,Unknown,Unknown,Unknown,5.0,2.0,0,0.625,0.0,13.0,133.0,2.0,16.625
1387,6,66,2057.95,31.181060606060605,866,13.121212121212121,387.87,0.18847396681163295,289,61,33.73688524590164,0.0,0.0,Unknown,Unknown,Unknown,Unknown,Unknown,Unknown,Unknown,0.0,0.0,0,0.0,0.0,6.0,23.0,2.0,0.3484848484848485
1388,2,151,6949.16,46.02092715231788,373584,2474.066225165563,854.35,0.12294291684174778,965,130,53.45507692307692,0.0,0.0,Age Group3,X,Level7,Unknown,Group4,3,1,1.0,1.0,0,0.006622516556291391,0.0,11.0,76.0,2.0,0.5033112582781457
1389,10,41,2841.16,69.29658536585366,979,23.878048780487806,258.67,0.0910437990116713,455,39,72.8502564102564,0.0,0.0,Age Group6,X,Level7,Homeowner,Group3,2,None/Unknown,10.0,2.0,0,0.24390243902439024,0.0,13.0,156.0,2.0,3.8048780487804876
1390,6,211,4879.86,23.12729857819905,2514,11.914691943127963,1440.88,0.2952707659645974,994,161,30.309689440993786,0.0,0.0,Unknown,Unknown,Unknown,Unknown,Unknown,Unknown,Unknown,1.0,1.0,0,0.004739336492890996,0.0,15.0,125.0,2.0,0.5924170616113744
1391,3,169,8105.74,47.96295857988166,910701,5388.763313609467,1907.73,0.23535543947869042,1386,148,54.76851351351351,1.0,0.005917159763313609,Age Group4,X,Level5,Homeowner,Group5,2,None/Unknown,5.0,2.0,1,0.029585798816568046,0.2,17.0,156.0,2.0,0.9230769230769231
1392,50,109,2315.07,21.239174311926607,97751,896.7981651376147,511.19,0.22080973793449007,460,94,24.62840425531915,0.0,0.0,Unknown,Unknown,Unknown,Unknown,Unknown,Unknown,Unknown,8.0,2.0,0,0.07339449541284404,0.0,19.0,202.0,2.0,1.853211009174312
1393,3,203,5950.89,29.314729064039412,14954,73.66502463054188,739.21,0.12421839422338507,657,189,31.48619047619048,6.0,0.029556650246305417,Age Group3,Z,Level9,Homeowner,Group3,1,None/Unknown,4.0,2.0,1,0.019704433497536946,1.5,15.0,130.0,2.0,0.6403940886699507
1394,4,151,4391.58,29.083311258278144,1854,12.278145695364238,764.57,0.1740990714048247,629,144,30.497083333333332,3.0,0.019867549668874173,Age Group4,X,Level5,Homeowner,Group5,2,None/Unknown,8.0,2.0,1,0.052980132450331126,0.375,16.0,149.0,2.0,0.9867549668874173
1395,2,40,1142.42,28.5605,350,8.75,215.64000000000001,0.18875719962885804,239,37,30.876216216216218,0.0,0.0,Unknown,Unknown,Unknown,Unknown,Unknown,Unknown,Unknown,5.0,2.0,0,0.125,0.0,17.0,140.0,2.0,3.5
1396,91,229,7177.06,31.340873362445418,114335,499.27947598253274,1976.05,0.27532861645297657,1368,196,36.617653061224495,1.0,0.004366812227074236,Age Group6,X,Level8,Homeowner,Group5,2,None/Unknown,0.0,0.0,1,0.0,0.0,13.0,85.0,2.0,0.37117903930131
1397,3,283,5707.6,20.16819787985866,20274,71.63957597173145,921.4,0.1614338776368351,765,241,23.68298755186722,1.0,0.0035335689045936395,Age Group4,Z,Level4,Renter,Group3,1,None/Unknown,5.0,2.0,1,0.0176678445229682,0.2,14.0,159.0,2.0,0.5618374558303887
1398,17,20,404.96,20.247999999999998,177,8.85,80.01,0.1975750691426314,132,20,20.247999999999998,0.0,0.0,Unknown,Unknown,Unknown,Unknown,Unknown,Unknown,Unknown,7.0,2.0,0,0.35,0.0,15.0,148.0,2.0,7.4
1399,4,33,1032.63,31.291818181818186,561,17.0,183.57999999999998,0.1777790689792084,257,33,31.291818181818186,0.0,0.0,Unknown,Unknown,Unknown,Unknown,Unknown,Unknown,Unknown,0.0,0.0,0,0.0,0.0,8.0,53.0,2.0,1.606060606060606
1400,12,11,284.31,25.846363636363638,151,13.727272727272727,85.13,0.2994266821427315,97,11,25.846363636363638,0.0,0.0,Unknown,Unknown,Unknown,Unknown,Unknown,Unknown,Unknown,0.0,0.0,0,0.0,0.0,10.0,76.0,2.0,6.909090909090909
1401,28,52,587.37,11.295576923076924,33875,651.4423076923077,222.7,0.3791477263053952,209,49,11.987142857142857,0.0,0.0,Unknown,Unknown,Unknown,Unknown,Unknown,Unknown,Unknown,0.0,0.0,0,0.0,0.0,7.0,43.0,2.0,0.8269230769230769
1402,2,165,2245.76,13.610666666666669,54841,332.369696969697,323.37,0.14399134368766028,399,156,14.395897435897437,0.0,0.0,Age Group5,Y,Level2,Unknown,Group2,1,None/Unknown,0.0,0.0,0,0.0,0.0,11.0,79.0,2.0,0.47878787878787876
1403,28,151,3673.26,24.326225165562914,464342,3075.112582781457,360.75,0.09820976462325019,367,130,28.255846153846157,0.0,0.0,Unknown,Unknown,Unknown,Unknown,Unknown,Unknown,Unknown,2.0,1.0,0,0.013245033112582781,0.0,12.0,94.0,2.0,0.6225165562913907
1404,7,44,1248.19,28.36795454545455,641,14.568181818181818,216.37,0.17334700646536183,419,38,32.84710526315789,0.0,0.0,Unknown,Unknown,Unknown,Unknown,Unknown,Unknown,Unknown,3.0,1.0,0,0.06818181818181818,0.0,17.0,124.0,2.0,2.8181818181818183
1405,12,55,2480.88,45.10690909090909,9421,171.29090909090908,396.77,0.15993115346167489,568,52,47.70923076923077,0.0,0.0,Unknown,Unknown,Unknown,Unknown,Unknown,Unknown,Unknown,0.0,0.0,0,0.0,0.0,11.0,109.0,2.0,1.981818181818182
1406,1,116,3790.44,32.676206896551726,144760,1247.9310344827586,579.9,0.15299015417735143,790,97,39.076701030927836,0.0,0.0,Unknown,Unknown,Unknown,Unknown,Unknown,Unknown,Unknown,2.0,2.0,0,0.017241379310344827,0.0,15.0,152.0,2.0,1.3103448275862069
1407,6,35,1615.94,46.169714285714285,657,18.771428571428572,149.27,0.09237347921333713,397,31,52.127096774193554,0.0,0.0,Unknown,Unknown,Unknown,Unknown,Unknown,Unknown,Unknown,6.0,2.0,0,0.17142857142857143,0.0,17.0,162.0,2.0,4.628571428571429
1408,20,57,1055.29,18.513859649122807,510,8.947368421052632,144.07,0.1365217144102569,228,54,19.542407407407406,0.0,0.0,Unknown,Unknown,Unknown,Unknown,Unknown,Unknown,Unknown,0.0,0.0,0,0.0,0.0,13.0,123.0,2.0,2.1578947368421053
1409,5,87,4324.03,49.70149425287356,1636,18.804597701149426,514.07,0.11888677923141146,657,85,50.87094117647059,0.0,0.0,Unknown,Unknown,Unknown,Unknown,Unknown,Unknown,Unknown,2.0,2.0,0,0.022988505747126436,0.0,12.0,75.0,2.0,0.8620689655172413
1410,17,45,2525.94,56.132,42904,953.4222222222222,556.34,0.22025067895516126,554,38,66.4721052631579,0.0,0.0,Unknown,Unknown,Unknown,Unknown,Unknown,Unknown,Unknown,3.0,1.0,0,0.06666666666666667,0.0,12.0,123.0,2.0,2.7333333333333334
1411,268,6,131.52,21.92,49,8.166666666666666,32.74,0.24893552311435524,38,5,26.304000000000002,0.0,0.0,Unknown,Unknown,Unknown,Unknown,Unknown,Unknown,Unknown,0.0,0.0,0,0.0,0.0,16.0,144.0,2.0,24.0
1412,6,77,4053.15,52.63831168831169,1717,22.2987012987013,629.15,0.15522494849684812,512,75,54.042,3.0,0.03896103896103896,Age Group4,X,Level5,Homeowner,Group4,3,1,0.0,0.0,1,0.0,0.0,7.0,20.0,2.0,0.2597402597402597
1413,11,27,344.06,12.742962962962963,148,5.481481481481482,37.81,0.1098936232052549,121,26,13.233076923076924,0.0,0.0,Unknown,Unknown,Unknown,Unknown,Unknown,Unknown,Unknown,6.0,3.0,0,0.2222222222222222,0.0,15.0,131.0,2.0,4.851851851851852
1414,0,17,274.03000000000003,16.119411764705884,100,5.882352941176471,54.46,0.1987373645221326,71,15,18.268666666666668,0.0,0.0,Unknown,Unknown,Unknown,Unknown,Unknown,Unknown,Unknown,0.0,0.0,0,0.0,0.0,8.0,62.0,2.0,3.6470588235294117
1415,8,27,271.41,10.052222222222223,12743,471.962962962963,37.68,0.13883055156405436,80,27,10.052222222222223,0.0,0.0,Unknown,Unknown,Unknown,Unknown,Unknown,Unknown,Unknown,0.0,0.0,0,0.0,0.0,6.0,44.0,2.0,1.6296296296296295
1416,23,6,91.65,15.275,18384,3064.0,19.18,0.20927441352973267,22,5,18.330000000000002,0.0,0.0,Unknown,Unknown,Unknown,Unknown,Unknown,Unknown,Unknown,0.0,0.0,0,0.0,0.0,8.0,41.0,2.0,6.833333333333333
1417,1,75,3703.93,49.385733333333334,270086,3601.1466666666665,840.36,0.22688333742808317,464,51,72.62607843137255,3.0,0.04,Unknown,Unknown,Unknown,Unknown,Unknown,Unknown,Unknown,0.0,0.0,1,0.0,0.0,5.0,13.0,2.0,0.17333333333333334
1418,4,78,2735.2,35.06666666666666,11288,144.71794871794873,350.81,0.1282575314419421,566,77,35.52207792207792,0.0,0.0,Age Group2,X,Level4,Homeowner,Group4,3,1,1.0,1.0,0,0.01282051282051282,0.0,11.0,100.0,2.0,1.2820512820512822
1419,0,524,7634.57,14.569790076335877,73463,140.19656488549617,2113.61,0.2768472880594454,1294,388,19.67672680412371,8.0,0.015267175572519083,Age Group3,Y,Level4,Unknown,Group3,1,None/Unknown,4.0,2.0,1,0.007633587786259542,2.0,12.0,140.0,2.0,0.26717557251908397
1420,57,79,3891.9700000000003,49.265443037974684,32071,405.9620253164557,867.37,0.2228614300726881,931,70,55.59957142857143,0.0,0.0,Unknown,Unknown,Unknown,Unknown,Unknown,Unknown,Unknown,4.0,3.0,0,0.05063291139240506,0.0,18.0,175.0,2.0,2.2151898734177213
1421,0,218,5535.2,25.390825688073395,623248,2858.935779816514,1246.72,0.22523486052897818,729,195,28.385641025641025,14.0,0.06422018348623854,Age Group3,X,Level5,Homeowner,Group5,2,None/Unknown,6.0,2.0,1,0.027522935779816515,2.3333333333333335,15.0,137.0,2.0,0.6284403669724771
1422,4,11,481.77,43.79727272727273,218,19.818181818181817,141.05,0.29277456047491546,149,11,43.79727272727273,0.0,0.0,Unknown,Unknown,Unknown,Unknown,Unknown,Unknown,Unknown,8.0,2.0,0,0.7272727272727273,0.0,15.0,130.0,2.0,11.818181818181818
1423,13,189,1695.76,8.972275132275133,66229,350.4179894179894,220.83,0.1302247959616927,220,152,11.156315789473684,2.0,0.010582010582010581,Age Group4,Y,Level2,Unknown,Group2,1,None/Unknown,0.0,0.0,1,0.0,0.0,9.0,57.0,2.0,0.30158730158730157
1424,60,57,595.22,10.442456140350878,9404,164.98245614035088,127.15,0.21361849400221766,206,54,11.022592592592593,0.0,0.0,Unknown,Unknown,Unknown,Unknown,Unknown,Unknown,Unknown,3.0,1.0,0,0.05263157894736842,0.0,10.0,83.0,2.0,1.456140350877193
1425,2,131,3828.6,29.225954198473282,1847,14.099236641221374,1219.1,0.3184192655278692,750,105,36.46285714285714,0.0,0.0,Age Group1,Z,Level5,Unknown,Group4,3,1,1.0,1.0,0,0.007633587786259542,0.0,12.0,89.0,2.0,0.6793893129770993
1426,10,65,2330.87,35.85953846153846,29252,450.03076923076924,350.26,0.15027007083192112,459,62,37.59467741935484,0.0,0.0,Unknown,Unknown,Unknown,Unknown,Unknown,Unknown,Unknown,5.0,2.0,0,0.07692307692307693,0.0,14.0,160.0,2.0,2.4615384615384617
1427,5,83,2640.47,31.81289156626506,1377,16.59036144578313,573.69,0.2172681378693945,826,69,38.267681159420285,0.0,0.0,Unknown,Unknown,Unknown,Unknown,Unknown,Unknown,Unknown,2.0,1.0,0,0.024096385542168676,0.0,11.0,126.0,2.0,1.5180722891566265
1428,9,164,4911.53,29.948353658536583,267692,1632.2682926829268,1041.75,0.2121029495900463,1102,133,36.9287969924812,1.0,0.006097560975609756,Age Group5,Y,Level4,Unknown,Group5,2,None/Unknown,0.0,0.0,1,0.0,0.0,18.0,156.0,2.0,0.9512195121951219
1429,1,83,818.56,9.862168674698795,527,6.349397590361446,344.17,0.42045787724784994,164,77,10.63064935064935,1.0,0.012048192771084338,Age Group4,Z,Level4,Renter,Group3,1,None/Unknown,4.0,3.0,1,0.04819277108433735,0.25,17.0,175.0,2.0,2.108433734939759
1430,0,344,20352.99,59.16566860465117,1741892,5063.639534883721,2437.12,0.11974260292959411,1857,232,87.7284051724138,1.0,0.0029069767441860465,Age Group3,X,Level4,Homeowner,Group4,3,1,1.0,1.0,1,0.0029069767441860465,1.0,7.0,51.0,2.0,0.14825581395348839
1431,1,155,2718.4,17.538064516129033,9335,60.225806451612904,289.22,0.1063934667451442,400,127,21.40472440944882,0.0,0.0,Unknown,Unknown,Unknown,Unknown,Unknown,Unknown,Unknown,11.0,3.0,0,0.07096774193548387,0.0,17.0,189.0,2.0,1.2193548387096773
1432,0,9,336.95,37.43888888888889,180,20.0,130.76,0.3880694465054162,136,9,37.43888888888889,0.0,0.0,Unknown,Unknown,Unknown,Unknown,Unknown,Unknown,Unknown,3.0,1.0,0,0.3333333333333333,0.0,12.0,129.0,2.0,14.333333333333334
1433,24,8,70.04,8.755,31,3.875,14.03,0.20031410622501425,27,8,8.755,0.0,0.0,Unknown,Unknown,Unknown,Unknown,Unknown,Unknown,Unknown,0.0,0.0,0,0.0,0.0,10.0,77.0,2.0,9.625
1434,2,220,4160.33,18.91059090909091,1946,8.845454545454546,679.25,0.1632682984282497,1092,189,22.012328042328043,0.0,0.0,Unknown,Unknown,Unknown,Unknown,Unknown,Unknown,Unknown,0.0,0.0,0,0.0,0.0,6.0,22.0,2.0,0.1
1435,91,13,511.78,39.36769230769231,215,16.53846153846154,127.68,0.2494821993825472,134,11,46.525454545454544,0.0,0.0,Unknown,Unknown,Unknown,Unknown,Unknown,Unknown,Unknown,8.0,3.0,0,0.6153846153846154,0.0,15.0,170.0,2.0,13.076923076923077
1436,115,8,134.89000000000001,16.861250000000002,58,7.25,30.84,0.22863073615538584,46,7,19.270000000000003,0.0,0.0,Unknown,Unknown,Unknown,Unknown,Unknown,Unknown,Unknown,0.0,0.0,0,0.0,0.0,9.0,59.0,2.0,7.375
1437,21,99,4775.56,48.237979797979804,3729,37.666666666666664,1239.07,0.2594606705810418,1270,89,53.657977528089894,6.0,0.06060606060606061,Age Group2,X,Level2,Homeowner,Group1,3,1,0.0,0.0,1,0.0,0.0,6.0,31.0,2.0,0.31313131313131315
1438,6,41,2130.77,51.97,704,17.170731707317074,199.37,0.09356711423569883,417,34,62.66970588235294,0.0,0.0,Age Group4,Y,Level1,Unknown,Group3,1,None/Unknown,6.0,3.0,0,0.14634146341463414,0.0,16.0,160.0,2.0,3.902439024390244
1439,52,33,555.5600000000001,16.835151515151516,9685,293.4848484848485,126.0,0.22679818561451506,162,26,21.36769230769231,0.0,0.0,Unknown,Unknown,Unknown,Unknown,Unknown,Unknown,Unknown,1.0,1.0,0,0.030303030303030304,0.0,13.0,135.0,2.0,4.090909090909091
1440,0,100,2551.58,25.5158,159187,1591.87,626.03,0.24534994003715344,596,88,28.995227272727274,0.0,0.0,Unknown,Unknown,Unknown,Unknown,Unknown,Unknown,Unknown,0.0,0.0,0,0.0,0.0,10.0,68.0,2.0,0.68
1441,77,13,401.47,30.882307692307695,157,12.076923076923077,60.29,0.15017311380676016,98,13,30.882307692307695,0.0,0.0,Unknown,Unknown,Unknown,Unknown,Unknown,Unknown,Unknown,1.0,1.0,0,0.07692307692307693,0.0,13.0,136.0,2.0,10.461538461538462
1442,22,29,312.5,10.775862068965518,189,6.517241379310345,75.04,0.240128,131,18,17.36111111111111,0.0,0.0,Unknown,Unknown,Unknown,Unknown,Unknown,Unknown,Unknown,0.0,0.0,0,0.0,0.0,7.0,59.0,2.0,2.0344827586206895
1443,1,182,2221.48,12.205934065934066,11820,64.94505494505495,165.5,0.07449988296090894,247,154,14.425194805194804,0.0,0.0,Age Group3,Y,Level9,Unknown,Group5,2,None/Unknown,0.0,0.0,0,0.0,0.0,6.0,60.0,2.0,0.32967032967032966
1444,93,23,323.99,14.086521739130434,135,5.869565217391305,34.94,0.10784283465539059,102,19,17.052105263157895,0.0,0.0,Unknown,Unknown,Unknown,Unknown,Unknown,Unknown,Unknown,2.0,1.0,0,0.08695652173913043,0.0,15.0,88.0,2.0,3.8260869565217392
1445,3,178,5130.59,28.8235393258427,2036,11.438202247191011,958.47,0.1868147717903789,927,159,32.26786163522013,1.0,0.0056179775280898875,Age Group3,X,Level1,Homeowner,Group5,2,None/Unknown,0.0,0.0,1,0.0,0.0,9.0,52.0,2.0,0.29213483146067415
1446,8,44,2095.83,47.6325,31354,712.5909090909091,407.71,0.19453390780740804,441,40,52.39575,0.0,0.0,Unknown,Unknown,Unknown,Unknown,Unknown,Unknown,Unknown,9.0,3.0,0,0.20454545454545456,0.0,18.0,166.0,2.0,3.772727272727273
1447,5,40,604.95,15.123750000000001,17357,433.925,70.55,0.11662120836432761,174,36,16.804166666666667,0.0,0.0,Unknown,Unknown,Unknown,Unknown,Unknown,Unknown,Unknown,4.0,2.0,0,0.1,0.0,15.0,116.0,2.0,2.9
1448,60,80,1927.33,24.091625,4367,54.5875,160.62,0.08333808948130315,141,74,26.044999999999998,0.0,0.0,Unknown,Unknown,Unknown,Unknown,Unknown,Unknown,Unknown,1.0,1.0,0,0.0125,0.0,10.0,67.0,2.0,0.8375
1449,86,39,405.83,10.405897435897435,23666,606.8205128205128,62.35,0.15363575881526748,122,36,11.273055555555555,0.0,0.0,Unknown,Unknown,Unknown,Unknown,Unknown,Unknown,Unknown,1.0,1.0,0,0.02564102564102564,0.0,8.0,51.0,2.0,1.3076923076923077
1450,25,90,1647.2,18.302222222222223,80356,892.8444444444444,329.7,0.20015784361340455,352,61,27.003278688524592,0.0,0.0,Unknown,Unknown,Unknown,Unknown,Unknown,Unknown,Unknown,0.0,0.0,0,0.0,0.0,9.0,56.0,2.0,0.6222222222222222
1451,1,260,6700.05,25.76942307692308,515546,1982.8692307692309,1452.24,0.21675062126402042,1154,209,32.05765550239234,12.0,0.046153846153846156,Age Group4,X,Level8,Homeowner,Group1,5+,3+,0.0,0.0,1,0.0,0.0,17.0,114.0,2.0,0.43846153846153846
1452,12,374,1884.05,5.037566844919786,34968,93.49732620320856,230.69,0.12244367187707333,379,267,7.056367041198501,0.0,0.0,Age Group4,X,Level3,Unknown,Group4,3,1,7.0,3.0,0,0.01871657754010695,0.0,18.0,177.0,2.0,0.4732620320855615
1453,1,761,21661.29,28.4642444152431,95743,125.81208935611038,2784.14,0.1285306646095408,3119,401,54.018179551122195,21.0,0.02759526938239159,Age Group4,X,Level8,Homeowner,Group4,3,1,6.0,2.0,1,0.00788436268068331,3.5,14.0,103.0,2.0,0.13534822601839686
1454,0,154,4934.0,32.03896103896104,297510,1931.8831168831168,811.74,0.16451965950547223,637,135,36.54814814814815,0.0,0.0,Age Group6,X,Level6,Homeowner,Group5,2,None/Unknown,13.0,3.0,0,0.08441558441558442,0.0,21.0,237.0,2.0,1.5389610389610389
1455,451,14,820.18,58.58428571428571,70931,5066.5,138.14,0.1684264429759321,203,12,68.34833333333333,0.0,0.0,Unknown,Unknown,Unknown,Unknown,Unknown,Unknown,Unknown,3.0,2.0,0,0.21428571428571427,0.0,15.0,147.0,2.0,10.5
1456,26,69,1506.5,21.833333333333332,741,10.73913043478261,276.68,0.18365748423498174,413,66,22.825757575757574,0.0,0.0,Unknown,Unknown,Unknown,Unknown,Unknown,Unknown,Unknown,0.0,0.0,0,0.0,0.0,13.0,93.0,2.0,1.3478260869565217
1457,19,39,2667.34,68.39333333333333,1369,35.1025641025641,543.13,0.2036223353603215,410,31,86.04322580645162,0.0,0.0,Unknown,Unknown,Unknown,Unknown,Unknown,Unknown,Unknown,1.0,1.0,0,0.02564102564102564,0.0,12.0,121.0,2.0,3.1025641025641026
1458,6,126,3480.63,27.62404761904762,171171,1358.5,797.71,0.2291855210120007,730,116,30.00543103448276,1.0,0.007936507936507936,Unknown,Unknown,Unknown,Unknown,Unknown,Unknown,Unknown,0.0,0.0,1,0.0,0.0,10.0,107.0,2.0,0.8492063492063492
1459,9,79,4769.04,60.36759493670886,1783,22.569620253164558,686.86,0.1440247932497945,851,72,66.23666666666666,0.0,0.0,Unknown,Unknown,Unknown,Unknown,Unknown,Unknown,Unknown,4.0,2.0,0,0.05063291139240506,0.0,18.0,163.0,2.0,2.0632911392405062
1460,59,57,2455.68,43.08210526315789,62188,1091.017543859649,360.05,0.14661926635392236,560,53,46.33358490566037,1.0,0.017543859649122806,Unknown,Unknown,Unknown,Unknown,Unknown,Unknown,Unknown,6.0,2.0,1,0.10526315789473684,0.16666666666666666,14.0,149.0,2.0,2.6140350877192984
1461,2,290,7246.2,24.986896551724136,436713,1505.9068965517242,1081.86,0.14930032292787943,958,221,32.78823529411765,0.0,0.0,Age Group3,Y,Level3,Homeowner,Group5,2,None/Unknown,2.0,1.0,0,0.006896551724137931,0.0,14.0,143.0,2.0,0.49310344827586206
1462,7,120,4830.0,40.25,32612,271.76666666666665,918.97,0.19026293995859214,939,114,42.36842105263158,1.0,0.008333333333333333,Age Group2,X,Level5,Renter,Group5,2,None/Unknown,4.0,2.0,1,0.03333333333333333,0.25,18.0,176.0,2.0,1.4666666666666666
1463,4,139,3460.15,24.8931654676259,350299,2520.136690647482,710.21,0.20525410748088957,516,120,28.834583333333335,1.0,0.007194244604316547,Unknown,Unknown,Unknown,Unknown,Unknown,Unknown,Unknown,6.0,2.0,1,0.04316546762589928,0.16666666666666666,20.0,157.0,2.0,1.129496402877698
1464,35,76,2474.4,32.55789473684211,21422,281.86842105263156,826.5,0.3340203685741998,603,70,35.34857142857143,0.0,0.0,Unknown,Unknown,Unknown,Unknown,Unknown,Unknown,Unknown,5.0,1.0,0,0.06578947368421052,0.0,16.0,133.0,2.0,1.75
1465,7,56,1038.52,18.544999999999998,26381,471.0892857142857,156.04,0.1502522820937488,275,53,19.594716981132073,0.0,0.0,Unknown,Unknown,Unknown,Unknown,Unknown,Unknown,Unknown,3.0,2.0,0,0.05357142857142857,0.0,14.0,118.0,2.0,2.107142857142857
1466,11,38,1029.47,27.091315789473686,39071,1028.1842105263158,128.37,0.12469523152690219,200,35,29.41342857142857,0.0,0.0,Unknown,Unknown,Unknown,Unknown,Unknown,Unknown,Unknown,0.0,0.0,0,0.0,0.0,13.0,108.0,2.0,2.8421052631578947
1467,0,835,2957.82,3.542299401197605,161157,193.00239520958084,505.13,0.17077780257081226,408,363,8.148264462809918,0.0,0.0,Age Group3,X,Level5,Probable Owner,Group4,4,2,0.0,0.0,0,0.0,0.0,11.0,83.0,2.0,0.09940119760479042
1468,143,81,4131.7300000000005,51.00901234567902,185850,2294.4444444444443,482.32,0.11673560469827407,652,77,53.65883116883118,0.0,0.0,Age Group6,X,Level6,Homeowner,Group5,2,None/Unknown,2.0,1.0,0,0.024691358024691357,0.0,14.0,95.0,2.0,1.1728395061728396
1469,161,44,1160.0,26.363636363636363,611,13.886363636363637,207.86,0.1791896551724138,346,39,29.743589743589745,0.0,0.0,Unknown,Unknown,Unknown,Unknown,Unknown,Unknown,Unknown,3.0,2.0,0,0.06818181818181818,0.0,18.0,153.0,2.0,3.477272727272727
1470,3,133,1991.33,14.972406015037594,118273,889.2706766917294,320.34,0.16086736000562438,433,112,17.779732142857142,0.0,0.0,Age Group4,Y,Level4,Unknown,Group3,1,None/Unknown,0.0,0.0,0,0.0,0.0,9.0,91.0,2.0,0.6842105263157895
1471,44,32,486.72,15.21,110955,3467.34375,73.69,0.15140121630506245,68,31,15.700645161290323,0.0,0.0,Unknown,Unknown,Unknown,Unknown,Unknown,Unknown,Unknown,6.0,2.0,0,0.1875,0.0,13.0,125.0,2.0,3.90625
1472,294,4,269.54,67.385,88,22.0,53.13,0.19711360094976627,72,4,67.385,0.0,0.0,Unknown,Unknown,Unknown,Unknown,Unknown,Unknown,Unknown,0.0,0.0,0,0.0,0.0,11.0,33.0,2.0,8.25
1473,3,118,4339.15,36.77245762711864,1733,14.686440677966102,508.35,0.1171542813684708,946,106,40.93537735849056,0.0,0.0,Unknown,Unknown,Unknown,Unknown,Unknown,Unknown,Unknown,0.0,0.0,0,0.0,0.0,7.0,42.0,2.0,0.3559322033898305
1474,4,72,2445.87,33.970416666666665,1166,16.194444444444443,532.84,0.21785295211928682,516,69,35.447391304347825,0.0,0.0,Age Group3,Y,Level5,Homeowner,Group6,1,None/Unknown,6.0,2.0,0,0.08333333333333333,0.0,17.0,172.0,2.0,2.388888888888889
1475,1,339,14855.210000000001,43.8206784660767,801247,2363.560471976401,2452.71,0.16510772988062772,1126,262,56.69927480916031,13.0,0.038348082595870206,Age Group2,Z,Level5,Homeowner,Group2,1,None/Unknown,1.0,1.0,1,0.0029498525073746312,13.0,10.0,113.0,2.0,0.3333333333333333
1476,1,356,9481.75,26.634129213483146,1250547,3512.7724719101125,910.43,0.09601919476889814,768,274,34.60492700729927,0.0,0.0,Unknown,Unknown,Unknown,Unknown,Unknown,Unknown,Unknown,6.0,2.0,0,0.016853932584269662,0.0,18.0,170.0,2.0,0.47752808988764045
1477,50,15,279.2,18.613333333333333,90,6.0,33.24,0.11905444126074499,53,15,18.613333333333333,0.0,0.0,Unknown,Unknown,Unknown,Unknown,Unknown,Unknown,Unknown,7.0,2.0,0,0.4666666666666667,0.0,13.0,135.0,2.0,9.0
1478,198,6,88.59,14.765,33,5.5,31.810000000000002,0.3590698724461,28,5,17.718,0.0,0.0,Unknown,Unknown,Unknown,Unknown,Unknown,Unknown,Unknown,0.0,0.0,0,0.0,0.0,9.0,35.0,2.0,5.833333333333333
1479,2,716,9129.23,12.750321229050279,208370,291.0195530726257,1110.23,0.12161266612846867,1614,445,20.515123595505617,0.0,0.0,Age Group4,Y,Level2,Probable Renter,Group6,1,None/Unknown,0.0,0.0,0,0.0,0.0,5.0,20.0,2.0,0.027932960893854747
1480,43,27,152.21,5.637407407407408,183,6.777777777777778,108.2,0.7108599960580776,26,27,5.637407407407408,0.0,0.0,Unknown,Unknown,Unknown,Unknown,Unknown,Unknown,Unknown,2.0,1.0,0,0.07407407407407407,0.0,19.0,197.0,2.0,7.296296296296297
1481,3,164,3298.77,20.114451219512194,92351,563.1158536585366,509.06,0.1543181246343334,830,131,25.18145038167939,0.0,0.0,Age Group1,Y,Level4,Unknown,Group2,1,None/Unknown,0.0,0.0,0,0.0,0.0,5.0,12.0,2.0,0.07317073170731707
1482,116,18,1042.35,57.90833333333333,512,28.444444444444443,272.18,0.2611215042931837,283,17,61.31470588235294,0.0,0.0,Unknown,Unknown,Unknown,Unknown,Unknown,Unknown,Unknown,4.0,3.0,0,0.2222222222222222,0.0,17.0,159.0,2.0,8.833333333333334
1483,0,112,4725.27,42.189910714285716,117357,1047.830357142857,904.12,0.19133721459302852,1174,98,48.21704081632654,2.0,0.017857142857142856,Age Group1,Y,Level1,Unknown,Group6,1,None/Unknown,0.0,0.0,1,0.0,0.0,8.0,108.0,2.0,0.9642857142857143
1484,3,106,3209.39,30.277264150943395,1685,15.89622641509434,576.68,0.17968523613521573,950,98,32.748877551020406,0.0,0.0,Age Group1,X,Level4,Homeowner,Group5,2,None/Unknown,4.0,2.0,0,0.03773584905660377,0.0,18.0,151.0,2.0,1.4245283018867925
1485,15,66,2187.88,33.14969696969697,586,8.878787878787879,203.82,0.09315867415031902,338,64,34.185625,3.0,0.045454545454545456,Age Group3,Y,Level5,Homeowner,Group2,1,None/Unknown,1.0,1.0,1,0.015151515151515152,3.0,15.0,155.0,2.0,2.3484848484848486
1486,13,14,548.32,39.16571428571429,196,14.0,87.16,0.15895827254158154,121,14,39.16571428571429,0.0,0.0,Unknown,Unknown,Unknown,Unknown,Unknown,Unknown,Unknown,3.0,1.0,0,0.21428571428571427,0.0,14.0,117.0,2.0,8.357142857142858
1487,7,38,1471.28,38.717894736842105,25879,681.0263157894736,164.03,0.11148795606546681,317,34,43.27294117647059,0.0,0.0,Unknown,Unknown,Unknown,Unknown,Unknown,Unknown,Unknown,0.0,0.0,0,0.0,0.0,8.0,55.0,2.0,1.4473684210526316
1488,19,76,3246.92,42.72263157894737,47209,621.171052631579,713.62,0.21978367191061066,737,71,45.7312676056338,6.0,0.07894736842105263,Age Group2,X,Level5,Probable Owner,Group3,2,None/Unknown,0.0,0.0,1,0.0,0.0,11.0,112.0,2.0,1.4736842105263157
1489,1,536,17251.53,32.18569029850746,792583,1478.6996268656717,3937.23,0.2282249748283196,2044,371,46.50008086253369,0.0,0.0,Unknown,Unknown,Unknown,Unknown,Unknown,Unknown,Unknown,4.0,2.0,0,0.007462686567164179,0.0,16.0,153.0,2.0,0.28544776119402987
1490,2,208,5064.7,24.34951923076923,231261,1111.8317307692307,1242.16,0.24525835686220313,809,185,27.376756756756755,0.0,0.0,Unknown,Unknown,Unknown,Unknown,Unknown,Unknown,Unknown,11.0,3.0,0,0.052884615384615384,0.0,20.0,200.0,2.0,0.9615384615384616
1491,1,289,5635.97,19.501626297577854,2609,9.027681660899654,776.82,0.13783252927180237,736,257,21.929844357976656,1.0,0.0034602076124567475,Age Group6,Y,Level4,Homeowner,Group5,2,None/Unknown,6.0,2.0,1,0.020761245674740483,0.16666666666666666,13.0,129.0,2.0,0.4463667820069204
1492,2,95,1226.29,12.908315789473685,618,6.505263157894737,248.4,0.20256219980591866,376,89,13.778539325842695,0.0,0.0,Age Group6,X,Level2,Homeowner,Group5,2,None/Unknown,6.0,3.0,0,0.06315789473684211,0.0,15.0,167.0,2.0,1.7578947368421052
1493,7,25,943.13,37.7252,26000,1040.0,206.7,0.21916384803791628,230,24,39.29708333333333,0.0,0.0,Unknown,Unknown,Unknown,Unknown,Unknown,Unknown,Unknown,3.0,1.0,0,0.12,0.0,13.0,116.0,2.0,4.64
1494,11,85,2595.09,30.530470588235296,1379,16.223529411764705,366.99,0.14141706067997642,598,55,47.183454545454545,2.0,0.023529411764705882,Age Group6,Z,Level3,Unknown,Group3,1,None/Unknown,1.0,1.0,1,0.011764705882352941,2.0,9.0,72.0,2.0,0.8470588235294118
1495,7,165,1779.86,10.787030303030303,1267,7.678787878787879,265.75,0.14930949625251425,570,161,11.05503105590062,0.0,0.0,Unknown,Unknown,Unknown,Unknown,Unknown,Unknown,Unknown,4.0,2.0,0,0.024242424242424242,0.0,12.0,124.0,2.0,0.7515151515151515
1496,54,12,852.95,71.07916666666667,387,32.25,142.96,0.16760654200128963,253,11,77.5409090909091,0.0,0.0,Unknown,Unknown,Unknown,Unknown,Unknown,Unknown,Unknown,1.0,1.0,0,0.08333333333333333,0.0,12.0,102.0,2.0,8.5
1497,19,9,527.3,58.58888888888888,159,17.666666666666668,62.72,0.11894557178076996,130,9,58.58888888888888,0.0,0.0,Unknown,Unknown,Unknown,Unknown,Unknown,Unknown,Unknown,0.0,0.0,0,0.0,0.0,11.0,93.0,2.0,10.333333333333334
1498,53,26,960.1800000000001,36.93,407,15.653846153846153,152.04,0.1583453102543273,246,26,36.93,0.0,0.0,Unknown,Unknown,Unknown,Unknown,Unknown,Unknown,Unknown,0.0,0.0,0,0.0,0.0,12.0,76.0,2.0,2.923076923076923
1499,0,89,2106.09,23.663932584269663,14680,164.9438202247191,562.25,0.26696389992830316,347,83,25.374578313253014,0.0,0.0,Age Group5,X,Level2,Homeowner,Group5,2,None/Unknown,0.0,0.0,0,0.0,0.0,9.0,94.0,2.0,1.0561797752808988
1500,14,54,1051.1200000000001,19.465185185185188,4317,79.94444444444444,163.6,0.15564350407184716,284,45,23.358222222222224,0.0,0.0,Unknown,Unknown,Unknown,Unknown,Unknown,Unknown,Unknown,1.0,1.0,0,0.018518518518518517,0.0,13.0,109.0,2.0,2.0185185185185186
1501,10,205,8490.73,41.418195121951214,874933,4267.965853658537,1115.67,0.13139859588044847,993,180,47.17072222222222,0.0,0.0,Unknown,Unknown,Unknown,Unknown,Unknown,Unknown,Unknown,0.0,0.0,0,0.0,0.0,9.0,100.0,2.0,0.4878048780487805
1502,31,47,2160.82,45.97489361702128,862,18.340425531914892,316.84,0.14662952027471052,542,46,46.97434782608696,0.0,0.0,Unknown,Unknown,Unknown,Unknown,Unknown,Unknown,Unknown,4.0,2.0,0,0.0851063829787234,0.0,18.0,169.0,2.0,3.595744680851064
1503,51,18,117.69,6.538333333333333,75,4.166666666666667,21.16,0.1797943750531056,49,17,6.922941176470588,0.0,0.0,Unknown,Unknown,Unknown,Unknown,Unknown,Unknown,Unknown,4.0,2.0,0,0.2222222222222222,0.0,14.0,129.0,2.0,7.166666666666667
1504,514,3,66.33,22.11,9,3.0,31.68,0.47761194029850745,7,3,22.11,0.0,0.0,Unknown,Unknown,Unknown,Unknown,Unknown,Unknown,Unknown,0.0,0.0,0,0.0,0.0,8.0,39.0,2.0,13.0
1505,55,103,4053.23,39.35174757281553,1783,17.310679611650485,579.66,0.14301186954601638,725,99,40.94171717171717,3.0,0.02912621359223301,Age Group4,Y,Level3,Unknown,Group3,1,None/Unknown,0.0,0.0,1,0.0,0.0,2.0,6.0,1.0,0.05825242718446602
1506,1,144,2389.2,16.591666666666665,1541,10.70138888888889,443.64,0.18568558513309896,368,125,19.113599999999998,0.0,0.0,Unknown,Unknown,Unknown,Unknown,Unknown,Unknown,Unknown,5.0,2.0,0,0.034722222222222224,0.0,17.0,165.0,2.0,1.1458333333333333
1507,11,26,1499.3700000000001,57.668076923076924,68250,2625.0,203.6,0.13579036528675376,319,25,59.9748,0.0,0.0,Unknown,Unknown,Unknown,Unknown,Unknown,Unknown,Unknown,4.0,2.0,0,0.15384615384615385,0.0,8.0,85.0,2.0,3.269230769230769
1508,42,81,1849.2,22.82962962962963,104751,1293.2222222222222,506.66,0.2739887518927104,241,78,23.70769230769231,4.0,0.04938271604938271,Unknown,Unknown,Unknown,Unknown,Unknown,Unknown,Unknown,0.0,0.0,1,0.0,0.0,12.0,110.0,2.0,1.3580246913580247
1509,1,204,6452.83,31.63151960784314,587691,2880.8382352941176,688.53,0.10670202066380177,694,181,35.65099447513812,1.0,0.004901960784313725,Age Group4,X,Level5,Homeowner,Group5,2,None/Unknown,2.0,1.0,1,0.00980392156862745,0.5,11.0,86.0,2.0,0.4215686274509804
1510,0,1300,11211.37,8.62413076923077,595975,458.4423076923077,1362.13,0.12149541046277128,1576,504,22.244781746031748,0.0,0.0,Unknown,Unknown,Unknown,Unknown,Unknown,Unknown,Unknown,5.0,2.0,0,0.0038461538461538464,0.0,19.0,161.0,2.0,0.12384615384615384
1511,6,149,3740.16,25.10174496644295,1773,11.899328859060402,772.06,0.20642432409308692,718,130,28.770461538461536,1.0,0.006711409395973154,Unknown,Unknown,Unknown,Unknown,Unknown,Unknown,Unknown,5.0,3.0,1,0.03355704697986577,0.2,22.0,217.0,2.0,1.4563758389261745
1512,4,93,1674.23,18.00247311827957,282668,3039.440860215054,223.19,0.13330904356032325,376,74,22.62472972972973,0.0,0.0,Unknown,Unknown,Unknown,Unknown,Unknown,Unknown,Unknown,4.0,2.0,0,0.043010752688172046,0.0,12.0,143.0,2.0,1.5376344086021505
1513,4,64,931.89,14.56078125,344,5.375,163.37,0.17531039071135007,244,64,14.56078125,0.0,0.0,Unknown,Unknown,Unknown,Unknown,Unknown,Unknown,Unknown,1.0,1.0,0,0.015625,0.0,10.0,106.0,2.0,1.65625
1514,7,57,2355.31,41.32122807017544,1055,18.50877192982456,343.77,0.14595530949216876,498,57,41.32122807017544,0.0,0.0,Unknown,Unknown,Unknown,Unknown,Unknown,Unknown,Unknown,0.0,0.0,0,0.0,0.0,10.0,81.0,2.0,1.4210526315789473
1515,0,99,4158.2,42.0020202020202,1597,16.13131313131313,616.16,0.1481795007455149,874,91,45.69450549450549,0.0,0.0,Unknown,Unknown,Unknown,Unknown,Unknown,Unknown,Unknown,0.0,0.0,0,0.0,0.0,11.0,107.0,2.0,1.0808080808080809
1516,215,15,189.66,12.644,71,4.733333333333333,24.47,0.12902035220921648,65,15,12.644,0.0,0.0,Unknown,Unknown,Unknown,Unknown,Unknown,Unknown,Unknown,6.0,3.0,0,0.4,0.0,15.0,175.0,2.0,11.666666666666666
1517,3,135,3871.04,28.67437037037037,39685,293.962962962963,1230.7,0.3179248987352236,821,120,32.25866666666666,0.0,0.0,Age Group4,X,Level5,Homeowner,Group4,4,2,0.0,0.0,0,0.0,0.0,8.0,36.0,2.0,0.26666666666666666
1518,35,34,1373.77,40.405,4101,120.61764705882354,356.46,0.259475749215662,290,28,49.06321428571429,0.0,0.0,Unknown,Unknown,Unknown,Unknown,Unknown,Unknown,Unknown,5.0,3.0,0,0.14705882352941177,0.0,12.0,139.0,2.0,4.088235294117647
1519,21,30,2425.66,80.85533333333333,8856,295.2,407.58,0.16802849533735148,621,29,83.64344827586207,0.0,0.0,Unknown,Unknown,Unknown,Unknown,Unknown,Unknown,Unknown,1.0,1.0,0,0.03333333333333333,0.0,12.0,94.0,2.0,3.1333333333333333
1520,3,142,3839.36,27.037746478873242,663079,4669.570422535211,677.28,0.17640440073345556,683,129,29.76248062015504,0.0,0.0,Unknown,Unknown,Unknown,Unknown,Unknown,Unknown,Unknown,0.0,0.0,0,0.0,0.0,13.0,152.0,2.0,1.0704225352112675
1521,45,43,753.95,17.53372093023256,495,11.511627906976743,211.91,0.28106638371244774,357,29,25.99827586206897,0.0,0.0,Unknown,Unknown,Unknown,Unknown,Unknown,Unknown,Unknown,4.0,2.0,0,0.09302325581395349,0.0,13.0,131.0,2.0,3.046511627906977
1522,78,35,1086.56,31.044571428571427,587,16.771428571428572,224.29,0.20642210278309528,365,31,35.05032258064516,0.0,0.0,Unknown,Unknown,Unknown,Unknown,Unknown,Unknown,Unknown,0.0,0.0,0,0.0,0.0,16.0,116.0,2.0,3.3142857142857145
1523,32,67,1668.3,24.9,135823,2027.2089552238806,355.68,0.21319906491638196,438,50,33.366,0.0,0.0,Unknown,Unknown,Unknown,Unknown,Unknown,Unknown,Unknown,0.0,0.0,0,0.0,0.0,13.0,124.0,2.0,1.8507462686567164
1524,1,60,2800.81,46.680166666666665,247300,4121.666666666667,489.31,0.17470303233707393,500,53,52.84547169811321,0.0,0.0,Age Group4,X,Level4,Homeowner,Group5,2,None/Unknown,0.0,0.0,0,0.0,0.0,15.0,117.0,2.0,1.95
1525,21,38,1645.25,43.296052631578945,907,23.86842105263158,400.31,0.24331256647925847,386,30,54.84166666666667,0.0,0.0,Unknown,Unknown,Unknown,Unknown,Unknown,Unknown,Unknown,1.0,1.0,0,0.02631578947368421,0.0,15.0,139.0,2.0,3.6578947368421053
1526,1,199,2901.09,14.578341708542714,1611,8.095477386934673,596.19,0.20550551689192684,693,194,14.954072164948455,0.0,0.0,Unknown,Unknown,Unknown,Unknown,Unknown,Unknown,Unknown,0.0,0.0,0,0.0,0.0,8.0,99.0,2.0,0.49748743718592964
1527,1,321,17295.18,53.87906542056075,1734632,5403.83800623053,1919.8700000000001,0.11100607221202671,1636,253,68.360395256917,0.0,0.0,Age Group2,X,Level5,Homeowner,Group5,2,None/Unknown,3.0,1.0,0,0.009345794392523364,0.0,13.0,132.0,2.0,0.411214953271028
1528,0,239,8086.55,33.83493723849372,306864,1283.949790794979,1628.4,0.2013714130253322,1740,200,40.43275,1.0,0.0041841004184100415,Age Group3,Z,Level8,Unknown,Group3,1,None/Unknown,15.0,3.0,1,0.06276150627615062,0.06666666666666667,19.0,193.0,2.0,0.8075313807531381
1529,4,244,9025.51,36.989795081967216,578939,2372.7008196721313,1595.74,0.17680330529798316,1158,184,49.051684782608696,19.0,0.0778688524590164,Age Group4,Y,Level5,Unknown,Group2,1,None/Unknown,9.0,3.0,1,0.036885245901639344,2.111111111111111,19.0,197.0,2.0,0.8073770491803278
1530,4,48,879.9300000000001,18.331875,34205,712.6041666666666,96.83,0.11004284431716159,174,46,19.128913043478263,0.0,0.0,Unknown,Unknown,Unknown,Unknown,Unknown,Unknown,Unknown,8.0,3.0,0,0.16666666666666666,0.0,17.0,160.0,2.0,3.3333333333333335
1531,1,45,978.91,21.753555555555554,10369,230.42222222222222,187.67,0.1917132320642347,270,41,23.875853658536585,0.0,0.0,Unknown,Unknown,Unknown,Unknown,Unknown,Unknown,Unknown,1.0,1.0,0,0.022222222222222223,0.0,11.0,85.0,2.0,1.8888888888888888
1532,42,86,1916.02,22.279302325581394,128817,1497.8720930232557,288.44,0.15054122608323503,330,75,25.54693333333333,0.0,0.0,Unknown,Unknown,Unknown,Unknown,Unknown,Unknown,Unknown,0.0,0.0,0,0.0,0.0,13.0,109.0,2.0,1.2674418604651163
1533,11,22,255.24,11.601818181818182,182,8.272727272727273,16.03,0.06280363579376273,76,22,11.601818181818182,0.0,0.0,Unknown,Unknown,Unknown,Unknown,Unknown,Unknown,Unknown,2.0,1.0,0,0.09090909090909091,0.0,15.0,106.0,2.0,4.818181818181818
1534,3,313,8449.68,26.995782747603833,761899,2434.182108626198,1033.68,0.12233362683557247,890,257,32.878132295719844,15.0,0.04792332268370607,Age Group2,X,Level6,Renter,Group4,3,1,0.0,0.0,1,0.0,0.0,6.0,35.0,2.0,0.11182108626198083
1535,0,247,8453.65,34.22530364372469,41780,169.1497975708502,1431.93,0.16938600486180527,1256,183,46.194808743169396,0.0,0.0,Unknown,Unknown,Unknown,Unknown,Unknown,Unknown,Unknown,12.0,3.0,0,0.048582995951417005,0.0,17.0,167.0,2.0,0.6761133603238867
1536,0,164,6960.1900000000005,42.44018292682927,470814,2870.817073170732,998.42,0.14344723348069519,1095,144,48.334652777777784,0.0,0.0,Age Group4,Y,Level5,Unknown,Group6,1,None/Unknown,8.0,3.0,0,0.04878048780487805,0.0,17.0,169.0,2.0,1.0304878048780488
1537,20,148,2878.58,19.449864864864864,133220,900.1351351351351,409.1,0.1421186835175677,637,107,26.902616822429906,0.0,0.0,Age Group1,X,Level4,Renter,Group4,3,1,10.0,3.0,0,0.06756756756756757,0.0,17.0,165.0,2.0,1.114864864864865
1538,4,32,504.92,15.77875,274,8.5625,96.65,0.19141646201378437,227,28,18.032857142857143,0.0,0.0,Unknown,Unknown,Unknown,Unknown,Unknown,Unknown,Unknown,4.0,2.0,0,0.125,0.0,11.0,127.0,2.0,3.96875
1539,39,10,79.41,7.941,23,2.3,5.819999999999999,0.07329051756705704,15,10,7.941,0.0,0.0,Unknown,Unknown,Unknown,Unknown,Unknown,Unknown,Unknown,0.0,0.0,0,0.0,0.0,8.0,93.0,2.0,9.3
1540,1,143,3598.69,25.165664335664335,2408,16.83916083916084,728.13,0.20233195968532994,825,128,28.114765625,0.0,0.0,Age Group4,Y,Level2,Unknown,Group4,4,2,0.0,0.0,0,0.0,0.0,5.0,14.0,2.0,0.0979020979020979
1541,6,102,7743.35,75.91519607843138,18011,176.57843137254903,829.7,0.10715000613429589,992,99,78.21565656565657,6.0,0.058823529411764705,Age Group3,Y,Level5,Unknown,Group6,1,None/Unknown,5.0,3.0,1,0.049019607843137254,1.2,10.0,129.0,2.0,1.2647058823529411
1542,9,116,1969.93,16.982155172413794,732,6.310344827586207,347.1,0.17619915428467,392,105,18.761238095238095,0.0,0.0,Unknown,Unknown,Unknown,Unknown,Unknown,Unknown,Unknown,10.0,3.0,0,0.08620689655172414,0.0,19.0,167.0,2.0,1.4396551724137931
1543,27,84,2612.4,31.1,1239,14.75,699.41,0.26772699433471137,429,71,36.7943661971831,0.0,0.0,Unknown,Unknown,Unknown,Unknown,Unknown,Unknown,Unknown,4.0,1.0,0,0.047619047619047616,0.0,15.0,120.0,2.0,1.4285714285714286
1544,20,54,2457.93,45.517222222222216,138486,2564.5555555555557,323.32,0.1315415817374783,512,48,51.206875,0.0,0.0,Unknown,Unknown,Unknown,Unknown,Unknown,Unknown,Unknown,0.0,0.0,0,0.0,0.0,15.0,133.0,2.0,2.462962962962963
1545,2,174,3948.53,22.69270114942529,32882,188.97701149425288,667.71,0.16910343849483225,785,160,24.6783125,0.0,0.0,Age Group4,X,Level4,Homeowner,Group5,2,None/Unknown,4.0,1.0,0,0.022988505747126436,0.0,14.0,121.0,2.0,0.6954022988505747
1546,7,113,4095.37,36.24221238938053,94845,839.3362831858407,760.38,0.18566820580313867,880,80,51.192125,0.0,0.0,Unknown,Unknown,Unknown,Unknown,Unknown,Unknown,Unknown,5.0,3.0,0,0.04424778761061947,0.0,16.0,181.0,2.0,1.6017699115044248
1547,1,289,2222.05,7.6887543252595165,436213,1509.3875432525952,234.07,0.10533966382394634,280,225,9.87577777777778,0.0,0.0,Unknown,Unknown,Unknown,Unknown,Unknown,Unknown,Unknown,6.0,2.0,0,0.020761245674740483,0.0,13.0,131.0,2.0,0.4532871972318339
1548,1,112,3850.53,34.379732142857144,11487,102.5625,756.71,0.19652099840801138,832,103,37.38378640776699,0.0,0.0,Unknown,Unknown,Unknown,Unknown,Unknown,Unknown,Unknown,2.0,1.0,0,0.017857142857142856,0.0,12.0,86.0,2.0,0.7678571428571429
1549,0,177,1988.91,11.23677966101695,79770,450.6779661016949,393.73,0.19796270318918402,465,152,13.084934210526317,0.0,0.0,Age Group4,Y,Level2,Homeowner,Group6,1,None/Unknown,5.0,2.0,0,0.02824858757062147,0.0,14.0,144.0,2.0,0.8135593220338984
1550,1,338,2542.45,7.5220414201183425,21826,64.57396449704142,470.23,0.18495152313713153,654,221,11.504298642533936,0.0,0.0,Unknown,Unknown,Unknown,Unknown,Unknown,Unknown,Unknown,5.0,1.0,0,0.014792899408284023,0.0,17.0,132.0,2.0,0.3905325443786982
1551,15,18,800.11,44.45055555555555,367,20.38888888888889,118.03,0.14751721638274737,217,18,44.45055555555555,0.0,0.0,Unknown,Unknown,Unknown,Unknown,Unknown,Unknown,Unknown,0.0,0.0,0,0.0,0.0,15.0,124.0,2.0,6.888888888888889
1552,19,35,1084.76,30.993142857142857,499,14.257142857142858,130.62,0.12041373206976659,274,35,30.993142857142857,0.0,0.0,Unknown,Unknown,Unknown,Unknown,Unknown,Unknown,Unknown,1.0,1.0,0,0.02857142857142857,0.0,12.0,93.0,2.0,2.657142857142857
1553,16,16,140.84,8.8025,99,6.1875,14.59,0.10359272933825617,71,10,14.084,0.0,0.0,Unknown,Unknown,Unknown,Unknown,Unknown,Unknown,Unknown,0.0,0.0,0,0.0,0.0,9.0,90.0,2.0,5.625
1554,7,46,982.76,21.364347826086956,54700,1189.1304347826087,155.81,0.15854328625503683,136,34,28.904705882352943,0.0,0.0,Unknown,Unknown,Unknown,Unknown,Unknown,Unknown,Unknown,0.0,0.0,0,0.0,0.0,6.0,37.0,2.0,0.8043478260869565
1555,14,89,1446.54,16.25325842696629,723,8.123595505617978,325.17,0.224791571612261,443,76,19.033421052631578,0.0,0.0,Unknown,Unknown,Unknown,Unknown,Unknown,Unknown,Unknown,0.0,0.0,0,0.0,0.0,12.0,54.0,2.0,0.6067415730337079
1556,1,138,3799.8,27.534782608695654,2504,18.144927536231883,1063.73,0.27994368124638136,901,130,29.22923076923077,0.0,0.0,Age Group4,X,Level4,Homeowner,Group5,2,None/Unknown,3.0,2.0,0,0.021739130434782608,0.0,12.0,115.0,2.0,0.8333333333333334
1557,1,195,6528.36,33.47876923076923,690822,3542.6769230769232,544.92,0.08346966159954414,726,165,39.56581818181818,0.0,0.0,Age Group2,X,Level7,Renter,Group1,4,2,5.0,3.0,0,0.02564102564102564,0.0,15.0,127.0,2.0,0.6512820512820513
1558,0,145,4487.1,30.945517241379314,1519,10.475862068965517,432.01,0.09627821978560762,803,135,33.23777777777778,0.0,0.0,Unknown,Unknown,Unknown,Unknown,Unknown,Unknown,Unknown,7.0,3.0,0,0.04827586206896552,0.0,18.0,153.0,2.0,1.0551724137931036
1559,7,60,2725.42,45.42366666666667,816,13.6,290.12,0.10644964812762804,532,53,51.42301886792453,0.0,0.0,Unknown,Unknown,Unknown,Unknown,Unknown,Unknown,Unknown,6.0,3.0,0,0.1,0.0,16.0,173.0,2.0,2.8833333333333333
1560,8,44,1209.04,27.478181818181817,582,13.227272727272727,460.69,0.3810378482101502,267,43,28.11720930232558,0.0,0.0,Unknown,Unknown,Unknown,Unknown,Unknown,Unknown,Unknown,0.0,0.0,0,0.0,0.0,13.0,138.0,2.0,3.1363636363636362
1561,100,6,401.41,66.90166666666667,165,27.5,55.68,0.13871104357141076,100,5,80.28200000000001,0.0,0.0,Unknown,Unknown,Unknown,Unknown,Unknown,Unknown,Unknown,0.0,0.0,0,0.0,0.0,11.0,88.0,2.0,14.666666666666666
1562,1,39,1198.02,30.718461538461536,16959,434.84615384615387,357.65,0.2985342481761573,458,39,30.718461538461536,0.0,0.0,Unknown,Unknown,Unknown,Unknown,Unknown,Unknown,Unknown,0.0,0.0,0,0.0,0.0,7.0,56.0,2.0,1.435897435897436
1563,13,113,4754.88,42.07858407079646,27288,241.4867256637168,725.5,0.15258008614307828,756,93,51.127741935483876,0.0,0.0,Age Group4,X,Level6,Homeowner,Group6,3,1,0.0,0.0,0,0.0,0.0,13.0,109.0,2.0,0.9646017699115044
1564,47,36,437.77,12.160277777777777,160,4.444444444444445,92.71,0.21177787422619182,119,35,12.507714285714286,0.0,0.0,Unknown,Unknown,Unknown,Unknown,Unknown,Unknown,Unknown,3.0,1.0,0,0.08333333333333333,0.0,16.0,152.0,2.0,4.222222222222222
1565,59,31,447.91,14.448709677419355,12836,414.06451612903226,97.67999999999999,0.2180795249045567,172,30,14.930333333333333,0.0,0.0,Unknown,Unknown,Unknown,Unknown,Unknown,Unknown,Unknown,0.0,0.0,0,0.0,0.0,9.0,74.0,2.0,2.3870967741935485
1566,2,347,10567.710000000001,30.45449567723343,577637,1664.6599423631123,1119.14,0.10590184628457822,1322,231,45.74766233766234,4.0,0.011527377521613832,Age Group3,Y,Level6,Homeowner,Group5,2,None/Unknown,0.0,0.0,1,0.0,0.0,10.0,70.0,2.0,0.2017291066282421
1567,3,155,2124.23,13.704709677419356,1374,8.864516129032259,242.31,0.11406956873784854,466,137,15.505328467153285,0.0,0.0,Age Group4,Y,Level2,Renter,Group2,1,None/Unknown,4.0,3.0,0,0.025806451612903226,0.0,17.0,183.0,2.0,1.1806451612903226
1568,3,81,4575.94,56.493086419753084,2029,25.049382716049383,1313.68,0.2870841837961162,830,74,61.83702702702702,2.0,0.024691358024691357,Age Group5,Z,Level4,Homeowner,Group3,1,None/Unknown,2.0,1.0,1,0.024691358024691357,1.0,12.0,108.0,2.0,1.3333333333333333
1569,5,104,1345.59,12.938365384615384,778,7.480769230769231,271.12,0.2014878231853685,432,90,14.950999999999999,0.0,0.0,Unknown,Unknown,Unknown,Unknown,Unknown,Unknown,Unknown,5.0,2.0,0,0.04807692307692308,0.0,16.0,153.0,2.0,1.4711538461538463
1570,47,51,2389.96,46.86196078431372,992,19.45098039215686,703.54,0.29437312758372525,486,51,46.86196078431372,0.0,0.0,Unknown,Unknown,Unknown,Unknown,Unknown,Unknown,Unknown,2.0,1.0,0,0.0392156862745098,0.0,10.0,107.0,2.0,2.0980392156862746
1571,3,49,567.87,11.589183673469387,25373,517.8163265306123,60.01,0.1056755947664078,139,42,13.520714285714286,0.0,0.0,Unknown,Unknown,Unknown,Unknown,Unknown,Unknown,Unknown,0.0,0.0,0,0.0,0.0,12.0,120.0,2.0,2.4489795918367347
1572,0,52,2544.41,48.93096153846154,97773,1880.25,505.32,0.19860006838520522,508,49,51.92673469387755,0.0,0.0,Age Group3,X,Level6,Homeowner,Group5,2,None/Unknown,0.0,0.0,0,0.0,0.0,11.0,55.0,2.0,1.0576923076923077
1573,15,96,372.87,3.8840625,215,2.2395833333333335,48.53,0.1301526001019122,149,68,5.4833823529411765,0.0,0.0,Unknown,Unknown,Unknown,Unknown,Unknown,Unknown,Unknown,1.0,1.0,0,0.010416666666666666,0.0,14.0,136.0,2.0,1.4166666666666667
1574,60,28,3616.03,129.14392857142857,2234,79.78571428571429,1320.93,0.3652984073694079,737,24,150.66791666666668,0.0,0.0,Unknown,Unknown,Unknown,Unknown,Unknown,Unknown,Unknown,0.0,0.0,0,0.0,0.0,11.0,57.0,2.0,2.0357142857142856
1575,1,55,1642.49,29.863454545454545,8562,155.6727272727273,323.21,0.19678049790257474,456,54,30.416481481481483,0.0,0.0,Unknown,Unknown,Unknown,Unknown,Unknown,Unknown,Unknown,0.0,0.0,0,0.0,0.0,11.0,116.0,2.0,2.109090909090909
1576,20,18,471.11,26.172777777777778,307,17.055555555555557,153.6,0.32603850480779434,217,18,26.172777777777778,0.0,0.0,Unknown,Unknown,Unknown,Unknown,Unknown,Unknown,Unknown,1.0,1.0,0,0.05555555555555555,0.0,14.0,127.0,2.0,7.055555555555555
1577,19,82,3794.61,46.27573170731708,59414,724.560975609756,657.36,0.1732351941306221,809,72,52.70291666666667,0.0,0.0,Unknown,Unknown,Unknown,Unknown,Unknown,Unknown,Unknown,0.0,0.0,0,0.0,0.0,11.0,74.0,2.0,0.9024390243902439
1578,14,94,2846.81,30.285212765957446,36715,390.5851063829787,497.49,0.17475349601835036,695,83,34.2989156626506,0.0,0.0,Age Group4,Y,Level2,Unknown,Group5,2,None/Unknown,5.0,3.0,0,0.05319148936170213,0.0,15.0,151.0,2.0,1.6063829787234043
1579,1,600,12695.25,21.15875,913584,1522.64,2236.61,0.17617691656328155,1539,413,30.73910411622276,0.0,0.0,Unknown,Unknown,Unknown,Unknown,Unknown,Unknown,Unknown,2.0,1.0,0,0.0033333333333333335,0.0,17.0,133.0,2.0,0.22166666666666668
1580,1,201,1771.02,8.811044776119402,21048,104.71641791044776,404.94,0.22864789782159434,544,155,11.425935483870967,0.0,0.0,Age Group1,Z,Level5,Unknown,Group5,2,None/Unknown,8.0,2.0,0,0.03980099502487562,0.0,18.0,178.0,2.0,0.8855721393034826
1581,3,28,1249.26,44.61642857142857,541,19.321428571428573,391.47,0.31336151001392826,358,27,46.26888888888889,1.0,0.03571428571428571,Unknown,Unknown,Unknown,Unknown,Unknown,Unknown,Unknown,2.0,1.0,1,0.07142857142857142,0.5,15.0,129.0,2.0,4.607142857142857
1582,109,37,1907.02,51.54108108108108,16323,441.1621621621622,213.28,0.11183941437425932,454,34,56.08882352941176,0.0,0.0,Unknown,Unknown,Unknown,Unknown,Unknown,Unknown,Unknown,2.0,2.0,0,0.05405405405405406,0.0,12.0,118.0,2.0,3.189189189189189
1583,26,20,338.28000000000003,16.914,90,4.5,47.67,0.14091876551968782,65,19,17.804210526315792,0.0,0.0,Unknown,Unknown,Unknown,Unknown,Unknown,Unknown,Unknown,5.0,2.0,0,0.25,0.0,12.0,123.0,2.0,6.15
1584,1,317,7435.38,23.45545741324921,331746,1046.5173501577287,864.84,0.11631416282691671,928,245,30.34848979591837,0.0,0.0,Unknown,Unknown,Unknown,Unknown,Unknown,Unknown,Unknown,0.0,0.0,0,0.0,0.0,6.0,26.0,2.0,0.08201892744479496
1585,6,150,9353.85,62.359,431668,2877.786666666667,984.25,0.10522405212826803,1436,134,69.80485074626866,0.0,0.0,Age Group4,Z,Level9,Homeowner,Group3,1,None/Unknown,5.0,1.0,0,0.03333333333333333,0.0,14.0,156.0,2.0,1.04
1586,2,72,2237.21,31.07236111111111,763,10.597222222222221,175.05,0.07824477809414405,286,63,35.51126984126984,0.0,0.0,Unknown,Unknown,Unknown,Unknown,Unknown,Unknown,Unknown,7.0,2.0,0,0.09722222222222222,0.0,20.0,200.0,2.0,2.7777777777777777
1587,0,68,714.61,10.508970588235295,29858,439.0882352941176,128.15,0.1793285848224906,210,60,11.910166666666667,0.0,0.0,Unknown,Unknown,Unknown,Unknown,Unknown,Unknown,Unknown,5.0,2.0,0,0.07352941176470588,0.0,13.0,89.0,2.0,1.3088235294117647
1588,3,234,5199.9800000000005,22.222136752136755,51905,221.81623931623932,563.89,0.10844080169539112,1004,196,26.530510204081637,1.0,0.004273504273504274,Age Group3,Y,Level5,Homeowner,Group6,1,None/Unknown,1.0,1.0,1,0.004273504273504274,1.0,11.0,80.0,2.0,0.3418803418803419
1589,3,18,341.54,18.974444444444444,152,8.444444444444445,65.99,0.19321309363471334,118,18,18.974444444444444,0.0,0.0,Unknown,Unknown,Unknown,Unknown,Unknown,Unknown,Unknown,4.0,2.0,0,0.2222222222222222,0.0,22.0,190.0,2.0,10.555555555555555
1590,7,152,8033.79,52.853881578947366,3024,19.894736842105264,973.37,0.12115950255109979,1118,138,58.21586956521739,3.0,0.019736842105263157,Unknown,Unknown,Unknown,Unknown,Unknown,Unknown,Unknown,0.0,0.0,1,0.0,0.0,9.0,57.0,2.0,0.375
1591,3,111,4844.96,43.64828828828829,339823,3061.4684684684685,798.55,0.16482076219411512,767,93,52.0963440860215,28.0,0.25225225225225223,Age Group2,Y,Level3,Unknown,Group3,1,None/Unknown,9.0,3.0,1,0.08108108108108109,3.111111111111111,18.0,175.0,2.0,1.5765765765765767
1592,0,52,2371.59,45.6075,170698,3282.653846153846,227.42,0.09589347231182455,338,50,47.4318,0.0,0.0,Unknown,Unknown,Unknown,Unknown,Unknown,Unknown,Unknown,4.0,2.0,0,0.07692307692307693,0.0,19.0,134.0,2.0,2.576923076923077
1593,16,43,1789.1,41.60697674418604,33932,789.1162790697674,326.07,0.18225364708512662,469,41,43.636585365853655,1.0,0.023255813953488372,Unknown,Unknown,Unknown,Unknown,Unknown,Unknown,Unknown,1.0,1.0,1,0.023255813953488372,1.0,13.0,106.0,2.0,2.4651162790697674
1594,6,118,2986.13,25.306186440677966,84118,712.8644067796611,541.86,0.1814589451899281,643,88,33.93329545454546,0.0,0.0,Unknown,Unknown,Unknown,Unknown,Unknown,Unknown,Unknown,1.0,1.0,0,0.00847457627118644,0.0,16.0,135.0,2.0,1.1440677966101696
1595,1,139,5644.07,40.60482014388489,402338,2894.517985611511,635.86,0.11265983589856257,762,122,46.262868852459015,0.0,0.0,Age Group4,Y,Level5,Homeowner,Group2,1,None/Unknown,1.0,1.0,0,0.007194244604316547,0.0,14.0,127.0,2.0,0.9136690647482014
1596,2,28,2154.63,76.95107142857144,914,32.642857142857146,308.79,0.14331462942593393,558,25,86.18520000000001,0.0,0.0,Unknown,Unknown,Unknown,Unknown,Unknown,Unknown,Unknown,3.0,1.0,0,0.10714285714285714,0.0,15.0,138.0,2.0,4.928571428571429
1597,6,54,801.63,14.845,9633,178.38888888888889,137.2,0.17115127926849044,280,49,16.359795918367347,0.0,0.0,Unknown,Unknown,Unknown,Unknown,Unknown,Unknown,Unknown,0.0,0.0,0,0.0,0.0,13.0,133.0,2.0,2.462962962962963
1598,0,445,11516.83,25.880516853932583,204679,459.95280898876405,2084.71,0.18101422005881826,1875,243,47.394362139917696,1.0,0.0022471910112359553,Unknown,Unknown,Unknown,Unknown,Unknown,Unknown,Unknown,0.0,0.0,1,0.0,0.0,14.0,101.0,2.0,0.22696629213483147
1599,1,182,6161.21,33.8528021978022,3289,18.071428571428573,1077.4,0.17486824828239908,1427,154,40.00785714285714,0.0,0.0,Unknown,Unknown,Unknown,Unknown,Unknown,Unknown,Unknown,9.0,3.0,0,0.04945054945054945,0.0,18.0,209.0,2.0,1.1483516483516483
1600,5,64,914.7,14.2921875,104016,1625.25,243.32999999999998,0.2660216464414562,207,48,19.056250000000002,0.0,0.0,Unknown,Unknown,Unknown,Unknown,Unknown,Unknown,Unknown,6.0,3.0,0,0.09375,0.0,13.0,162.0,2.0,2.53125
1601,3,23,1288.54,56.02347826086957,582,25.304347826086957,192.12,0.14909898024120322,454,21,61.359047619047615,0.0,0.0,Unknown,Unknown,Unknown,Unknown,Unknown,Unknown,Unknown,0.0,0.0,0,0.0,0.0,11.0,76.0,2.0,3.3043478260869565
1602,1,159,6425.14,40.4096855345912,2690,16.91823899371069,696.17,0.10835094643852117,1286,144,44.61902777777778,4.0,0.025157232704402517,Unknown,Unknown,Unknown,Unknown,Unknown,Unknown,Unknown,2.0,2.0,1,0.012578616352201259,2.0,13.0,133.0,2.0,0.8364779874213837
1603,141,11,492.72,44.79272727272728,284,25.818181818181817,138.16,0.28040266276993014,195,11,44.79272727272728,0.0,0.0,Unknown,Unknown,Unknown,Unknown,Unknown,Unknown,Unknown,8.0,2.0,0,0.7272727272727273,0.0,17.0,182.0,2.0,16.545454545454547
1604,0,156,818.41,5.246217948717948,441,2.826923076923077,95.17999999999999,0.11629867670238633,186,148,5.529797297297297,0.0,0.0,Age Group3,Y,Level4,Probable Owner,Group5,2,None/Unknown,0.0,0.0,0,0.0,0.0,11.0,76.0,2.0,0.48717948717948717
1605,9,57,729.22,12.793333333333333,436,7.649122807017544,195.57,0.2681906694824607,335,56,13.021785714285715,0.0,0.0,Unknown,Unknown,Unknown,Unknown,Unknown,Unknown,Unknown,3.0,1.0,0,0.05263157894736842,0.0,10.0,65.0,2.0,1.1403508771929824
1606,16,21,1131.91,53.9004761904762,446,21.238095238095237,208.89,0.18454647454302903,227,19,59.574210526315795,0.0,0.0,Unknown,Unknown,Unknown,Unknown,Unknown,Unknown,Unknown,1.0,1.0,0,0.047619047619047616,0.0,12.0,111.0,2.0,5.285714285714286
1607,1,138,3882.88,28.1368115942029,1885,13.659420289855072,2423.6,0.6241758694577221,150,121,32.0899173553719,0.0,0.0,Unknown,Unknown,Unknown,Unknown,Unknown,Unknown,Unknown,0.0,0.0,0,0.0,0.0,9.0,73.0,2.0,0.5289855072463768
1608,24,40,1399.89,34.99725,15204,380.1,414.59,0.2961589839201651,484,38,36.83921052631579,0.0,0.0,Unknown,Unknown,Unknown,Unknown,Unknown,Unknown,Unknown,5.0,1.0,0,0.125,0.0,9.0,50.0,2.0,1.25
1609,0,412,27859.68,67.62058252427184,2146715,5210.473300970873,2431.2,0.08726589824434451,1592,327,85.19779816513761,4.0,0.009708737864077669,Age Group4,X,Level8,Homeowner,Group4,5+,3+,0.0,0.0,1,0.0,0.0,13.0,107.0,2.0,0.25970873786407767
1610,245,11,164.49,14.953636363636365,64,5.818181818181818,20.64,0.12547875250775123,52,8,20.56125,0.0,0.0,Unknown,Unknown,Unknown,Unknown,Unknown,Unknown,Unknown,3.0,2.0,0,0.2727272727272727,0.0,21.0,203.0,2.0,18.454545454545453
1611,4,51,677.46,13.283529411764707,12914,253.2156862745098,105.35,0.15550733622649307,238,45,15.054666666666668,0.0,0.0,Unknown,Unknown,Unknown,Unknown,Unknown,Unknown,Unknown,0.0,0.0,0,0.0,0.0,6.0,34.0,2.0,0.6666666666666666
1612,0,151,8429.05,55.821523178807944,662221,4385.569536423841,931.0,0.11045135572810698,1207,129,65.34147286821705,0.0,0.0,Unknown,Unknown,Unknown,Unknown,Unknown,Unknown,Unknown,0.0,0.0,0,0.0,0.0,10.0,86.0,2.0,0.5695364238410596
1613,5,136,6699.49,49.26095588235294,3050,22.426470588235293,917.47,0.13694624516194517,918,122,54.91385245901639,0.0,0.0,Unknown,Unknown,Unknown,Unknown,Unknown,Unknown,Unknown,0.0,0.0,0,0.0,0.0,21.0,196.0,2.0,1.4411764705882353
1614,13,75,518.16,6.908799999999999,6724,89.65333333333334,66.55,0.1284352323606608,113,69,7.5095652173913034,0.0,0.0,Unknown,Unknown,Unknown,Unknown,Unknown,Unknown,Unknown,7.0,2.0,0,0.09333333333333334,0.0,13.0,146.0,2.0,1.9466666666666668
1615,51,42,869.28,20.697142857142858,5504,131.04761904761904,192.81,0.22180425179458862,251,37,23.494054054054054,0.0,0.0,Unknown,Unknown,Unknown,Unknown,Unknown,Unknown,Unknown,0.0,0.0,0,0.0,0.0,10.0,52.0,2.0,1.2380952380952381
1616,79,38,1235.72,32.51894736842105,5696,149.89473684210526,245.1,0.1983459036027579,384,37,33.39783783783784,0.0,0.0,Unknown,Unknown,Unknown,Unknown,Unknown,Unknown,Unknown,1.0,1.0,0,0.02631578947368421,0.0,13.0,92.0,2.0,2.4210526315789473
1617,24,104,4067.8,39.11346153846154,10660,102.5,706.45,0.173668813609322,674,75,54.23733333333334,0.0,0.0,Unknown,Unknown,Unknown,Unknown,Unknown,Unknown,Unknown,0.0,0.0,0,0.0,0.0,10.0,113.0,2.0,1.0865384615384615
1618,0,99,4562.4800000000005,46.08565656565657,358309,3619.282828282828,480.21999999999997,0.10525416001823568,625,88,51.84636363636364,8.0,0.08080808080808081,Age Group3,X,Level6,Homeowner,Group3,2,None/Unknown,8.0,2.0,1,0.08080808080808081,1.0,14.0,123.0,2.0,1.2424242424242424
1619,3,185,4454.7300000000005,24.079621621621623,411778,2225.827027027027,603.68,0.1355143858325869,702,170,26.204294117647063,0.0,0.0,Unknown,Unknown,Unknown,Unknown,Unknown,Unknown,Unknown,5.0,2.0,0,0.02702702702702703,0.0,17.0,157.0,2.0,0.8486486486486486
1620,3,337,9219.35,27.35712166172107,420963,1249.1483679525222,2339.95,0.25380856567979304,1680,269,34.27267657992565,0.0,0.0,Unknown,Unknown,Unknown,Unknown,Unknown,Unknown,Unknown,3.0,1.0,0,0.008902077151335312,0.0,17.0,146.0,2.0,0.4332344213649852
1621,2,90,3231.48,35.90533333333333,30093,334.3666666666667,654.57,0.20256043670392515,788,77,41.96727272727273,0.0,0.0,Unknown,Unknown,Unknown,Unknown,Unknown,Unknown,Unknown,9.0,3.0,0,0.1,0.0,17.0,182.0,2.0,2.022222222222222
1622,0,106,3844.31,36.267075471698114,100212,945.3962264150944,957.82,0.2491526437774269,646,91,42.245164835164836,0.0,0.0,Unknown,Unknown,Unknown,Unknown,Unknown,Unknown,Unknown,2.0,1.0,0,0.018867924528301886,0.0,12.0,118.0,2.0,1.1132075471698113
1623,1,180,4733.62,26.297888888888888,142185,789.9166666666666,932.83,0.19706482565140424,821,124,38.174354838709675,0.0,0.0,Unknown,Unknown,Unknown,Unknown,Unknown,Unknown,Unknown,3.0,2.0,0,0.016666666666666666,0.0,16.0,152.0,2.0,0.8444444444444444
1624,28,82,1567.81,19.11963414634146,641,7.817073170731708,243.33,0.15520375555711471,271,70,22.397285714285715,0.0,0.0,Unknown,Unknown,Unknown,Unknown,Unknown,Unknown,Unknown,0.0,0.0,0,0.0,0.0,16.0,148.0,2.0,1.8048780487804879
1625,10,41,464.64,11.332682926829268,241,5.878048780487805,66.89,0.14396091597796143,161,36,12.906666666666666,0.0,0.0,Unknown,Unknown,Unknown,Unknown,Unknown,Unknown,Unknown,1.0,1.0,0,0.024390243902439025,0.0,11.0,86.0,2.0,2.097560975609756
1626,272,2,42.959999999999994,21.479999999999997,8,4.0,2.16,0.05027932960893856,8,2,21.479999999999997,0.0,0.0,Unknown,Unknown,Unknown,Unknown,Unknown,Unknown,Unknown,0.0,0.0,0,0.0,0.0,8.0,65.0,2.0,32.5
1627,0,114,3484.02,30.56157894736842,230666,2023.3859649122808,508.31,0.14589755512310493,477,91,38.285934065934065,1.0,0.008771929824561403,Age Group2,Y,Level4,Unknown,Group2,1,None/Unknown,0.0,0.0,1,0.0,0.0,2.0,3.0,1.0,0.02631578947368421
1628,9,18,546.78,30.376666666666665,199,11.055555555555555,80.61,0.14742675299023375,136,18,30.376666666666665,0.0,0.0,Unknown,Unknown,Unknown,Unknown,Unknown,Unknown,Unknown,2.0,2.0,0,0.1111111111111111,0.0,18.0,131.0,2.0,7.277777777777778
1629,48,9,590.71,65.63444444444445,261,29.0,79.53,0.13463459227031876,182,9,65.63444444444445,0.0,0.0,Unknown,Unknown,Unknown,Unknown,Unknown,Unknown,Unknown,0.0,0.0,0,0.0,0.0,9.0,70.0,2.0,7.777777777777778
1630,1,188,9265.32,49.28361702127659,2897,15.409574468085106,1530.5,0.16518587593304926,766,181,51.189613259668505,3.0,0.015957446808510637,Unknown,Unknown,Unknown,Unknown,Unknown,Unknown,Unknown,0.0,0.0,1,0.0,0.0,8.0,76.0,2.0,0.40425531914893614
1631,0,353,10427.21,29.53883852691218,14964,42.390934844192635,2606.53,0.24997386645133265,1776,274,38.05551094890511,0.0,0.0,Age Group1,Z,Level1,Renter,Group1,4,3+,5.0,2.0,0,0.014164305949008499,0.0,16.0,158.0,2.0,0.4475920679886686
1632,38,64,2104.91,32.88921875,118518,1851.84375,287.32,0.13649989785786568,314,60,35.08183333333333,0.0,0.0,Unknown,Unknown,Unknown,Unknown,Unknown,Unknown,Unknown,7.0,3.0,0,0.109375,0.0,19.0,164.0,2.0,2.5625
1633,5,219,10162.78,46.40538812785388,212058,968.3013698630137,1883.04,0.18528788382706304,1579,178,57.09426966292135,11.0,0.0502283105022831,Age Group4,X,Level5,Homeowner,Group5,2,None/Unknown,1.0,1.0,1,0.0045662100456621,11.0,13.0,108.0,2.0,0.4931506849315068
1634,2,85,4616.14,54.30752941176471,4993,58.741176470588236,928.76,0.2011984038612347,891,78,59.181282051282054,2.0,0.023529411764705882,Age Group2,X,Level4,Homeowner,Group4,5+,3+,12.0,3.0,1,0.1411764705882353,0.16666666666666666,21.0,194.0,2.0,2.2823529411764705
1635,48,20,128.98,6.449,56,2.8,24.43,0.1894092107303458,40,17,7.587058823529411,0.0,0.0,Unknown,Unknown,Unknown,Unknown,Unknown,Unknown,Unknown,4.0,2.0,0,0.2,0.0,16.0,138.0,2.0,6.9
1636,1,22,1197.77,54.44409090909091,613,27.863636363636363,224.13,0.18712273641851107,266,20,59.8885,0.0,0.0,Unknown,Unknown,Unknown,Unknown,Unknown,Unknown,Unknown,0.0,0.0,0,0.0,0.0,6.0,29.0,2.0,1.3181818181818181
1637,0,66,1170.13,17.729242424242425,18276,276.90909090909093,411.91,0.3520207156469794,117,61,19.182459016393445,0.0,0.0,Unknown,Unknown,Unknown,Unknown,Unknown,Unknown,Unknown,0.0,0.0,0,0.0,0.0,10.0,102.0,2.0,1.5454545454545454
1638,15,51,552.18,10.827058823529411,452,8.862745098039216,189.55,0.34327574341700173,204,46,12.00391304347826,0.0,0.0,Unknown,Unknown,Unknown,Unknown,Unknown,Unknown,Unknown,0.0,0.0,0,0.0,0.0,10.0,58.0,2.0,1.1372549019607843
1639,0,110,2578.1,23.437272727272727,1409,12.809090909090909,484.65,0.1879872774523874,626,91,28.33076923076923,0.0,0.0,Unknown,Unknown,Unknown,Unknown,Unknown,Unknown,Unknown,0.0,0.0,0,0.0,0.0,11.0,82.0,2.0,0.7454545454545455
1640,0,151,4410.1,29.205960264900664,261456,1731.4966887417218,721.39,0.1635767896419582,645,119,37.05966386554622,0.0,0.0,Unknown,Unknown,Unknown,Unknown,Unknown,Unknown,Unknown,4.0,2.0,0,0.026490066225165563,0.0,10.0,135.0,2.0,0.8940397350993378
1641,4,47,577.62,12.289787234042553,40075,852.6595744680851,108.67,0.18813406737993837,169,42,13.752857142857144,0.0,0.0,Unknown,Unknown,Unknown,Unknown,Unknown,Unknown,Unknown,5.0,2.0,0,0.10638297872340426,0.0,13.0,141.0,2.0,3.0
1642,6,125,2096.12,16.76896,5460,43.68,536.97,0.2561733106883194,355,117,17.915555555555553,2.0,0.016,Unknown,Unknown,Unknown,Unknown,Unknown,Unknown,Unknown,0.0,0.0,1,0.0,0.0,12.0,72.0,2.0,0.576
1643,9,46,1461.4,31.769565217391307,40830,887.6086956521739,320.86,0.21955658957164362,402,39,37.47179487179488,0.0,0.0,Unknown,Unknown,Unknown,Unknown,Unknown,Unknown,Unknown,7.0,2.0,0,0.15217391304347827,0.0,12.0,99.0,2.0,2.152173913043478
1644,0,26,397.48,15.287692307692309,10427,401.03846153846155,63.35,0.15937908825601288,88,15,26.49866666666667,0.0,0.0,Unknown,Unknown,Unknown,Unknown,Unknown,Unknown,Unknown,0.0,0.0,0,0.0,0.0,10.0,103.0,2.0,3.9615384615384617
1645,45,8,296.52,37.065,93,11.625,63.47,0.2140496425198975,67,7,42.36,0.0,0.0,Unknown,Unknown,Unknown,Unknown,Unknown,Unknown,Unknown,0.0,0.0,0,0.0,0.0,10.0,57.0,2.0,7.125
1646,12,68,1553.53,22.846029411764704,410,6.029411764705882,148.82,0.09579473843440423,156,60,25.892166666666665,0.0,0.0,Unknown,Unknown,Unknown,Unknown,Unknown,Unknown,Unknown,0.0,0.0,0,0.0,0.0,10.0,40.0,2.0,0.5882352941176471
1647,38,12,50.49,4.2075000000000005,29,2.4166666666666665,9.120000000000001,0.18062982768865124,22,12,4.2075000000000005,0.0,0.0,Unknown,Unknown,Unknown,Unknown,Unknown,Unknown,Unknown,1.0,1.0,0,0.08333333333333333,0.0,11.0,65.0,2.0,5.416666666666667
1648,27,116,5250.36,45.26172413793103,539411,4650.0948275862065,1096.65,0.20887139167599938,818,95,55.26694736842105,5.0,0.04310344827586207,Age Group3,Y,Level2,Probable Renter,Group3,1,None/Unknown,0.0,0.0,1,0.0,0.0,7.0,18.0,2.0,0.15517241379310345
1649,0,48,1132.4,23.59166666666667,13586,283.0416666666667,163.36,0.14425997880607558,260,47,24.093617021276597,0.0,0.0,Age Group3,Z,Level9,Homeowner,Group2,1,None/Unknown,7.0,3.0,0,0.14583333333333334,0.0,15.0,147.0,2.0,3.0625
1650,6,106,2259.16,21.312830188679243,918,8.660377358490566,377.13,0.16693372758016256,418,95,23.780631578947368,0.0,0.0,Age Group4,X,Level6,Homeowner,Group4,3,1,0.0,0.0,0,0.0,0.0,15.0,92.0,2.0,0.8679245283018868
1651,0,65,2025.08,31.155076923076923,715,11.0,337.38,0.16660082564639422,433,61,33.19803278688524,7.0,0.1076923076923077,Unknown,Unknown,Unknown,Unknown,Unknown,Unknown,Unknown,0.0,0.0,1,0.0,0.0,15.0,117.0,2.0,1.8
1652,3,39,946.0,24.256410256410255,307,7.871794871794871,139.23,0.14717758985200843,230,37,25.56756756756757,0.0,0.0,Unknown,Unknown,Unknown,Unknown,Unknown,Unknown,Unknown,1.0,1.0,0,0.02564102564102564,0.0,18.0,134.0,2.0,3.4358974358974357
1653,1,541,19153.75,35.404343807763404,1065654,1969.7855822550832,4262.47,0.22253971154473667,2407,373,51.35053619302949,1.0,0.0018484288354898336,Age Group3,Z,Level1,Homeowner,Group3,1,None/Unknown,0.0,0.0,1,0.0,0.0,10.0,75.0,2.0,0.13863216266173753
1654,32,40,786.53,19.663249999999998,26057,651.425,63.42,0.08063265228281184,166,38,20.69815789473684,0.0,0.0,Unknown,Unknown,Unknown,Unknown,Unknown,Unknown,Unknown,10.0,3.0,0,0.25,0.0,17.0,196.0,2.0,4.9
1655,0,41,502.77,12.262682926829267,255,6.219512195121951,99.08,0.19706824193965433,179,23,21.859565217391303,0.0,0.0,Unknown,Unknown,Unknown,Unknown,Unknown,Unknown,Unknown,0.0,0.0,0,0.0,0.0,12.0,74.0,2.0,1.8048780487804879
1656,51,10,458.22,45.822,127,12.7,47.68,0.10405482082842302,83,10,45.822,0.0,0.0,Unknown,Unknown,Unknown,Unknown,Unknown,Unknown,Unknown,0.0,0.0,0,0.0,0.0,10.0,87.0,2.0,8.7
1657,30,50,647.9,12.958,42198,843.96,46.8,0.07223336934712146,101,27,23.996296296296297,0.0,0.0,Unknown,Unknown,Unknown,Unknown,Unknown,Unknown,Unknown,0.0,0.0,0,0.0,0.0,7.0,40.0,2.0,0.8
1658,4,69,1778.67,25.777826086956523,736,10.666666666666666,299.05,0.16813124413185132,255,58,30.666724137931034,0.0,0.0,Unknown,Unknown,Unknown,Unknown,Unknown,Unknown,Unknown,0.0,0.0,0,0.0,0.0,12.0,53.0,2.0,0.7681159420289855
1659,2,130,2820.61,21.697000000000003,13868,106.67692307692307,600.62,0.2129397541666519,721,119,23.702605042016806,0.0,0.0,Unknown,Unknown,Unknown,Unknown,Unknown,Unknown,Unknown,0.0,0.0,0,0.0,0.0,9.0,93.0,2.0,0.7153846153846154
1660,7,62,2045.5,32.99193548387097,12457,200.91935483870967,550.3100000000001,0.2690344659007578,491,52,39.33653846153846,0.0,0.0,Unknown,Unknown,Unknown,Unknown,Unknown,Unknown,Unknown,6.0,2.0,0,0.0967741935483871,0.0,16.0,147.0,2.0,2.370967741935484
1661,2,44,1425.4,32.39545454545455,71695,1629.4318181818182,127.74,0.08961694962817454,298,43,33.14883720930233,0.0,0.0,Unknown,Unknown,Unknown,Unknown,Unknown,Unknown,Unknown,1.0,1.0,0,0.022727272727272728,0.0,11.0,110.0,2.0,2.5
1662,9,83,8617.94,103.83060240963856,3588,43.2289156626506,1532.05,0.17777450295546265,1298,78,110.48641025641027,0.0,0.0,Age Group3,Y,Level9,Homeowner,Group5,2,None/Unknown,0.0,0.0,0,0.0,0.0,11.0,98.0,2.0,1.180722891566265
1663,2,196,1834.06,9.357448979591837,470438,2400.1938775510203,95.01,0.05180310349715931,243,162,11.321358024691358,0.0,0.0,Unknown,Unknown,Unknown,Unknown,Unknown,Unknown,Unknown,11.0,2.0,0,0.05612244897959184,0.0,19.0,177.0,2.0,0.9030612244897959
1664,14,41,2194.31,53.51975609756097,72202,1761.0243902439024,586.01,0.26705889322839527,451,30,73.14366666666666,0.0,0.0,Unknown,Unknown,Unknown,Unknown,Unknown,Unknown,Unknown,2.0,2.0,0,0.04878048780487805,0.0,11.0,63.0,2.0,1.5365853658536586
1665,4,108,1556.84,14.415185185185184,68357,632.9351851851852,508.48,0.3266103131985304,379,92,16.922173913043476,0.0,0.0,Unknown,Unknown,Unknown,Unknown,Unknown,Unknown,Unknown,0.0,0.0,0,0.0,0.0,11.0,116.0,2.0,1.0740740740740742
1666,37,82,1078.47,13.152073170731708,4153,50.646341463414636,150.92000000000002,0.13993898763989726,162,73,14.773561643835617,0.0,0.0,Unknown,Unknown,Unknown,Unknown,Unknown,Unknown,Unknown,0.0,0.0,0,0.0,0.0,13.0,106.0,2.0,1.2926829268292683
1667,10,42,891.1,21.21666666666667,448,10.666666666666666,321.86,0.3611940298507463,211,26,34.27307692307692,0.0,0.0,Unknown,Unknown,Unknown,Unknown,Unknown,Unknown,Unknown,1.0,1.0,0,0.023809523809523808,0.0,8.0,72.0,2.0,1.7142857142857142
1668,15,94,2283.69,24.294574468085106,111714,1188.4468085106382,194.65,0.08523486112388284,490,76,30.048552631578946,0.0,0.0,Unknown,Unknown,Unknown,Unknown,Unknown,Unknown,Unknown,1.0,1.0,0,0.010638297872340425,0.0,10.0,94.0,2.0,1.0
1669,8,10,297.97,29.797000000000004,125,12.5,49.04,0.1645803268785448,74,9,33.107777777777784,0.0,0.0,Unknown,Unknown,Unknown,Unknown,Unknown,Unknown,Unknown,2.0,2.0,0,0.2,0.0,15.0,141.0,2.0,14.1
1670,87,19,96.48,5.077894736842105,2336,122.94736842105263,11.28,0.11691542288557213,52,17,5.675294117647059,0.0,0.0,Unknown,Unknown,Unknown,Unknown,Unknown,Unknown,Unknown,0.0,0.0,0,0.0,0.0,10.0,44.0,2.0,2.3157894736842106
1671,1,38,1420.41,37.379210526315795,703,18.5,214.52,0.15102681620095607,422,38,37.379210526315795,0.0,0.0,Unknown,Unknown,Unknown,Unknown,Unknown,Unknown,Unknown,0.0,0.0,0,0.0,0.0,8.0,36.0,2.0,0.9473684210526315
1672,10,75,1718.08,22.907733333333333,18565,247.53333333333333,301.54,0.17550987148444777,460,63,27.27111111111111,0.0,0.0,Unknown,Unknown,Unknown,Unknown,Unknown,Unknown,Unknown,2.0,2.0,0,0.02666666666666667,0.0,10.0,107.0,2.0,1.4266666666666667
1673,18,110,4773.85,43.39863636363636,263916,2399.2363636363634,842.33,0.17644668349445417,959,91,52.45989010989011,0.0,0.0,Unknown,Unknown,Unknown,Unknown,Unknown,Unknown,Unknown,2.0,1.0,0,0.01818181818181818,0.0,16.0,120.0,2.0,1.0909090909090908
1674,292,8,120.28,15.035,103,12.875,80.45,0.668856002660459,53,8,15.035,0.0,0.0,Unknown,Unknown,Unknown,Unknown,Unknown,Unknown,Unknown,5.0,2.0,0,0.625,0.0,14.0,169.0,2.0,21.125
1675,78,102,4862.09,47.66754901960785,75288,738.1176470588235,1467.71,0.3018681266698066,815,96,50.646770833333335,1.0,0.00980392156862745,Unknown,Unknown,Unknown,Unknown,Unknown,Unknown,Unknown,0.0,0.0,1,0.0,0.0,6.0,25.0,2.0,0.24509803921568626
1676,5,97,5203.43,53.643608247422684,207479,2138.958762886598,772.06,0.14837520635427015,947,84,61.945595238095244,2.0,0.020618556701030927,Age Group3,Y,Level6,Unknown,Group5,2,None/Unknown,8.0,2.0,1,0.08247422680412371,0.25,15.0,148.0,2.0,1.5257731958762886
1677,7,193,12559.61,65.07569948186529,4456,23.088082901554404,1813.43,0.1443858527454276,1508,171,73.44801169590643,5.0,0.025906735751295335,Age Group4,X,Level6,Homeowner,Group5,2,None/Unknown,6.0,2.0,1,0.031088082901554404,0.8333333333333334,14.0,151.0,2.0,0.7823834196891192
1678,12,79,2613.9900000000002,33.08848101265823,9977,126.29113924050633,393.63,0.15058588594447567,625,70,37.34271428571429,0.0,0.0,Age Group4,Y,Level6,Unknown,Group3,1,None/Unknown,12.0,3.0,0,0.1518987341772152,0.0,16.0,189.0,2.0,2.392405063291139
1679,2,47,276.13,5.875106382978723,145,3.0851063829787235,51.75,0.1874117263607721,78,33,8.367575757575757,0.0,0.0,Unknown,Unknown,Unknown,Unknown,Unknown,Unknown,Unknown,4.0,2.0,0,0.0851063829787234,0.0,13.0,133.0,2.0,2.8297872340425534
1680,23,51,2039.68,39.99372549019608,894,17.529411764705884,567.01,0.27798968465641666,560,51,39.99372549019608,0.0,0.0,Age Group2,X,Level2,Homeowner,Group4,3,1,0.0,0.0,0,0.0,0.0,8.0,46.0,2.0,0.9019607843137255
1681,67,90,2602.28,28.914222222222225,104692,1163.2444444444445,419.82,0.16132775873464805,447,81,32.126913580246914,0.0,0.0,Unknown,Unknown,Unknown,Unknown,Unknown,Unknown,Unknown,0.0,0.0,0,0.0,0.0,14.0,128.0,2.0,1.4222222222222223
1682,8,10,158.93,15.893,7982,798.2,21.64,0.13616057383753855,49,9,17.65888888888889,0.0,0.0,Unknown,Unknown,Unknown,Unknown,Unknown,Unknown,Unknown,2.0,2.0,0,0.2,0.0,15.0,114.0,2.0,11.4
1683,8,86,1920.99,22.337093023255814,12271,142.6860465116279,275.36,0.1433427555583319,414,81,23.715925925925927,0.0,0.0,Unknown,Unknown,Unknown,Unknown,Unknown,Unknown,Unknown,0.0,0.0,0,0.0,0.0,7.0,25.0,2.0,0.29069767441860467
1684,4,50,1449.58,28.9916,4091,81.82,192.69,0.13292815850108308,333,46,31.512608695652172,0.0,0.0,Unknown,Unknown,Unknown,Unknown,Unknown,Unknown,Unknown,4.0,2.0,0,0.08,0.0,17.0,126.0,2.0,2.52
1685,4,97,1571.3700000000001,16.199690721649485,652,6.721649484536083,218.56,0.13908882058331265,419,84,18.706785714285715,0.0,0.0,Unknown,Unknown,Unknown,Unknown,Unknown,Unknown,Unknown,0.0,0.0,0,0.0,0.0,13.0,100.0,2.0,1.0309278350515463
1686,0,95,1313.76,13.829052631578948,12876,135.53684210526316,324.91,0.24731305565704545,350,86,15.276279069767442,0.0,0.0,Age Group4,Y,Level2,Homeowner,Group5,2,None/Unknown,2.0,1.0,0,0.021052631578947368,0.0,13.0,113.0,2.0,1.1894736842105262
1687,6,106,3766.27,35.53084905660377,1587,14.971698113207546,691.04,0.18348126926640945,744,103,36.565728155339805,9.0,0.08490566037735849,Unknown,Unknown,Unknown,Unknown,Unknown,Unknown,Unknown,1.0,1.0,1,0.009433962264150943,9.0,13.0,99.0,2.0,0.9339622641509434
1688,28,36,971.12,26.975555555555555,36357,1009.9166666666666,255.57,0.26317035999670485,236,33,29.42787878787879,0.0,0.0,Unknown,Unknown,Unknown,Unknown,Unknown,Unknown,Unknown,6.0,3.0,0,0.16666666666666666,0.0,13.0,138.0,2.0,3.8333333333333335
1689,1,122,2711.79,22.2277868852459,115654,947.983606557377,632.17,0.23311908370485915,386,111,24.43054054054054,0.0,0.0,Age Group4,Y,Level5,Unknown,Group6,1,None/Unknown,0.0,0.0,0,0.0,0.0,13.0,95.0,2.0,0.7786885245901639
1690,16,59,1508.04,25.56,708,12.0,342.87,0.22736134320044563,354,47,32.08595744680851,0.0,0.0,Unknown,Unknown,Unknown,Unknown,Unknown,Unknown,Unknown,2.0,1.0,0,0.03389830508474576,0.0,13.0,109.0,2.0,1.847457627118644
1691,1,50,2283.69,45.6738,953,19.06,442.29,0.19367339700222008,515,48,47.576875,0.0,0.0,Unknown,Unknown,Unknown,Unknown,Unknown,Unknown,Unknown,0.0,0.0,0,0.0,0.0,12.0,112.0,2.0,2.24
1692,1,150,2017.18,13.447866666666668,111804,745.36,683.76,0.3389682626240593,657,123,16.399837398373986,0.0,0.0,Age Group3,Y,Level5,Unknown,Group6,1,None/Unknown,0.0,0.0,0,0.0,0.0,11.0,123.0,2.0,0.82
1693,1,164,8354.55,50.94237804878048,98652,601.5365853658536,1224.44,0.14655965910791127,1482,147,56.83367346938775,2.0,0.012195121951219513,Age Group2,X,Level4,Homeowner,Group4,3,1,3.0,1.0,1,0.018292682926829267,0.6666666666666666,15.0,125.0,2.0,0.7621951219512195
1694,0,249,8055.47,32.35128514056225,324974,1305.1164658634539,1558.44,0.19346357195793665,992,166,48.526927710843374,7.0,0.028112449799196786,Age Group3,Y,Level2,Probable Renter,Group3,1,None/Unknown,7.0,3.0,1,0.028112449799196786,1.0,19.0,193.0,2.0,0.7751004016064257
1695,1,160,1174.56,7.340999999999999,32993,206.20625,272.44,0.23195068791717752,333,140,8.389714285714286,0.0,0.0,Age Group3,Y,Level3,Homeowner,Group2,1,None/Unknown,9.0,3.0,0,0.05625,0.0,15.0,147.0,2.0,0.91875
1696,7,62,2640.01,42.58080645161291,1022,16.483870967741936,263.86,0.0999465911113973,576,60,44.00016666666667,0.0,0.0,Age Group4,X,Level5,Homeowner,Group4,3,1,1.0,1.0,0,0.016129032258064516,0.0,12.0,95.0,2.0,1.532258064516129
1697,13,42,949.01,22.59547619047619,9711,231.21428571428572,178.57,0.1881645082770466,224,40,23.72525,0.0,0.0,Unknown,Unknown,Unknown,Unknown,Unknown,Unknown,Unknown,5.0,2.0,0,0.11904761904761904,0.0,15.0,139.0,2.0,3.3095238095238093
1698,9,38,1757.51,46.250263157894736,965,25.394736842105264,242.15,0.13778015487820838,537,32,54.9221875,0.0,0.0,Unknown,Unknown,Unknown,Unknown,Unknown,Unknown,Unknown,0.0,0.0,0,0.0,0.0,8.0,84.0,2.0,2.210526315789474
1699,13,29,1064.84,36.71862068965517,411,14.172413793103448,370.37,0.34781751249013937,193,25,42.593599999999995,0.0,0.0,Unknown,Unknown,Unknown,Unknown,Unknown,Unknown,Unknown,0.0,0.0,0,0.0,0.0,10.0,119.0,2.0,4.103448275862069
1700,34,33,1606.69,48.68757575757576,820,24.848484848484848,374.81,0.23328084446906372,431,29,55.403103448275864,0.0,0.0,Unknown,Unknown,Unknown,Unknown,Unknown,Unknown,Unknown,0.0,0.0,0,0.0,0.0,10.0,78.0,2.0,2.3636363636363638
1701,27,31,1390.28,44.84774193548387,137408,4432.5161290322585,105.82,0.07611416405328422,215,28,49.652857142857144,0.0,0.0,Unknown,Unknown,Unknown,Unknown,Unknown,Unknown,Unknown,0.0,0.0,0,0.0,0.0,11.0,84.0,2.0,2.7096774193548385
1702,55,30,1927.05,64.235,850,28.333333333333332,392.27,0.2035598453594873,363,28,68.82321428571429,0.0,0.0,Unknown,Unknown,Unknown,Unknown,Unknown,Unknown,Unknown,0.0,0.0,0,0.0,0.0,11.0,83.0,2.0,2.7666666666666666
1703,3,233,4648.88,19.95227467811159,2564,11.004291845493562,702.14,0.15103422759890553,848,173,26.8721387283237,0.0,0.0,Unknown,Unknown,Unknown,Unknown,Unknown,Unknown,Unknown,0.0,0.0,0,0.0,0.0,10.0,88.0,2.0,0.3776824034334764
1704,1,46,400.83,8.713695652173913,11018,239.52173913043478,76.64,0.1912032532495073,151,35,11.452285714285713,0.0,0.0,Unknown,Unknown,Unknown,Unknown,Unknown,Unknown,Unknown,5.0,3.0,0,0.10869565217391304,0.0,12.0,141.0,2.0,3.0652173913043477
1705,2,176,1805.93,10.26096590909091,7815,44.40340909090909,345.24,0.19117020039536417,649,148,12.20222972972973,0.0,0.0,Unknown,Unknown,Unknown,Unknown,Unknown,Unknown,Unknown,0.0,0.0,0,0.0,0.0,9.0,47.0,2.0,0.26704545454545453
1706,20,18,360.07,20.003888888888888,197,10.944444444444445,66.64,0.18507512428138972,155,17,21.180588235294117,0.0,0.0,Unknown,Unknown,Unknown,Unknown,Unknown,Unknown,Unknown,7.0,3.0,0,0.3888888888888889,0.0,15.0,130.0,2.0,7.222222222222222
1707,2,749,6580.49,8.785700934579438,3255,4.345794392523365,1004.17,0.1525980588071709,1109,389,16.916426735218508,1.0,0.0013351134846461949,Age Group3,Z,Level3,Unknown,Group3,1,None/Unknown,0.0,0.0,1,0.0,0.0,10.0,67.0,2.0,0.08945260347129506
1708,11,58,3571.6,61.57931034482758,1817,31.32758620689655,1054.14,0.2951450330384142,628,55,64.93818181818182,3.0,0.05172413793103448,Age Group4,Y,Level3,Unknown,Group3,1,None/Unknown,8.0,2.0,1,0.13793103448275862,0.375,16.0,182.0,2.0,3.1379310344827585
1709,4,87,2141.64,24.61655172413793,50994,586.1379310344828,473.56,0.22112026297603707,519,76,28.179473684210524,0.0,0.0,Age Group2,X,Level4,Unknown,Group4,3,1,3.0,1.0,0,0.034482758620689655,0.0,12.0,120.0,2.0,1.3793103448275863
1710,6,215,11984.59,55.74227906976744,407640,1896.0,2036.09,0.1698923367424334,1331,151,79.36814569536423,4.0,0.018604651162790697,Age Group3,X,Level9,Homeowner,Group2,2,None/Unknown,1.0,1.0,1,0.004651162790697674,4.0,15.0,144.0,2.0,0.6697674418604651
1711,66,11,664.98,60.45272727272727,14081,1280.090909090909,160.8,0.24181178381304702,173,10,66.498,0.0,0.0,Unknown,Unknown,Unknown,Unknown,Unknown,Unknown,Unknown,10.0,2.0,0,0.9090909090909091,0.0,19.0,180.0,2.0,16.363636363636363
1712,21,33,728.93,22.088787878787876,344,10.424242424242424,137.89,0.1891676841397665,243,20,36.4465,0.0,0.0,Unknown,Unknown,Unknown,Unknown,Unknown,Unknown,Unknown,0.0,0.0,0,0.0,0.0,12.0,83.0,2.0,2.515151515151515
1713,7,37,1733.81,46.85972972972973,647,17.486486486486488,184.35,0.10632652943517455,197,33,52.53969696969697,0.0,0.0,Unknown,Unknown,Unknown,Unknown,Unknown,Unknown,Unknown,0.0,0.0,0,0.0,0.0,14.0,93.0,2.0,2.5135135135135136
1714,58,9,264.72,29.413333333333338,124,13.777777777777779,49.67,0.18763221517074644,75,9,29.413333333333338,0.0,0.0,Unknown,Unknown,Unknown,Unknown,Unknown,Unknown,Unknown,0.0,0.0,0,0.0,0.0,10.0,58.0,2.0,6.444444444444445
1715,1,53,983.53,18.557169811320755,412,7.773584905660377,129.49,0.1316584140798959,333,51,19.284901960784314,0.0,0.0,Unknown,Unknown,Unknown,Unknown,Unknown,Unknown,Unknown,0.0,0.0,0,0.0,0.0,9.0,44.0,2.0,0.8301886792452831
1716,9,180,1950.26,10.834777777777777,17002,94.45555555555555,289.14,0.14825715545619558,577,127,15.356377952755905,0.0,0.0,Unknown,Unknown,Unknown,Unknown,Unknown,Unknown,Unknown,0.0,0.0,0,0.0,0.0,12.0,123.0,2.0,0.6833333333333333
1717,0,88,1757.9,19.976136363636364,15913,180.82954545454547,672.14,0.3823539450480687,244,85,20.681176470588237,2.0,0.022727272727272728,Unknown,Unknown,Unknown,Unknown,Unknown,Unknown,Unknown,4.0,3.0,1,0.045454545454545456,0.5,15.0,140.0,2.0,1.5909090909090908
1718,0,35,868.69,24.819714285714287,316,9.028571428571428,129.69,0.14929376417364076,244,34,25.549705882352942,0.0,0.0,Unknown,Unknown,Unknown,Unknown,Unknown,Unknown,Unknown,1.0,1.0,0,0.02857142857142857,0.0,8.0,70.0,2.0,2.0
1719,2,83,3402.45,40.9933734939759,1499,18.06024096385542,565.43,0.16618319152375494,835,70,48.606428571428566,0.0,0.0,Unknown,Unknown,Unknown,Unknown,Unknown,Unknown,Unknown,0.0,0.0,0,0.0,0.0,11.0,98.0,2.0,1.180722891566265
1720,7,142,5755.6900000000005,40.53302816901409,44951,316.556338028169,690.75,0.12001167540294908,842,139,41.407841726618706,0.0,0.0,Age Group4,Y,Level5,Unknown,Group6,1,None/Unknown,0.0,0.0,0,0.0,0.0,18.0,159.0,2.0,1.119718309859155
1721,2,17,339.59000000000003,19.975882352941177,163,9.588235294117647,82.0,0.24146765216879176,125,16,21.224375000000002,0.0,0.0,Unknown,Unknown,Unknown,Unknown,Unknown,Unknown,Unknown,8.0,3.0,0,0.47058823529411764,0.0,18.0,154.0,2.0,9.058823529411764
1722,3,258,11229.710000000001,43.52600775193799,357356,1385.1007751937984,3153.28,0.2807979903310059,1300,171,65.6708187134503,1.0,0.003875968992248062,Age Group4,Y,Level2,Unknown,Group5,2,None/Unknown,0.0,0.0,1,0.0,0.0,9.0,51.0,2.0,0.19767441860465115
1723,31,86,4469.22,51.96767441860465,20152,234.32558139534885,257.32,0.05757604235190927,276,78,57.29769230769231,0.0,0.0,Unknown,Unknown,Unknown,Unknown,Unknown,Unknown,Unknown,6.0,2.0,0,0.06976744186046512,0.0,17.0,183.0,2.0,2.127906976744186
1724,21,95,2626.98,27.652421052631578,18479,194.5157894736842,367.01,0.13970795361974586,623,92,28.55413043478261,0.0,0.0,Unknown,Unknown,Unknown,Unknown,Unknown,Unknown,Unknown,3.0,1.0,0,0.031578947368421054,0.0,15.0,67.0,2.0,0.7052631578947368
1725,0,19,826.74,43.51263157894737,213,11.210526315789474,57.51,0.06956237753102547,173,18,45.93,0.0,0.0,Unknown,Unknown,Unknown,Unknown,Unknown,Unknown,Unknown,0.0,0.0,0,0.0,0.0,16.0,149.0,2.0,7.842105263157895
1726,0,182,8131.91,44.68082417582418,635793,3493.368131868132,856.03,0.10526801206604598,1031,138,58.926884057971016,27.0,0.14835164835164835,Age Group5,Y,Level6,Homeowner,Group3,1,None/Unknown,0.0,0.0,1,0.0,0.0,15.0,83.0,2.0,0.45604395604395603
1727,593,2,149.01,74.505,32645,16322.5,6.39,0.042883027984699014,18,2,74.505,0.0,0.0,Unknown,Unknown,Unknown,Unknown,Unknown,Unknown,Unknown,8.0,2.0,0,4.0,0.0,21.0,179.0,2.0,89.5
1728,5,21,1517.18,72.24666666666667,570,27.142857142857142,238.42,0.15714681184829749,360,21,72.24666666666667,0.0,0.0,Unknown,Unknown,Unknown,Unknown,Unknown,Unknown,Unknown,0.0,0.0,0,0.0,0.0,6.0,16.0,2.0,0.7619047619047619
1729,5,85,2910.61,34.24247058823529,6222,73.2,518.79,0.17824098728445237,829,78,37.31551282051282,0.0,0.0,Unknown,Unknown,Unknown,Unknown,Unknown,Unknown,Unknown,0.0,0.0,0,0.0,0.0,12.0,98.0,2.0,1.1529411764705881
1730,4,167,3509.78,21.016646706586826,1266005,7580.868263473054,41.47,0.011815555390936183,38,131,26.792213740458017,0.0,0.0,Unknown,Unknown,Unknown,Unknown,Unknown,Unknown,Unknown,6.0,2.0,0,0.03592814371257485,0.0,14.0,156.0,2.0,0.9341317365269461
1731,8,72,3451.81,47.941805555555554,92695,1287.4305555555557,949.29,0.27501223995526985,813,69,50.02623188405797,0.0,0.0,Unknown,Unknown,Unknown,Unknown,Unknown,Unknown,Unknown,0.0,0.0,0,0.0,0.0,6.0,23.0,2.0,0.3194444444444444
1732,8,98,3427.3,34.97244897959184,1622,16.551020408163264,597.13,0.17422752604090683,912,87,39.39425287356322,1.0,0.01020408163265306,Unknown,Unknown,Unknown,Unknown,Unknown,Unknown,Unknown,5.0,2.0,1,0.05102040816326531,0.2,18.0,145.0,2.0,1.4795918367346939
1733,2,34,1487.3700000000001,43.74617647058824,472,13.882352941176471,162.12,0.10899776114887351,325,31,47.97967741935484,0.0,0.0,Unknown,Unknown,Unknown,Unknown,Unknown,Unknown,Unknown,5.0,2.0,0,0.14705882352941177,0.0,17.0,160.0,2.0,4.705882352941177
1734,34,19,161.78,8.514736842105263,7427,390.89473684210526,30.89,0.19093831128693287,59,19,8.514736842105263,0.0,0.0,Unknown,Unknown,Unknown,Unknown,Unknown,Unknown,Unknown,2.0,2.0,0,0.10526315789473684,0.0,11.0,109.0,2.0,5.7368421052631575
1735,0,93,3902.77,41.965268817204304,77227,830.3978494623656,616.91,0.15806978120668141,663,85,45.914941176470585,0.0,0.0,Unknown,Unknown,Unknown,Unknown,Unknown,Unknown,Unknown,0.0,0.0,0,0.0,0.0,9.0,31.0,2.0,0.3333333333333333
1736,81,22,374.48,17.021818181818183,188,8.545454545454545,98.35,0.2626308481093783,131,22,17.021818181818183,0.0,0.0,Unknown,Unknown,Unknown,Unknown,Unknown,Unknown,Unknown,2.0,1.0,0,0.09090909090909091,0.0,16.0,156.0,2.0,7.090909090909091
1737,27,27,350.94,12.997777777777777,282,10.444444444444445,113.73,0.3240724910241067,175,27,12.997777777777777,0.0,0.0,Unknown,Unknown,Unknown,Unknown,Unknown,Unknown,Unknown,0.0,0.0,0,0.0,0.0,5.0,54.0,2.0,2.0
1738,31,62,1379.3600000000001,22.247741935483873,659,10.629032258064516,637.41,0.4621056141978888,236,58,23.782068965517244,0.0,0.0,Unknown,Unknown,Unknown,Unknown,Unknown,Unknown,Unknown,0.0,0.0,0,0.0,0.0,9.0,59.0,2.0,0.9516129032258065
1739,2,34,778.4,22.894117647058824,433,12.735294117647058,192.15,0.24685251798561153,253,33,23.587878787878786,0.0,0.0,Unknown,Unknown,Unknown,Unknown,Unknown,Unknown,Unknown,0.0,0.0,0,0.0,0.0,11.0,77.0,2.0,2.264705882352941
1740,2,390,11938.2,30.610769230769233,474059,1215.5358974358974,1389.63,0.11640197014625321,937,270,44.21555555555556,0.0,0.0,Age Group1,Y,Level12,Unknown,Group3,1,None/Unknown,0.0,0.0,0,0.0,0.0,8.0,77.0,2.0,0.19743589743589743
1741,16,15,161.99,10.799333333333333,8872,591.4666666666667,26.16,0.16149145008951168,64,14,11.570714285714287,0.0,0.0,Unknown,Unknown,Unknown,Unknown,Unknown,Unknown,Unknown,4.0,2.0,0,0.26666666666666666,0.0,20.0,173.0,2.0,11.533333333333333
1742,9,282,2140.1,7.589007092198581,3515,12.464539007092199,251.62,0.11757394514275035,387,273,7.839194139194139,0.0,0.0,Unknown,Unknown,Unknown,Unknown,Unknown,Unknown,Unknown,0.0,0.0,0,0.0,0.0,8.0,44.0,2.0,0.15602836879432624
1743,9,43,1168.94,27.1846511627907,143323,3333.093023255814,227.56,0.19467209608705321,307,42,27.831904761904763,0.0,0.0,Unknown,Unknown,Unknown,Unknown,Unknown,Unknown,Unknown,3.0,1.0,0,0.06976744186046512,0.0,9.0,79.0,2.0,1.8372093023255813
1744,8,58,1088.62,18.769310344827584,566,9.758620689655173,93.68,0.08605390310668554,187,52,20.935,0.0,0.0,Unknown,Unknown,Unknown,Unknown,Unknown,Unknown,Unknown,0.0,0.0,0,0.0,0.0,12.0,105.0,2.0,1.8103448275862069
1745,6,125,2591.48,20.731840000000002,1288,10.304,520.07,0.2006845509129918,428,121,21.417190082644627,0.0,0.0,Age Group4,X,Level1,Unknown,Group2,2,None/Unknown,1.0,1.0,0,0.008,0.0,13.0,78.0,2.0,0.624
1746,57,49,2177.16,44.431836734693874,16869,344.265306122449,415.1,0.1906612283892778,455,32,68.03625,0.0,0.0,Unknown,Unknown,Unknown,Unknown,Unknown,Unknown,Unknown,6.0,2.0,0,0.12244897959183673,0.0,11.0,102.0,2.0,2.0816326530612246
1747,9,92,3066.6,33.332608695652176,268035,2913.4239130434785,617.15,0.20124894019435205,527,78,39.315384615384616,0.0,0.0,Unknown,Unknown,Unknown,Unknown,Unknown,Unknown,Unknown,2.0,1.0,0,0.021739130434782608,0.0,12.0,119.0,2.0,1.2934782608695652
1748,2,247,5161.78,20.897894736842105,222592,901.1821862348178,1098.65,0.2128432439972258,929,203,25.427487684729062,0.0,0.0,Age Group4,Y,Level4,Unknown,Group2,1,None/Unknown,4.0,1.0,0,0.016194331983805668,0.0,15.0,125.0,2.0,0.5060728744939271
1749,7,122,4209.35,34.50286885245902,414422,3396.901639344262,479.39,0.11388694216446718,498,115,36.60304347826087,0.0,0.0,Age Group5,Z,Level4,Homeowner,Group2,1,None/Unknown,0.0,0.0,0,0.0,0.0,16.0,158.0,2.0,1.2950819672131149
1750,41,20,736.42,36.821,11986,599.3,236.23,0.3207816191847044,150,18,40.91222222222222,0.0,0.0,Unknown,Unknown,Unknown,Unknown,Unknown,Unknown,Unknown,6.0,3.0,0,0.3,0.0,15.0,143.0,2.0,7.15
1751,2,142,4142.87,29.175140845070423,2377,16.739436619718308,1000.54,0.2415089056620169,943,128,32.366171875,1.0,0.007042253521126761,Age Group2,X,Level2,Renter,Group4,4,2,0.0,0.0,1,0.0,0.0,10.0,76.0,2.0,0.5352112676056338
1752,5,196,6593.81,33.64188775510204,39199,199.99489795918367,1481.42,0.22466828737861722,1157,145,45.47455172413793,0.0,0.0,Unknown,Unknown,Unknown,Unknown,Unknown,Unknown,Unknown,5.0,2.0,0,0.025510204081632654,0.0,15.0,149.0,2.0,0.7602040816326531
1753,0,456,2964.05,6.500109649122807,195836,429.46491228070175,416.29,0.1404463487458039,660,279,10.623835125448029,2.0,0.0043859649122807015,Age Group4,Y,Level4,Homeowner,Group6,1,None/Unknown,9.0,3.0,1,0.019736842105263157,0.2222222222222222,17.0,150.0,2.0,0.32894736842105265
1754,7,209,4120.16,19.713684210526313,177631,849.9090909090909,1413.76,0.3431323055415324,741,175,23.54377142857143,2.0,0.009569377990430622,Unknown,Unknown,Unknown,Unknown,Unknown,Unknown,Unknown,6.0,2.0,1,0.028708133971291867,0.3333333333333333,16.0,151.0,2.0,0.722488038277512
1755,17,31,1202.51,38.79064516129032,451,14.548387096774194,174.84,0.14539588028373984,325,31,38.79064516129032,0.0,0.0,Unknown,Unknown,Unknown,Unknown,Unknown,Unknown,Unknown,7.0,2.0,0,0.22580645161290322,0.0,14.0,139.0,2.0,4.483870967741935
1756,4,67,3344.29,49.91477611940299,149834,2236.3283582089553,506.96999999999997,0.15159271474662783,638,57,58.67175438596491,0.0,0.0,Unknown,Unknown,Unknown,Unknown,Unknown,Unknown,Unknown,0.0,0.0,0,0.0,0.0,13.0,111.0,2.0,1.6567164179104477
1757,257,10,253.11,25.311,95,9.5,51.04,0.201651455888744,61,8,31.63875,0.0,0.0,Unknown,Unknown,Unknown,Unknown,Unknown,Unknown,Unknown,5.0,2.0,0,0.5,0.0,20.0,160.0,2.0,16.0
1758,14,70,2041.93,29.170428571428573,885,12.642857142857142,423.17,0.2072402090179389,455,67,30.476567164179105,0.0,0.0,Unknown,Unknown,Unknown,Unknown,Unknown,Unknown,Unknown,0.0,0.0,0,0.0,0.0,9.0,34.0,2.0,0.4857142857142857
1759,5,219,4009.62,18.30876712328767,79830,364.52054794520546,1004.99,0.250644699497708,1044,141,28.437021276595743,1.0,0.0045662100456621,Age Group3,Y,Level4,Unknown,Group4,5+,3+,2.0,2.0,1,0.0091324200913242,0.5,12.0,130.0,2.0,0.593607305936073
1760,6,53,563.64,10.634716981132076,253,4.773584905660377,59.59,0.10572351146121639,129,49,11.502857142857142,0.0,0.0,Unknown,Unknown,Unknown,Unknown,Unknown,Unknown,Unknown,6.0,3.0,0,0.11320754716981132,0.0,14.0,159.0,2.0,3.0
1761,2,31,1845.46,59.530967741935484,767,24.741935483870968,351.98,0.1907275150910884,479,31,59.530967741935484,0.0,0.0,Unknown,Unknown,Unknown,Unknown,Unknown,Unknown,Unknown,0.0,0.0,0,0.0,0.0,7.0,63.0,2.0,2.032258064516129
1762,0,344,15360.14,44.651569767441856,1669880,4854.302325581395,2674.38,0.17411169429445306,2055,275,55.85505454545454,5.0,0.014534883720930232,Age Group4,X,Level8,Homeowner,Group4,5+,3+,1.0,1.0,1,0.0029069767441860465,5.0,13.0,117.0,2.0,0.34011627906976744
1763,6,149,3919.37,26.304496644295302,1218,8.174496644295303,545.37,0.13914736296904862,491,138,28.40123188405797,0.0,0.0,Unknown,Unknown,Unknown,Unknown,Unknown,Unknown,Unknown,8.0,3.0,0,0.053691275167785234,0.0,20.0,204.0,2.0,1.3691275167785235
1764,4,135,11412.2,84.53481481481482,582818,4317.170370370371,1502.24,0.13163456651653493,1660,103,110.7980582524272,9.0,0.06666666666666667,Age Group4,X,Level6,Homeowner,Group4,4,2,7.0,2.0,1,0.05185185185185185,1.2857142857142858,14.0,135.0,2.0,1.0
1765,21,62,2949.01,47.564677419354844,28018,451.9032258064516,649.27,0.22016541144316226,771,57,51.73701754385965,0.0,0.0,Age Group4,Y,Level4,Unknown,Group2,1,None/Unknown,13.0,3.0,0,0.20967741935483872,0.0,20.0,205.0,2.0,3.306451612903226
1766,4,38,460.68,12.123157894736842,283,7.447368421052632,102.93,0.22343058088043763,169,31,14.860645161290323,0.0,0.0,Unknown,Unknown,Unknown,Unknown,Unknown,Unknown,Unknown,1.0,1.0,0,0.02631578947368421,0.0,16.0,149.0,2.0,3.9210526315789473
1767,1,485,9204.22,18.97777319587629,30218,62.30515463917526,1815.67,0.1972649502076222,2069,260,35.40084615384615,0.0,0.0,Unknown,Unknown,Unknown,Unknown,Unknown,Unknown,Unknown,0.0,0.0,0,0.0,0.0,11.0,76.0,2.0,0.15670103092783505
1768,2,70,1522.47,21.74957142857143,7298,104.25714285714285,369.24,0.2425269463437703,314,61,24.958524590163936,0.0,0.0,Unknown,Unknown,Unknown,Unknown,Unknown,Unknown,Unknown,11.0,3.0,0,0.15714285714285714,0.0,18.0,200.0,2.0,2.857142857142857
1769,0,156,7447.28,47.73897435897436,25441,163.08333333333334,1217.03,0.16341939607480852,863,131,56.84946564885496,0.0,0.0,Unknown,Unknown,Unknown,Unknown,Unknown,Unknown,Unknown,1.0,1.0,0,0.00641025641025641,0.0,15.0,95.0,2.0,0.6089743589743589
1770,3,477,8793.19,18.434360587002097,889413,1864.5974842767296,1300.3,0.1478757993401712,1198,310,28.365129032258068,0.0,0.0,Unknown,Unknown,Unknown,Unknown,Unknown,Unknown,Unknown,6.0,2.0,0,0.012578616352201259,0.0,19.0,140.0,2.0,0.29350104821802936
1771,62,11,532.2,48.38181818181818,205,18.636363636363637,46.77,0.08788049605411499,124,11,48.38181818181818,0.0,0.0,Unknown,Unknown,Unknown,Unknown,Unknown,Unknown,Unknown,0.0,0.0,0,0.0,0.0,19.0,188.0,2.0,17.09090909090909
1772,90,97,2452.88,25.287422680412373,1169,12.051546391752577,393.73,0.16051743256906167,413,87,28.194022988505747,0.0,0.0,Unknown,Unknown,Unknown,Unknown,Unknown,Unknown,Unknown,0.0,0.0,0,0.0,0.0,6.0,49.0,2.0,0.5051546391752577
1773,8,91,3356.9,36.88901098901099,210424,2312.3516483516482,389.45,0.11601477553695373,493,84,39.96309523809524,4.0,0.04395604395604396,Unknown,Unknown,Unknown,Unknown,Unknown,Unknown,Unknown,4.0,1.0,1,0.04395604395604396,1.0,11.0,106.0,2.0,1.164835164835165
1774,8,66,5012.46,75.94636363636364,2193,33.22727272727273,792.4,0.1580860495644853,964,62,80.84612903225806,0.0,0.0,Unknown,Unknown,Unknown,Unknown,Unknown,Unknown,Unknown,3.0,1.0,0,0.045454545454545456,0.0,16.0,140.0,2.0,2.121212121212121
1775,0,211,9485.14,44.953270142180095,579132,2744.701421800948,1690.91,0.1782693771520505,1229,169,56.12508875739645,0.0,0.0,Age Group4,X,Level6,Homeowner,Group4,5+,3+,4.0,2.0,0,0.018957345971563982,0.0,14.0,145.0,2.0,0.6872037914691943
1776,21,231,3724.26,16.122337662337664,2238,9.688311688311689,683.98,0.18365527648445595,654,172,21.65267441860465,0.0,0.0,Unknown,Unknown,Unknown,Unknown,Unknown,Unknown,Unknown,0.0,0.0,0,0.0,0.0,16.0,173.0,2.0,0.7489177489177489
1777,0,75,1169.97,15.5996,406,5.413333333333333,190.72,0.16301272682205525,225,72,16.249583333333334,0.0,0.0,Unknown,Unknown,Unknown,Unknown,Unknown,Unknown,Unknown,6.0,3.0,0,0.08,0.0,14.0,145.0,2.0,1.9333333333333333
1778,1,259,9336.3,36.047490347490346,1360804,5254.069498069498,1127.03,0.12071484421023318,1153,201,46.44925373134328,11.0,0.04247104247104247,Age Group2,X,Level4,Homeowner,Group5,2,None/Unknown,2.0,2.0,1,0.007722007722007722,5.5,11.0,96.0,2.0,0.37065637065637064
1779,8,109,3508.58,32.18880733944954,64405,590.8715596330276,1078.64,0.3074292163781359,889,98,35.80183673469388,0.0,0.0,Age Group6,X,Level6,Homeowner,Group5,2,None/Unknown,8.0,3.0,0,0.07339449541284404,0.0,18.0,170.0,2.0,1.5596330275229358
1780,30,43,1413.68,32.87627906976744,697,16.209302325581394,199.65,0.14122715183068305,365,40,35.342,0.0,0.0,Unknown,Unknown,Unknown,Unknown,Unknown,Unknown,Unknown,6.0,2.0,0,0.13953488372093023,0.0,16.0,144.0,2.0,3.3488372093023258
1781,18,93,3228.57,34.715806451612906,162816,1750.7096774193549,384.81,0.11918899079158884,631,89,36.27606741573034,0.0,0.0,Unknown,Unknown,Unknown,Unknown,Unknown,Unknown,Unknown,0.0,0.0,0,0.0,0.0,13.0,116.0,2.0,1.2473118279569892
1782,5,37,1742.85,47.10405405405405,36401,983.8108108108108,151.74,0.08706429124709529,332,33,52.81363636363636,0.0,0.0,Unknown,Unknown,Unknown,Unknown,Unknown,Unknown,Unknown,3.0,1.0,0,0.08108108108108109,0.0,17.0,158.0,2.0,4.27027027027027
1783,9,91,4125.89,45.339450549450554,234883,2581.131868131868,650.2,0.1575902411358519,765,82,50.31573170731708,0.0,0.0,Unknown,Unknown,Unknown,Unknown,Unknown,Unknown,Unknown,0.0,0.0,0,0.0,0.0,11.0,115.0,2.0,1.2637362637362637
1784,15,40,1980.6200000000001,49.5155,753,18.825,336.0,0.16964384889580028,403,39,50.78512820512821,0.0,0.0,Unknown,Unknown,Unknown,Unknown,Unknown,Unknown,Unknown,6.0,2.0,0,0.15,0.0,14.0,143.0,2.0,3.575
1785,1,75,1555.7,20.74266666666667,817,10.893333333333333,405.33,0.2605450922414347,500,73,21.31095890410959,0.0,0.0,Age Group2,X,Level4,Homeowner,Group4,5+,3+,2.0,1.0,0,0.02666666666666667,0.0,11.0,119.0,2.0,1.5866666666666667
1786,56,44,409.73,9.312045454545455,33626,764.2272727272727,29.43,0.07182778903180143,99,38,10.782368421052633,0.0,0.0,Unknown,Unknown,Unknown,Unknown,Unknown,Unknown,Unknown,1.0,1.0,0,0.022727272727272728,0.0,16.0,143.0,2.0,3.25
1787,19,61,1097.5,17.991803278688526,647,10.60655737704918,286.13,0.2607107061503417,351,53,20.70754716981132,0.0,0.0,Unknown,Unknown,Unknown,Unknown,Unknown,Unknown,Unknown,0.0,0.0,0,0.0,0.0,12.0,70.0,2.0,1.1475409836065573
1788,1,152,9072.28,59.68605263157895,320332,2107.4473684210525,538.51,0.05935773587234961,1028,133,68.21263157894737,3.0,0.019736842105263157,Age Group3,X,Level6,Homeowner,Group5,2,None/Unknown,0.0,0.0,1,0.0,0.0,10.0,100.0,2.0,0.6578947368421053
1789,32,23,293.19,12.747391304347826,123,5.3478260869565215,25.42,0.08670145639346499,98,21,13.961428571428572,0.0,0.0,Unknown,Unknown,Unknown,Unknown,Unknown,Unknown,Unknown,6.0,3.0,0,0.2608695652173913,0.0,16.0,148.0,2.0,6.434782608695652
1790,5,47,1978.83,42.102765957446806,942,20.04255319148936,277.52,0.1402444879044688,271,47,42.102765957446806,0.0,0.0,Unknown,Unknown,Unknown,Unknown,Unknown,Unknown,Unknown,0.0,0.0,0,0.0,0.0,10.0,51.0,2.0,1.0851063829787233
1791,2,140,2970.1,21.215,118955,849.6785714285714,650.68,0.21907679876098446,550,125,23.7608,3.0,0.02142857142857143,Age Group4,Z,Level7,Homeowner,Group5,2,None/Unknown,3.0,2.0,1,0.02142857142857143,1.0,9.0,87.0,2.0,0.6214285714285714
1792,0,126,3140.33,24.923253968253967,130076,1032.3492063492063,600.99,0.1913779761999535,507,112,28.038660714285715,0.0,0.0,Unknown,Unknown,Unknown,Unknown,Unknown,Unknown,Unknown,3.0,1.0,0,0.023809523809523808,0.0,17.0,145.0,2.0,1.1507936507936507
1793,4,63,1888.55,29.976984126984128,8872,140.82539682539684,381.17,0.20183209340499325,585,52,36.31826923076923,0.0,0.0,Unknown,Unknown,Unknown,Unknown,Unknown,Unknown,Unknown,1.0,1.0,0,0.015873015873015872,0.0,11.0,116.0,2.0,1.8412698412698412
1794,10,77,3594.48,46.681558441558444,29171,378.84415584415586,463.4,0.12891989940130422,810,74,48.57405405405405,0.0,0.0,Unknown,Unknown,Unknown,Unknown,Unknown,Unknown,Unknown,2.0,2.0,0,0.025974025974025976,0.0,14.0,119.0,2.0,1.5454545454545454
1795,1,1138,9751.73,8.569182776801405,128554,112.96485061511423,2792.79,0.2863891842780717,1795,494,19.740344129554654,14.0,0.012302284710017574,Age Group4,Y,Level3,Homeowner,Group5,2,None/Unknown,2.0,1.0,1,0.0017574692442882249,7.0,15.0,152.0,2.0,0.1335676625659051
1796,7,60,2601.06,43.351,109182,1819.7,308.0,0.11841326228537596,477,51,51.001176470588234,0.0,0.0,Age Group1,Y,Level4,Unknown,Group3,1,None/Unknown,8.0,2.0,0,0.13333333333333333,0.0,19.0,183.0,2.0,3.05
1797,1,115,5551.49,48.27382608695652,2138,18.591304347826085,1261.85,0.22729933765529614,1061,106,52.37254716981132,5.0,0.043478260869565216,Age Group6,Y,Level1,Homeowner,Group3,1,None/Unknown,2.0,2.0,1,0.017391304347826087,2.5,13.0,108.0,2.0,0.9391304347826087
1798,11,42,2457.51,58.51214285714286,1186,28.238095238095237,495.07,0.2014518760859569,640,37,66.4191891891892,0.0,0.0,Unknown,Unknown,Unknown,Unknown,Unknown,Unknown,Unknown,5.0,2.0,0,0.11904761904761904,0.0,19.0,172.0,2.0,4.095238095238095
1799,14,52,395.47,7.605192307692308,230,4.423076923076923,22.06,0.05578172807039724,123,51,7.754313725490197,0.0,0.0,Unknown,Unknown,Unknown,Unknown,Unknown,Unknown,Unknown,1.0,1.0,0,0.019230769230769232,0.0,16.0,129.0,2.0,2.480769230769231
1800,2,85,3667.31,43.14482352941177,634228,7461.505882352942,445.38,0.12144596448077746,555,75,48.897466666666666,0.0,0.0,Age Group3,X,Level10,Homeowner,Group5,2,None/Unknown,0.0,0.0,0,0.0,0.0,11.0,50.0,2.0,0.5882352941176471
1801,5,64,758.74,11.8553125,38822,606.59375,100.0,0.13179745367319504,168,58,13.081724137931035,0.0,0.0,Unknown,Unknown,Unknown,Unknown,Unknown,Unknown,Unknown,1.0,1.0,0,0.015625,0.0,16.0,150.0,2.0,2.34375
1802,19,52,4835.4400000000005,92.98923076923077,29415,565.6730769230769,573.94,0.1186944724782026,725,50,96.70880000000001,1.0,0.019230769230769232,Age Group4,Y,Level9,Homeowner,Group5,2,None/Unknown,0.0,0.0,1,0.0,0.0,8.0,56.0,2.0,1.0769230769230769
1803,0,216,14420.9,66.76342592592593,5978,27.675925925925927,1248.6200000000001,0.08658405508671443,1344,205,70.34585365853658,0.0,0.0,Age Group1,X,Level5,Homeowner,Group4,3,1,3.0,2.0,0,0.013888888888888888,0.0,17.0,158.0,2.0,0.7314814814814815
1804,0,311,10251.19,32.96202572347267,763593,2455.282958199357,1642.61,0.16023603113394638,1395,244,42.01307377049181,6.0,0.01929260450160772,Age Group6,X,Level4,Homeowner,Group5,2,None/Unknown,13.0,3.0,1,0.04180064308681672,0.46153846153846156,17.0,181.0,2.0,0.5819935691318328
1805,0,77,792.2,10.288311688311689,16533,214.71428571428572,34.19,0.043158293360262556,105,73,10.852054794520548,0.0,0.0,Unknown,Unknown,Unknown,Unknown,Unknown,Unknown,Unknown,8.0,2.0,0,0.1038961038961039,0.0,17.0,196.0,2.0,2.5454545454545454
1806,2,139,3979.6,28.63021582733813,15649,112.58273381294964,735.76,0.18488290280430195,794,128,31.090625,0.0,0.0,Unknown,Unknown,Unknown,Unknown,Unknown,Unknown,Unknown,0.0,0.0,0,0.0,0.0,7.0,41.0,2.0,0.2949640287769784
1807,6,212,7773.21,36.66608490566038,85244,402.0943396226415,1389.99,0.1788180172669978,1336,190,40.91163157894737,0.0,0.0,Unknown,Unknown,Unknown,Unknown,Unknown,Unknown,Unknown,5.0,2.0,0,0.02358490566037736,0.0,16.0,151.0,2.0,0.7122641509433962
1808,9,96,1824.33,19.0034375,645,6.71875,244.1,0.13380254668837327,362,87,20.969310344827587,0.0,0.0,Unknown,Unknown,Unknown,Unknown,Unknown,Unknown,Unknown,9.0,3.0,0,0.09375,0.0,17.0,181.0,2.0,1.8854166666666667
1809,9,61,1509.41,24.7444262295082,842,13.80327868852459,339.17,0.22470369217111322,494,55,27.443818181818184,0.0,0.0,Unknown,Unknown,Unknown,Unknown,Unknown,Unknown,Unknown,3.0,1.0,0,0.04918032786885246,0.0,13.0,121.0,2.0,1.9836065573770492
1810,7,266,4025.59,15.133796992481203,199322,749.3308270676691,309.89,0.07698002032000277,569,226,17.812345132743364,0.0,0.0,Unknown,Unknown,Unknown,Unknown,Unknown,Unknown,Unknown,1.0,1.0,0,0.0037593984962406013,0.0,11.0,125.0,2.0,0.4699248120300752
1811,31,16,852.5600000000001,53.285000000000004,30500,1906.25,211.76,0.24838134559444494,163,13,65.58153846153847,0.0,0.0,Unknown,Unknown,Unknown,Unknown,Unknown,Unknown,Unknown,3.0,1.0,0,0.1875,0.0,13.0,123.0,2.0,7.6875
1812,0,104,1948.99,18.740288461538462,42109,404.8942307692308,360.58,0.18500864550356852,513,94,20.733936170212765,0.0,0.0,Age Group4,Y,Level5,Unknown,Group3,1,None/Unknown,0.0,0.0,0,0.0,0.0,13.0,64.0,2.0,0.6153846153846154
1813,19,4,233.45,58.3625,98,24.5,32.61,0.13968729920753908,81,4,58.3625,0.0,0.0,Unknown,Unknown,Unknown,Unknown,Unknown,Unknown,Unknown,2.0,1.0,0,0.5,0.0,12.0,138.0,2.0,34.5
1814,6,52,4107.85,78.9971153846154,11465,220.48076923076923,510.65,0.12431077084119428,846,50,82.15700000000001,0.0,0.0,Age Group6,Y,Level9,Homeowner,Group5,2,None/Unknown,0.0,0.0,0,0.0,0.0,7.0,49.0,2.0,0.9423076923076923
1815,3,89,4405.47,49.49966292134832,273880,3077.303370786517,746.8,0.16951653285574522,869,70,62.93528571428572,0.0,0.0,Age Group4,Y,Level3,Unknown,Group5,2,None/Unknown,3.0,2.0,0,0.033707865168539325,0.0,17.0,173.0,2.0,1.9438202247191012
1816,3,160,3869.51,24.1844375,218175,1363.59375,593.92,0.15348713402989006,999,140,27.639357142857143,0.0,0.0,Age Group1,Z,Level1,Renter,Group4,5+,3+,1.0,1.0,0,0.00625,0.0,14.0,172.0,2.0,1.075
1817,0,48,1024.72,21.348333333333333,2846,59.291666666666664,145.44,0.1419314544460926,235,46,22.276521739130434,0.0,0.0,Unknown,Unknown,Unknown,Unknown,Unknown,Unknown,Unknown,5.0,2.0,0,0.10416666666666667,0.0,18.0,167.0,2.0,3.4791666666666665
1818,0,72,1333.43,18.519861111111112,20255,281.31944444444446,217.03,0.16276069984926092,322,59,22.600508474576273,0.0,0.0,Unknown,Unknown,Unknown,Unknown,Unknown,Unknown,Unknown,0.0,0.0,0,0.0,0.0,11.0,85.0,2.0,1.1805555555555556
1819,5,68,1446.23,21.26808823529412,15019,220.86764705882354,257.62,0.17813210900064305,380,64,22.59734375,0.0,0.0,Unknown,Unknown,Unknown,Unknown,Unknown,Unknown,Unknown,1.0,1.0,0,0.014705882352941176,0.0,15.0,117.0,2.0,1.7205882352941178
1820,50,77,4208.08,54.65038961038961,28006,363.7142857142857,441.08,0.10481739890876599,747,70,60.11542857142857,1.0,0.012987012987012988,Age Group4,X,Level9,Homeowner,Group5,2,None/Unknown,0.0,0.0,1,0.0,0.0,14.0,109.0,2.0,1.4155844155844155
1821,8,128,4937.27,38.572421875,97170,759.140625,732.12,0.14828437577851727,1022,113,43.69265486725664,0.0,0.0,Unknown,Unknown,Unknown,Unknown,Unknown,Unknown,Unknown,6.0,3.0,0,0.046875,0.0,19.0,142.0,2.0,1.109375
1822,0,218,3516.44,16.13045871559633,10584,48.55045871559633,629.35,0.1789736210485605,1069,166,21.183373493975903,0.0,0.0,Age Group5,Y,Level4,Unknown,Group5,2,None/Unknown,8.0,3.0,0,0.03669724770642202,0.0,16.0,172.0,2.0,0.7889908256880734
1823,0,377,12268.85,32.543368700265255,734387,1947.976127320955,2029.3,0.16540262534793398,1428,257,47.73871595330739,30.0,0.07957559681697612,Age Group4,X,Level6,Homeowner,Group5,2,None/Unknown,3.0,2.0,1,0.007957559681697613,10.0,19.0,176.0,2.0,0.46684350132625996
1824,1,165,3117.11,18.891575757575758,1420,8.606060606060606,834.86,0.267831420771163,609,147,21.20482993197279,0.0,0.0,Unknown,Unknown,Unknown,Unknown,Unknown,Unknown,Unknown,8.0,3.0,0,0.048484848484848485,0.0,19.0,182.0,2.0,1.103030303030303
1825,118,43,1831.84,42.600930232558134,99678,2318.093023255814,360.08,0.19656738579788627,287,38,48.206315789473685,0.0,0.0,Unknown,Unknown,Unknown,Unknown,Unknown,Unknown,Unknown,4.0,2.0,0,0.09302325581395349,0.0,13.0,146.0,2.0,3.395348837209302
1826,3,111,1994.47,17.9681981981982,1427,12.855855855855856,531.22,0.26634644792852236,613,102,19.553627450980393,0.0,0.0,Unknown,Unknown,Unknown,Unknown,Unknown,Unknown,Unknown,1.0,1.0,0,0.009009009009009009,0.0,13.0,91.0,2.0,0.8198198198198198
1827,5,41,682.23,16.639756097560976,327,7.975609756097561,125.41,0.18382363718980402,212,37,18.43864864864865,0.0,0.0,Unknown,Unknown,Unknown,Unknown,Unknown,Unknown,Unknown,1.0,1.0,0,0.024390243902439025,0.0,10.0,122.0,2.0,2.975609756097561
1828,141,86,5813.77,67.60197674418605,10225,118.8953488372093,624.69,0.10745007112424468,875,75,77.51693333333334,0.0,0.0,Unknown,Unknown,Unknown,Unknown,Unknown,Unknown,Unknown,0.0,0.0,0,0.0,0.0,8.0,80.0,2.0,0.9302325581395349
1829,1,320,6618.55,20.68296875,293833,918.228125,930.11,0.14053078091122678,673,258,25.65329457364341,0.0,0.0,Age Group6,X,Level6,Homeowner,Group3,2,None/Unknown,6.0,3.0,0,0.01875,0.0,18.0,157.0,2.0,0.490625
1830,642,1,39.440000000000005,39.440000000000005,10,10.0,10.19,0.258367139959432,7,1,39.440000000000005,0.0,0.0,Unknown,Unknown,Unknown,Unknown,Unknown,Unknown,Unknown,3.0,1.0,0,3.0,0.0,17.0,149.0,2.0,149.0
1831,10,166,5562.06,33.50638554216868,478162,2880.4939759036147,1003.97,0.18050326677525952,852,144,38.625416666666666,9.0,0.05421686746987952,Age Group5,Y,Level6,Homeowner,Group2,1,None/Unknown,0.0,0.0,1,0.0,0.0,4.0,7.0,2.0,0.04216867469879518
1832,8,55,1357.55,24.682727272727274,715,13.0,276.48,0.2036610069610696,403,54,25.139814814814812,0.0,0.0,Unknown,Unknown,Unknown,Unknown,Unknown,Unknown,Unknown,7.0,2.0,0,0.12727272727272726,0.0,17.0,165.0,2.0,3.0
1833,0,83,2991.81,36.04590361445783,6516,78.50602409638554,834.8,0.2790284142375351,669,78,38.35653846153846,0.0,0.0,Age Group2,Y,Level3,Homeowner,Group1,5+,3+,1.0,1.0,0,0.012048192771084338,0.0,11.0,109.0,2.0,1.3132530120481927
1834,52,135,3769.5,27.92222222222222,89945,666.2592592592592,758.72,0.20127868417562012,681,115,32.778260869565216,0.0,0.0,Age Group4,Y,Level8,Homeowner,Group6,5+,3+,7.0,2.0,0,0.05185185185185185,0.0,15.0,132.0,2.0,0.9777777777777777
1835,5,310,10995.710000000001,35.47003225806452,823477,2656.377419354839,1440.86,0.13103837769457358,1293,250,43.98284,0.0,0.0,Unknown,Unknown,Unknown,Unknown,Unknown,Unknown,Unknown,5.0,2.0,0,0.016129032258064516,0.0,16.0,148.0,2.0,0.4774193548387097
1836,10,93,2991.96,32.17161290322581,120508,1295.784946236559,285.68,0.09548255992727175,475,86,34.790232558139536,0.0,0.0,Unknown,Unknown,Unknown,Unknown,Unknown,Unknown,Unknown,11.0,3.0,0,0.11827956989247312,0.0,21.0,203.0,2.0,2.182795698924731
1837,4,160,7528.5,47.053125,249828,1561.425,991.88,0.13175001660357308,721,128,58.81640625,0.0,0.0,Unknown,Unknown,Unknown,Unknown,Unknown,Unknown,Unknown,6.0,2.0,0,0.0375,0.0,16.0,133.0,2.0,0.83125
1838,27,34,1179.61,34.694411764705876,552,16.235294117647058,413.33,0.35039546968913454,291,32,36.8628125,0.0,0.0,Unknown,Unknown,Unknown,Unknown,Unknown,Unknown,Unknown,5.0,2.0,0,0.14705882352941177,0.0,12.0,136.0,2.0,4.0
1839,3,99,1764.15,17.81969696969697,1024,10.343434343434344,185.22,0.10499107218773913,282,94,18.767553191489363,2.0,0.020202020202020204,Unknown,Unknown,Unknown,Unknown,Unknown,Unknown,Unknown,0.0,0.0,1,0.0,0.0,11.0,89.0,2.0,0.898989898989899
1840,155,37,337.21,9.113783783783783,209,5.648648648648648,23.97,0.07108330120696302,90,30,11.240333333333332,0.0,0.0,Unknown,Unknown,Unknown,Unknown,Unknown,Unknown,Unknown,1.0,1.0,0,0.02702702702702703,0.0,7.0,58.0,2.0,1.5675675675675675
1841,10,32,2401.78,75.055625,1041,32.53125,300.72,0.12520713803928754,393,32,75.055625,0.0,0.0,Age Group4,Z,Level4,Homeowner,Group5,2,None/Unknown,1.0,1.0,0,0.03125,0.0,8.0,51.0,2.0,1.59375
1842,6,19,906.65,47.71842105263158,346,18.210526315789473,86.67999999999999,0.09560469861578337,183,19,47.71842105263158,0.0,0.0,Unknown,Unknown,Unknown,Unknown,Unknown,Unknown,Unknown,1.0,1.0,0,0.05263157894736842,0.0,12.0,105.0,2.0,5.526315789473684
1843,29,42,770.15,18.336904761904762,246,5.857142857142857,101.24,0.13145491138089982,169,37,20.814864864864866,0.0,0.0,Unknown,Unknown,Unknown,Unknown,Unknown,Unknown,Unknown,0.0,0.0,0,0.0,0.0,9.0,78.0,2.0,1.8571428571428572
1844,3,83,1523.8,18.35903614457831,600,7.228915662650603,97.6,0.06405040031500196,318,80,19.0475,0.0,0.0,Age Group4,X,Level12,Homeowner,Group5,2,None/Unknown,0.0,0.0,0,0.0,0.0,8.0,66.0,2.0,0.7951807228915663
1845,0,151,12647.61,83.75900662251657,15949,105.62251655629139,1492.78,0.11802862358975331,1636,144,87.830625,2.0,0.013245033112582781,Age Group4,Y,Level10,Unknown,Group4,3,1,0.0,0.0,1,0.0,0.0,14.0,116.0,2.0,0.7682119205298014
1846,3,25,690.39,27.6156,348,13.92,305.51,0.44251799707411754,194,23,30.01695652173913,0.0,0.0,Unknown,Unknown,Unknown,Unknown,Unknown,Unknown,Unknown,10.0,3.0,0,0.4,0.0,22.0,197.0,2.0,7.88
1847,2,103,2678.71,26.006893203883497,22800,221.35922330097088,615.92,0.2299315715400323,438,94,28.49691489361702,0.0,0.0,Age Group4,Y,Level10,Unknown,Group3,1,None/Unknown,0.0,0.0,0,0.0,0.0,9.0,72.0,2.0,0.6990291262135923
1848,5,110,10848.11,98.61918181818183,279085,2537.1363636363635,752.58,0.06937429653644736,1191,104,104.30875,0.0,0.0,Age Group4,X,Level6,Homeowner,Group6,3,1,2.0,1.0,0,0.01818181818181818,0.0,15.0,125.0,2.0,1.1363636363636365
1849,2,162,2666.5,16.459876543209877,1493,9.216049382716049,752.4,0.2821676354772173,571,147,18.139455782312925,0.0,0.0,Unknown,Unknown,Unknown,Unknown,Unknown,Unknown,Unknown,4.0,2.0,0,0.024691358024691357,0.0,20.0,174.0,2.0,1.0740740740740742
1850,5,223,6882.11,30.8614798206278,667952,2995.3004484304934,652.76,0.09484881816768405,1147,191,36.03198952879581,2.0,0.008968609865470852,Age Group6,X,Level6,Homeowner,Group3,2,None/Unknown,3.0,1.0,1,0.013452914798206279,0.6666666666666666,14.0,139.0,2.0,0.6233183856502242
1851,15,41,1255.55,30.623170731707315,508,12.390243902439025,258.69,0.2060371948548445,371,39,32.19358974358974,0.0,0.0,Unknown,Unknown,Unknown,Unknown,Unknown,Unknown,Unknown,3.0,2.0,0,0.07317073170731707,0.0,17.0,191.0,2.0,4.658536585365853
1852,17,317,9800.02,30.914889589905364,900726,2841.4069400630915,1262.36,0.1288119820163632,1691,221,44.34398190045249,0.0,0.0,Unknown,Unknown,Unknown,Unknown,Unknown,Unknown,Unknown,0.0,0.0,0,0.0,0.0,12.0,115.0,2.0,0.3627760252365931
1853,9,36,274.39,7.621944444444444,100,2.7777777777777777,23.990000000000002,0.0874302999380444,72,29,9.461724137931034,0.0,0.0,Unknown,Unknown,Unknown,Unknown,Unknown,Unknown,Unknown,8.0,2.0,0,0.2222222222222222,0.0,20.0,215.0,2.0,5.972222222222222
1854,2,273,7631.72,27.955018315018314,507116,1857.5677655677655,803.55,0.1052908125560162,1120,225,33.918755555555556,5.0,0.018315018315018316,Unknown,Unknown,Unknown,Unknown,Unknown,Unknown,Unknown,0.0,0.0,1,0.0,0.0,7.0,38.0,2.0,0.1391941391941392
1855,25,11,251.95,22.904545454545453,15953,1450.2727272727273,20.87,0.08283389561420917,34,11,22.904545454545453,0.0,0.0,Unknown,Unknown,Unknown,Unknown,Unknown,Unknown,Unknown,5.0,2.0,0,0.45454545454545453,0.0,23.0,190.0,2.0,17.272727272727273
1856,0,459,4661.53,10.155838779956426,11653,25.387799564270153,758.86,0.1627920446720283,1328,327,14.255443425076452,10.0,0.02178649237472767,Unknown,Unknown,Unknown,Unknown,Unknown,Unknown,Unknown,0.0,0.0,1,0.0,0.0,6.0,23.0,2.0,0.05010893246187364
1857,0,82,1755.3,21.40609756097561,90157,1099.4756097560976,245.61,0.1399247991796274,390,67,26.198507462686567,0.0,0.0,Unknown,Unknown,Unknown,Unknown,Unknown,Unknown,Unknown,8.0,2.0,0,0.0975609756097561,0.0,20.0,196.0,2.0,2.3902439024390243
1858,8,67,2860.07,42.68761194029851,1169,17.44776119402985,429.88,0.15030401353813017,424,64,44.68859375,0.0,0.0,Age Group2,Z,Level9,Homeowner,Group3,1,None/Unknown,1.0,1.0,0,0.014925373134328358,0.0,10.0,105.0,2.0,1.5671641791044777
1859,4,35,1791.28,51.17942857142857,617,17.62857142857143,202.21,0.11288575767049261,340,31,57.78322580645161,0.0,0.0,Unknown,Unknown,Unknown,Unknown,Unknown,Unknown,Unknown,2.0,1.0,0,0.05714285714285714,0.0,13.0,100.0,2.0,2.857142857142857
1860,82,58,753.42,12.989999999999998,27441,473.12068965517244,174.6,0.23174325077645935,212,54,13.952222222222222,0.0,0.0,Unknown,Unknown,Unknown,Unknown,Unknown,Unknown,Unknown,1.0,1.0,0,0.017241379310344827,0.0,12.0,103.0,2.0,1.7758620689655173
1861,0,123,1868.45,15.190650406504066,1138,9.252032520325203,429.23,0.2297251732719634,543,99,18.873232323232322,0.0,0.0,Age Group2,Y,Level2,Homeowner,Group4,4,2,1.0,1.0,0,0.008130081300813009,0.0,10.0,87.0,2.0,0.7073170731707317
1862,27,142,2210.04,15.563661971830985,116551,820.7816901408451,407.01,0.18416408752782754,425,112,19.732499999999998,0.0,0.0,Unknown,Unknown,Unknown,Unknown,Unknown,Unknown,Unknown,5.0,2.0,0,0.035211267605633804,0.0,13.0,118.0,2.0,0.8309859154929577
1863,242,14,411.45,29.389285714285712,157,11.214285714285714,111.51,0.27101713452424353,110,12,34.2875,0.0,0.0,Unknown,Unknown,Unknown,Unknown,Unknown,Unknown,Unknown,5.0,2.0,0,0.35714285714285715,0.0,15.0,126.0,2.0,9.0
1864,1,164,16941.58,103.30231707317074,475536,2899.609756097561,1481.47,0.08744579903409244,1623,139,121.88187050359714,4.0,0.024390243902439025,Age Group4,Y,Level8,Homeowner,Group1,5+,3+,0.0,0.0,1,0.0,0.0,6.0,39.0,2.0,0.23780487804878048
1865,4,161,6651.93,41.31633540372671,2725,16.925465838509318,531.99,0.07997528536830664,832,161,41.31633540372671,0.0,0.0,Age Group4,Y,Level5,Homeowner,Group6,1,None/Unknown,5.0,2.0,0,0.031055900621118012,0.0,22.0,174.0,2.0,1.0807453416149069
1866,61,15,159.05,10.603333333333333,106,7.066666666666666,42.05,0.2643822697265011,39,15,10.603333333333333,0.0,0.0,Unknown,Unknown,Unknown,Unknown,Unknown,Unknown,Unknown,8.0,2.0,0,0.5333333333333333,0.0,18.0,174.0,2.0,11.6
1867,11,75,1093.51,14.580133333333333,62273,830.3066666666666,418.7,0.3828954467723203,185,49,22.316530612244897,0.0,0.0,Unknown,Unknown,Unknown,Unknown,Unknown,Unknown,Unknown,0.0,0.0,0,0.0,0.0,4.0,25.0,2.0,0.3333333333333333
1868,1,39,700.96,17.973333333333333,10159,260.4871794871795,251.6,0.35893631590960967,246,32,21.905,0.0,0.0,Unknown,Unknown,Unknown,Unknown,Unknown,Unknown,Unknown,0.0,0.0,0,0.0,0.0,12.0,74.0,2.0,1.8974358974358974
1869,0,119,3630.62,30.50941176470588,37546,315.5126050420168,994.51,0.2739229112383009,966,108,33.61685185185185,5.0,0.04201680672268908,Age Group1,X,Level4,Renter,Group5,2,None/Unknown,0.0,0.0,1,0.0,0.0,9.0,71.0,2.0,0.5966386554621849
1870,23,37,303.6,8.205405405405406,183,4.945945945945946,95.76,0.31541501976284586,50,37,8.205405405405406,0.0,0.0,Unknown,Unknown,Unknown,Unknown,Unknown,Unknown,Unknown,7.0,3.0,0,0.1891891891891892,0.0,15.0,161.0,2.0,4.351351351351352
1871,10,20,547.41,27.3705,231,11.55,44.65,0.08156591951188323,150,18,30.411666666666665,0.0,0.0,Unknown,Unknown,Unknown,Unknown,Unknown,Unknown,Unknown,0.0,0.0,0,0.0,0.0,5.0,31.0,2.0,1.55
1872,2,162,3762.9700000000003,23.22820987654321,183846,1134.851851851852,476.39,0.12659946797343585,639,132,28.507348484848485,1.0,0.006172839506172839,Unknown,Unknown,Unknown,Unknown,Unknown,Unknown,Unknown,0.0,0.0,1,0.0,0.0,8.0,53.0,2.0,0.3271604938271605
1873,4,269,5686.82,21.140594795539034,396548,1474.1561338289962,915.03,0.16090363331352145,1210,181,31.41889502762431,0.0,0.0,Age Group3,Y,Level2,Unknown,Group2,1,None/Unknown,8.0,2.0,0,0.02973977695167286,0.0,16.0,156.0,2.0,0.5799256505576208
1874,19,33,834.29,25.28151515151515,70438,2134.4848484848485,150.89,0.18086037229260807,202,30,27.809666666666665,0.0,0.0,Unknown,Unknown,Unknown,Unknown,Unknown,Unknown,Unknown,9.0,2.0,0,0.2727272727272727,0.0,15.0,151.0,2.0,4.575757575757576
1875,18,44,909.05,20.660227272727273,107543,2444.159090909091,128.62,0.14148836697651396,177,37,24.568918918918918,0.0,0.0,Unknown,Unknown,Unknown,Unknown,Unknown,Unknown,Unknown,0.0,0.0,0,0.0,0.0,11.0,94.0,2.0,2.1363636363636362
1876,8,5,86.19,17.238,13828,2765.6,6.359999999999999,0.07379046293073442,14,5,17.238,0.0,0.0,Unknown,Unknown,Unknown,Unknown,Unknown,Unknown,Unknown,0.0,0.0,0,0.0,0.0,11.0,73.0,2.0,14.6
1877,2,64,1975.04,30.86,809,12.640625,426.72,0.2160563836681789,437,58,34.05241379310345,0.0,0.0,Unknown,Unknown,Unknown,Unknown,Unknown,Unknown,Unknown,0.0,0.0,0,0.0,0.0,5.0,10.0,2.0,0.15625
1878,9,35,625.64,17.87542857142857,320,9.142857142857142,109.36,0.17479700786394733,195,24,26.06833333333333,0.0,0.0,Unknown,Unknown,Unknown,Unknown,Unknown,Unknown,Unknown,1.0,1.0,0,0.02857142857142857,0.0,11.0,101.0,2.0,2.8857142857142857
1879,3,274,4861.95,17.74434306569343,3041,11.098540145985401,797.03,0.16393216713458592,327,247,19.68400809716599,0.0,0.0,Age Group6,X,Level4,Unknown,Group2,2,None/Unknown,0.0,0.0,0,0.0,0.0,10.0,79.0,2.0,0.28832116788321166
1880,20,36,773.39,21.483055555555556,486,13.5,179.58,0.23219850269592315,282,31,24.948064516129033,0.0,0.0,Unknown,Unknown,Unknown,Unknown,Unknown,Unknown,Unknown,3.0,1.0,0,0.08333333333333333,0.0,14.0,102.0,2.0,2.8333333333333335
1881,10,119,2913.96,24.487058823529413,328582,2761.1932773109243,301.38,0.10342626528847342,309,103,28.29087378640777,0.0,0.0,Unknown,Unknown,Unknown,Unknown,Unknown,Unknown,Unknown,0.0,0.0,0,0.0,0.0,7.0,78.0,2.0,0.6554621848739496
1882,32,26,405.54,15.59769230769231,167,6.423076923076923,67.65,0.1668146175469744,129,23,17.63217391304348,0.0,0.0,Unknown,Unknown,Unknown,Unknown,Unknown,Unknown,Unknown,2.0,1.0,0,0.07692307692307693,0.0,13.0,104.0,2.0,4.0
1883,6,126,2460.98,19.5315873015873,13834,109.7936507936508,494.53,0.2009484026688555,681,100,24.6098,0.0,0.0,Unknown,Unknown,Unknown,Unknown,Unknown,Unknown,Unknown,0.0,0.0,0,0.0,0.0,7.0,52.0,2.0,0.4126984126984127
1884,0,30,592.73,19.75766666666667,6994,233.13333333333333,60.96,0.10284615254837784,137,29,20.438965517241378,0.0,0.0,Unknown,Unknown,Unknown,Unknown,Unknown,Unknown,Unknown,6.0,2.0,0,0.2,0.0,13.0,142.0,2.0,4.733333333333333
1885,0,13,265.35,20.411538461538463,66588,5122.153846153846,6.43,0.02423214622197098,34,12,22.1125,0.0,0.0,Unknown,Unknown,Unknown,Unknown,Unknown,Unknown,Unknown,0.0,0.0,0,0.0,0.0,9.0,68.0,2.0,5.230769230769231
1886,33,31,406.25,13.10483870967742,174,5.612903225806452,55.5,0.1366153846153846,127,26,15.625,0.0,0.0,Unknown,Unknown,Unknown,Unknown,Unknown,Unknown,Unknown,0.0,0.0,0,0.0,0.0,9.0,25.0,2.0,0.8064516129032258
1887,12,88,876.88,9.964545454545455,428,4.863636363636363,207.67,0.23682830033756042,173,84,10.439047619047619,0.0,0.0,Unknown,Unknown,Unknown,Unknown,Unknown,Unknown,Unknown,0.0,0.0,0,0.0,0.0,8.0,69.0,2.0,0.7840909090909091
1888,188,11,135.61,12.32818181818182,4609,419.0,16.33,0.12041884816753924,61,8,16.95125,0.0,0.0,Unknown,Unknown,Unknown,Unknown,Unknown,Unknown,Unknown,1.0,1.0,0,0.09090909090909091,0.0,10.0,61.0,2.0,5.545454545454546
1889,17,46,1803.8,39.21304347826087,37088,806.2608695652174,260.19,0.14424548176072735,385,44,40.99545454545454,0.0,0.0,Unknown,Unknown,Unknown,Unknown,Unknown,Unknown,Unknown,0.0,0.0,0,0.0,0.0,8.0,39.0,2.0,0.8478260869565217
1890,0,51,1934.45,37.930392156862744,735,14.411764705882353,211.92,0.10955051823515727,387,46,42.05326086956522,0.0,0.0,Unknown,Unknown,Unknown,Unknown,Unknown,Unknown,Unknown,2.0,1.0,0,0.0392156862745098,0.0,14.0,129.0,2.0,2.5294117647058822
1891,2,38,1344.71,35.3871052631579,562,14.789473684210526,251.25,0.18684325988503098,268,36,37.35305555555556,0.0,0.0,Unknown,Unknown,Unknown,Unknown,Unknown,Unknown,Unknown,1.0,1.0,0,0.02631578947368421,0.0,13.0,116.0,2.0,3.0526315789473686
1892,0,307,5532.21,18.020228013029318,137208,446.9315960912052,1284.1,0.23211338687432326,983,201,27.523432835820895,0.0,0.0,Age Group3,X,Level4,Homeowner,Group4,3,1,0.0,0.0,0,0.0,0.0,9.0,84.0,2.0,0.2736156351791531
1893,8,18,373.71,20.761666666666667,73851,4102.833333333333,23.83,0.06376602178159535,60,17,21.982941176470586,0.0,0.0,Unknown,Unknown,Unknown,Unknown,Unknown,Unknown,Unknown,7.0,3.0,0,0.3888888888888889,0.0,14.0,162.0,2.0,9.0
1894,53,42,2335.47,55.606428571428566,48857,1163.2619047619048,371.92,0.15924845962482928,569,41,56.96268292682927,0.0,0.0,Age Group3,X,Level7,Homeowner,Group5,2,None/Unknown,0.0,0.0,0,0.0,0.0,8.0,33.0,2.0,0.7857142857142857
1895,37,49,927.5600000000001,18.929795918367347,272,5.551020408163265,164.74,0.17760576135236533,154,46,20.164347826086956,0.0,0.0,Unknown,Unknown,Unknown,Unknown,Unknown,Unknown,Unknown,2.0,2.0,0,0.04081632653061224,0.0,13.0,117.0,2.0,2.3877551020408165
1896,1,129,3378.34,26.188682170542638,43945,340.6589147286822,622.53,0.18427097331825687,894,112,30.16375,0.0,0.0,Age Group4,X,Level5,Homeowner,Group5,2,None/Unknown,2.0,2.0,0,0.015503875968992248,0.0,9.0,73.0,2.0,0.5658914728682171
1897,642,1,19.58,19.58,5,5.0,0.98,0.05005107252298264,5,1,19.58,0.0,0.0,Unknown,Unknown,Unknown,Unknown,Unknown,Unknown,Unknown,1.0,1.0,0,1.0,0.0,16.0,177.0,2.0,177.0
1898,0,48,717.71,14.952291666666667,465,9.6875,243.09,0.33870226135904474,184,39,18.402820512820515,0.0,0.0,Unknown,Unknown,Unknown,Unknown,Unknown,Unknown,Unknown,0.0,0.0,0,0.0,0.0,2.0,5.0,1.0,0.10416666666666667
1899,6,69,11276.8,163.431884057971,13975,202.53623188405797,1875.7,0.1663326475595914,1313,66,170.86060606060605,10.0,0.14492753623188406,Age Group2,X,Level3,Homeowner,Group4,3,1,0.0,0.0,1,0.0,0.0,11.0,68.0,2.0,0.9855072463768116
1900,4,56,8541.14,152.52035714285714,2697,48.160714285714285,876.18,0.10258349587994109,1170,55,155.29345454545452,0.0,0.0,Unknown,Unknown,Unknown,Unknown,Unknown,Unknown,Unknown,12.0,3.0,0,0.21428571428571427,0.0,14.0,153.0,2.0,2.732142857142857
1901,0,852,11462.24,13.453333333333333,60290,70.76291079812206,1773.42,0.15471844944792643,2561,315,36.388063492063495,0.0,0.0,Age Group4,Y,Level4,Homeowner,Group4,3,1,2.0,1.0,0,0.002347417840375587,0.0,17.0,177.0,2.0,0.20774647887323944
1902,20,21,1646.0,78.38095238095238,891,42.42857142857143,390.73,0.23738153098420414,455,19,86.63157894736842,0.0,0.0,Unknown,Unknown,Unknown,Unknown,Unknown,Unknown,Unknown,10.0,3.0,0,0.47619047619047616,0.0,18.0,238.0,2.0,11.333333333333334
1903,33,40,1152.32,28.808,31253,781.325,280.13,0.24310087475701195,416,33,34.918787878787874,0.0,0.0,Unknown,Unknown,Unknown,Unknown,Unknown,Unknown,Unknown,0.0,0.0,0,0.0,0.0,12.0,119.0,2.0,2.975
1904,41,28,304.26,10.866428571428571,4057,144.89285714285714,52.76,0.17340432524814303,105,27,11.268888888888888,0.0,0.0,Unknown,Unknown,Unknown,Unknown,Unknown,Unknown,Unknown,0.0,0.0,0,0.0,0.0,12.0,91.0,2.0,3.25
1905,13,81,1772.91,21.887777777777778,20622,254.59259259259258,246.19,0.13886209677874228,386,74,23.958243243243246,0.0,0.0,Unknown,Unknown,Unknown,Unknown,Unknown,Unknown,Unknown,0.0,0.0,0,0.0,0.0,10.0,56.0,2.0,0.691358024691358
1906,1,163,8631.61,52.95466257668712,342222,2099.521472392638,1331.57,0.1542667011136972,1207,144,59.94173611111111,0.0,0.0,Unknown,Unknown,Unknown,Unknown,Unknown,Unknown,Unknown,3.0,2.0,0,0.018404907975460124,0.0,16.0,129.0,2.0,0.7914110429447853
1907,0,388,8939.5,23.039948453608247,440805,1136.0953608247423,1677.62,0.1876637395827507,1490,257,34.784046692607006,3.0,0.007731958762886598,Age Group2,Z,Level5,Unknown,Group2,1,None/Unknown,7.0,3.0,1,0.01804123711340206,0.42857142857142855,16.0,182.0,2.0,0.4690721649484536
1908,123,38,714.3100000000001,18.79763157894737,284,7.473684210526316,114.69,0.16056054094160796,177,38,18.79763157894737,0.0,0.0,Unknown,Unknown,Unknown,Unknown,Unknown,Unknown,Unknown,9.0,3.0,0,0.23684210526315788,0.0,18.0,193.0,2.0,5.078947368421052
1909,38,22,546.99,24.86318181818182,288,13.090909090909092,89.93,0.16440885573776487,151,21,26.04714285714286,0.0,0.0,Unknown,Unknown,Unknown,Unknown,Unknown,Unknown,Unknown,0.0,0.0,0,0.0,0.0,11.0,64.0,2.0,2.909090909090909
1910,97,26,741.83,28.53192307692308,225,8.653846153846153,84.95,0.1145141070056482,116,25,29.6732,0.0,0.0,Unknown,Unknown,Unknown,Unknown,Unknown,Unknown,Unknown,0.0,0.0,0,0.0,0.0,7.0,53.0,2.0,2.0384615384615383
1911,7,124,1601.27,12.913467741935484,233902,1886.3064516129032,219.32,0.13696628301285854,283,115,13.924086956521739,0.0,0.0,Age Group3,X,Level5,Unknown,Group2,2,None/Unknown,0.0,0.0,0,0.0,0.0,9.0,62.0,2.0,0.5
1912,18,96,2256.45,23.5046875,1476,15.375,374.67,0.16604400717941903,449,90,25.071666666666665,0.0,0.0,Unknown,Unknown,Unknown,Unknown,Unknown,Unknown,Unknown,3.0,1.0,0,0.03125,0.0,11.0,93.0,2.0,0.96875
1913,3,49,895.76,18.280816326530612,3775,77.04081632653062,211.54999999999998,0.2361681700455479,212,42,21.32761904761905,0.0,0.0,Unknown,Unknown,Unknown,Unknown,Unknown,Unknown,Unknown,2.0,1.0,0,0.04081632653061224,0.0,14.0,104.0,2.0,2.122448979591837
1914,0,157,4075.9500000000003,25.961464968152868,1406,8.955414012738853,287.21,0.07046455427569032,361,141,28.90744680851064,0.0,0.0,Age Group5,Z,Level6,Homeowner,Group3,1,None/Unknown,0.0,0.0,0,0.0,0.0,11.0,79.0,2.0,0.5031847133757962
1915,3,28,485.8,17.35,56569,2020.3214285714287,41.01,0.08441745574310415,113,23,21.121739130434783,0.0,0.0,Unknown,Unknown,Unknown,Unknown,Unknown,Unknown,Unknown,7.0,3.0,0,0.25,0.0,12.0,104.0,2.0,3.7142857142857144
1916,19,150,2885.7,19.238,9283,61.88666666666666,533.59,0.18490834113040167,714,126,22.902380952380952,0.0,0.0,Unknown,Unknown,Unknown,Unknown,Unknown,Unknown,Unknown,0.0,0.0,0,0.0,0.0,9.0,67.0,2.0,0.44666666666666666
1917,0,291,6788.0,23.326460481099655,3408,11.711340206185566,1164.07,0.17148939304655272,1282,259,26.20849420849421,7.0,0.024054982817869417,Age Group6,Y,Level2,Unknown,Group3,1,None/Unknown,7.0,3.0,1,0.024054982817869417,1.0,16.0,151.0,2.0,0.5189003436426117
1918,7,69,3012.4900000000002,43.659275362318844,94935,1375.8695652173913,584.03,0.1938695232183343,623,59,51.059152542372885,0.0,0.0,Unknown,Unknown,Unknown,Unknown,Unknown,Unknown,Unknown,14.0,3.0,0,0.2028985507246377,0.0,16.0,175.0,2.0,2.536231884057971
1919,1,100,4154.95,41.549499999999995,209641,2096.41,885.66,0.21315779973284876,837,73,56.91712328767123,0.0,0.0,Age Group3,X,Level4,Homeowner,Group1,5+,3+,2.0,1.0,0,0.02,0.0,14.0,136.0,2.0,1.36
1920,0,93,1927.74,20.728387096774192,659,7.086021505376344,180.67,0.09372114496768236,374,89,21.66,0.0,0.0,Age Group5,X,Level5,Homeowner,Group5,2,None/Unknown,7.0,3.0,0,0.07526881720430108,0.0,18.0,144.0,2.0,1.5483870967741935
1921,64,104,1460.12,14.039615384615384,50987,490.25961538461536,594.34,0.40704873572035183,291,94,15.533191489361702,3.0,0.028846153846153848,Age Group3,X,Level4,Homeowner,Group5,2,None/Unknown,4.0,2.0,1,0.038461538461538464,0.75,15.0,128.0,2.0,1.2307692307692308
1922,5,113,3096.94,27.406548672566373,53406,472.6194690265487,318.93,0.10298229865609279,596,102,30.3621568627451,0.0,0.0,Unknown,Unknown,Unknown,Unknown,Unknown,Unknown,Unknown,2.0,2.0,0,0.017699115044247787,0.0,16.0,95.0,2.0,0.8407079646017699
1923,5,167,4870.31,29.163532934131737,555478,3326.2155688622756,432.8,0.08886497984727872,723,141,34.54120567375887,7.0,0.041916167664670656,Age Group1,Z,Level4,Renter,Group3,1,None/Unknown,4.0,2.0,1,0.023952095808383235,1.75,16.0,151.0,2.0,0.9041916167664671
1924,3,221,6225.45,28.16945701357466,52302,236.6606334841629,1178.03,0.18922808792938664,1248,190,32.76552631578947,0.0,0.0,Unknown,Unknown,Unknown,Unknown,Unknown,Unknown,Unknown,6.0,2.0,0,0.027149321266968326,0.0,15.0,162.0,2.0,0.7330316742081447
1925,43,118,3019.2,25.5864406779661,112990,957.542372881356,259.95,0.0860989666136725,591,105,28.75428571428571,0.0,0.0,Unknown,Unknown,Unknown,Unknown,Unknown,Unknown,Unknown,8.0,3.0,0,0.06779661016949153,0.0,20.0,176.0,2.0,1.4915254237288136
1926,10,73,2145.71,29.393287671232876,62028,849.6986301369863,836.12,0.3896705519385192,314,63,34.05888888888889,0.0,0.0,Age Group2,Y,Level4,Homeowner,Group5,2,None/Unknown,2.0,1.0,0,0.0273972602739726,0.0,15.0,147.0,2.0,2.0136986301369864
1927,20,98,5097.28,52.013061224489796,2498,25.489795918367346,890.77,0.17475398643982673,1036,70,72.81828571428571,0.0,0.0,Age Group1,Y,Level1,Unknown,Group6,1,None/Unknown,0.0,0.0,0,0.0,0.0,12.0,84.0,2.0,0.8571428571428571
1928,2,114,2328.37,20.424298245614033,81935,718.7280701754386,588.04,0.25255436206444853,447,111,20.976306306306306,1.0,0.008771929824561403,Age Group3,Z,Level6,Homeowner,Group4,3,1,4.0,2.0,1,0.03508771929824561,0.25,14.0,152.0,2.0,1.3333333333333333
1929,6,62,4395.83,70.90048387096775,2137,34.46774193548387,771.66,0.17554364022266558,788,57,77.1198245614035,0.0,0.0,Age Group3,Z,Level3,Homeowner,Group2,1,None/Unknown,5.0,2.0,0,0.08064516129032258,0.0,15.0,122.0,2.0,1.967741935483871
1930,20,182,2674.9,14.697252747252747,1169,6.423076923076923,406.5,0.1519682978802946,659,135,19.814074074074075,0.0,0.0,Unknown,Unknown,Unknown,Unknown,Unknown,Unknown,Unknown,5.0,2.0,0,0.027472527472527472,0.0,11.0,140.0,2.0,0.7692307692307693
1931,28,101,2211.08,21.891881188118813,1060,10.495049504950495,638.62,0.2888271794779022,415,85,26.01270588235294,0.0,0.0,Age Group4,Y,Level5,Homeowner,Group6,1,None/Unknown,5.0,2.0,0,0.04950495049504951,0.0,14.0,133.0,2.0,1.316831683168317
1932,1,74,2678.78,36.19972972972973,238422,3221.9189189189187,347.1,0.1295739105115015,339,66,40.58757575757576,0.0,0.0,Unknown,Unknown,Unknown,Unknown,Unknown,Unknown,Unknown,3.0,2.0,0,0.04054054054054054,0.0,14.0,99.0,2.0,1.337837837837838
1933,4,85,2180.2200000000003,25.649647058823533,104603,1230.6235294117646,378.5,0.17360633330581315,514,66,33.03363636363637,0.0,0.0,Unknown,Unknown,Unknown,Unknown,Unknown,Unknown,Unknown,1.0,1.0,0,0.011764705882352941,0.0,11.0,111.0,2.0,1.3058823529411765
1934,162,15,542.87,36.19133333333333,14405,960.3333333333334,136.16,0.25081511227365666,194,15,36.19133333333333,0.0,0.0,Unknown,Unknown,Unknown,Unknown,Unknown,Unknown,Unknown,2.0,1.0,0,0.13333333333333333,0.0,14.0,130.0,2.0,8.666666666666666
1935,0,177,12371.26,69.89412429378531,1175583,6641.71186440678,903.3,0.07301600645366761,729,147,84.158231292517,9.0,0.05084745762711865,Age Group5,X,Level9,Homeowner,Group5,2,None/Unknown,0.0,0.0,1,0.0,0.0,12.0,77.0,2.0,0.4350282485875706
1936,3,463,5029.86,10.863628509719222,225820,487.732181425486,774.47,0.15397446449801785,799,215,23.3946976744186,1.0,0.0021598272138228943,Unknown,Unknown,Unknown,Unknown,Unknown,Unknown,Unknown,6.0,2.0,1,0.012958963282937365,0.16666666666666666,18.0,156.0,2.0,0.3369330453563715
1937,7,158,6742.4400000000005,42.67367088607595,39613,250.71518987341773,1082.42,0.16053832143852967,1306,134,50.31671641791045,17.0,0.10759493670886076,Age Group4,X,Level5,Homeowner,Group5,2,None/Unknown,7.0,3.0,1,0.04430379746835443,2.4285714285714284,15.0,158.0,2.0,1.0
1938,6,28,1032.95,36.89107142857143,316,11.285714285714286,120.21,0.11637542959484969,211,28,36.89107142857143,0.0,0.0,Unknown,Unknown,Unknown,Unknown,Unknown,Unknown,Unknown,6.0,2.0,0,0.21428571428571427,0.0,21.0,181.0,2.0,6.464285714285714
1939,5,75,3784.62,50.4616,230264,3070.1866666666665,683.53,0.18060730007239828,646,68,55.656176470588235,0.0,0.0,Age Group3,X,Level5,Homeowner,Group5,2,None/Unknown,0.0,0.0,0,0.0,0.0,10.0,84.0,2.0,1.12
1940,7,75,2392.72,31.90293333333333,1441,19.213333333333335,352.3,0.14723828947808354,610,71,33.70028169014084,0.0,0.0,Unknown,Unknown,Unknown,Unknown,Unknown,Unknown,Unknown,4.0,2.0,0,0.05333333333333334,0.0,14.0,148.0,2.0,1.9733333333333334
1941,1,135,742.85,5.502592592592593,7300,54.074074074074076,187.54,0.2524601198088443,229,118,6.295338983050848,0.0,0.0,Unknown,Unknown,Unknown,Unknown,Unknown,Unknown,Unknown,2.0,2.0,0,0.014814814814814815,0.0,13.0,134.0,2.0,0.9925925925925926
1942,4,151,3135.06,20.761986754966888,35022,231.9337748344371,325.78,0.1039150765854561,578,131,23.93175572519084,0.0,0.0,Unknown,Unknown,Unknown,Unknown,Unknown,Unknown,Unknown,2.0,1.0,0,0.013245033112582781,0.0,11.0,67.0,2.0,0.44370860927152317
1943,6,212,5116.58,24.134811320754718,113894,537.2358490566038,853.68,0.16684582279569554,962,166,30.822771084337347,0.0,0.0,Unknown,Unknown,Unknown,Unknown,Unknown,Unknown,Unknown,2.0,1.0,0,0.009433962264150943,0.0,17.0,164.0,2.0,0.7735849056603774
1944,6,180,10942.880000000001,60.793777777777784,681060,3783.6666666666665,1277.46,0.11673892064977409,1176,151,72.46940397350994,10.0,0.05555555555555555,Age Group2,Y,Level8,Homeowner,Group4,4,2,11.0,2.0,1,0.06111111111111111,0.9090909090909091,12.0,143.0,2.0,0.7944444444444444
1945,23,19,1020.57,53.71421052631579,485,25.526315789473685,137.26,0.13449346933576334,240,18,56.69833333333334,0.0,0.0,Unknown,Unknown,Unknown,Unknown,Unknown,Unknown,Unknown,12.0,2.0,0,0.631578947368421,0.0,18.0,178.0,2.0,9.368421052631579
1946,12,49,3312.46,67.60122448979592,20582,420.0408163265306,597.59,0.18040670679796889,486,48,69.00958333333334,0.0,0.0,Age Group2,Y,Level6,Unknown,Group2,1,None/Unknown,0.0,0.0,0,0.0,0.0,9.0,78.0,2.0,1.5918367346938775
1947,1,90,7209.25,80.10277777777777,56069,622.9888888888889,944.44,0.1310039185768284,653,85,84.81470588235294,5.0,0.05555555555555555,Unknown,Unknown,Unknown,Unknown,Unknown,Unknown,Unknown,2.0,2.0,1,0.022222222222222223,2.5,10.0,113.0,2.0,1.2555555555555555
1948,0,83,1602.32,19.305060240963854,982,11.831325301204819,285.14,0.17795446602426482,507,80,20.029,0.0,0.0,Age Group3,Y,Level5,Homeowner,Group3,1,None/Unknown,8.0,3.0,0,0.0963855421686747,0.0,17.0,154.0,2.0,1.855421686746988
1949,5,54,1658.96,30.721481481481483,771,14.277777777777779,350.64,0.21136133481217148,381,45,36.86577777777778,0.0,0.0,Age Group4,Y,Level1,Unknown,Group3,1,None/Unknown,1.0,1.0,0,0.018518518518518517,0.0,16.0,125.0,2.0,2.314814814814815
1950,35,31,746.74,24.088387096774195,409,13.193548387096774,176.5,0.2363607145726759,240,27,27.65703703703704,0.0,0.0,Unknown,Unknown,Unknown,Unknown,Unknown,Unknown,Unknown,1.0,1.0,0,0.03225806451612903,0.0,13.0,118.0,2.0,3.806451612903226
1951,34,18,561.48,31.193333333333335,177,9.833333333333334,84.45,0.15040606967300704,127,14,40.105714285714285,0.0,0.0,Unknown,Unknown,Unknown,Unknown,Unknown,Unknown,Unknown,1.0,1.0,0,0.05555555555555555,0.0,9.0,93.0,2.0,5.166666666666667
1952,6,36,1003.87,27.885277777777777,99584,2766.222222222222,209.17000000000002,0.20836363274129122,214,32,31.3709375,0.0,0.0,Unknown,Unknown,Unknown,Unknown,Unknown,Unknown,Unknown,0.0,0.0,0,0.0,0.0,10.0,70.0,2.0,1.9444444444444444
1953,5,113,2722.81,24.09566371681416,1111,9.831858407079647,425.51,0.15627605304813777,565,96,28.362604166666667,0.0,0.0,Age Group4,Y,Level5,Homeowner,Group6,1,None/Unknown,0.0,0.0,0,0.0,0.0,15.0,78.0,2.0,0.6902654867256637
1954,28,143,1965.65,13.745804195804196,11570,80.9090909090909,266.69,0.1356752219367639,352,129,15.237596899224807,0.0,0.0,Unknown,Unknown,Unknown,Unknown,Unknown,Unknown,Unknown,2.0,1.0,0,0.013986013986013986,0.0,14.0,116.0,2.0,0.8111888111888111
1955,7,156,7634.5,48.93910256410256,248410,1592.371794871795,1191.78,0.15610452550920165,1106,118,64.69915254237289,0.0,0.0,Age Group2,Y,Level4,Unknown,Group2,1,None/Unknown,7.0,2.0,0,0.04487179487179487,0.0,14.0,108.0,2.0,0.6923076923076923
1956,6,60,2174.55,36.2425,740,12.333333333333334,350.37,0.16112299096364763,418,57,38.150000000000006,0.0,0.0,Unknown,Unknown,Unknown,Unknown,Unknown,Unknown,Unknown,11.0,3.0,0,0.18333333333333332,0.0,14.0,152.0,2.0,2.533333333333333
1957,27,44,1994.23,45.32340909090909,778,17.681818181818183,302.68,0.15177787918143845,427,43,46.37744186046512,6.0,0.13636363636363635,Unknown,Unknown,Unknown,Unknown,Unknown,Unknown,Unknown,0.0,0.0,1,0.0,0.0,11.0,118.0,2.0,2.6818181818181817
1958,2,35,1017.86,29.081714285714288,589,16.82857142857143,179.37,0.1762226632346295,391,33,30.844242424242424,0.0,0.0,Unknown,Unknown,Unknown,Unknown,Unknown,Unknown,Unknown,2.0,1.0,0,0.05714285714285714,0.0,13.0,114.0,2.0,3.257142857142857
1959,40,104,5592.54,53.77442307692308,457162,4395.788461538462,1096.16,0.19600396242136847,962,90,62.13933333333333,1.0,0.009615384615384616,Unknown,Unknown,Unknown,Unknown,Unknown,Unknown,Unknown,0.0,0.0,1,0.0,0.0,12.0,111.0,2.0,1.0673076923076923
1960,2,93,2637.78,28.363225806451617,265254,2852.1935483870966,666.26,0.252583611976738,412,72,36.63583333333334,0.0,0.0,Unknown,Unknown,Unknown,Unknown,Unknown,Unknown,Unknown,3.0,1.0,0,0.03225806451612903,0.0,15.0,143.0,2.0,1.5376344086021505
1961,18,92,1634.22,17.76326086956522,746,8.108695652173912,291.47,0.1783541995569752,445,78,20.951538461538462,0.0,0.0,Unknown,Unknown,Unknown,Unknown,Unknown,Unknown,Unknown,0.0,0.0,0,0.0,0.0,13.0,91.0,2.0,0.9891304347826086
1962,1,132,3512.55,26.610227272727276,164043,1242.75,354.25,0.1008526569016811,772,115,30.543913043478263,0.0,0.0,Age Group6,Y,Level3,Unknown,Group5,2,None/Unknown,3.0,2.0,0,0.022727272727272728,0.0,13.0,114.0,2.0,0.8636363636363636
1963,7,50,2542.45,50.849,5635,112.7,418.2,0.16448701056067966,653,49,51.88673469387755,4.0,0.08,Unknown,Unknown,Unknown,Unknown,Unknown,Unknown,Unknown,2.0,1.0,1,0.04,2.0,18.0,149.0,2.0,2.98
1964,3,68,1990.1200000000001,29.266470588235297,1140,16.764705882352942,422.12,0.2121078125942154,637,63,31.58920634920635,0.0,0.0,Age Group6,Y,Level1,Renter,Group2,1,None/Unknown,2.0,2.0,0,0.029411764705882353,0.0,12.0,129.0,2.0,1.8970588235294117
1965,3,163,4142.69,25.41527607361963,569604,3494.5030674846626,650.16,0.15694150419172084,651,142,29.173873239436617,4.0,0.024539877300613498,Age Group2,X,Level5,Homeowner,Group4,3,1,1.0,1.0,1,0.006134969325153374,4.0,14.0,131.0,2.0,0.803680981595092
1966,0,129,5307.89,41.14643410852713,10969,85.03100775193798,1011.54,0.1905729018498876,1213,119,44.60411764705883,0.0,0.0,Unknown,Unknown,Unknown,Unknown,Unknown,Unknown,Unknown,7.0,2.0,0,0.05426356589147287,0.0,13.0,130.0,2.0,1.0077519379844961
1967,6,73,1802.93,24.697671232876715,35295,483.4931506849315,269.23,0.1493291475542589,608,68,26.513676470588237,0.0,0.0,Unknown,Unknown,Unknown,Unknown,Unknown,Unknown,Unknown,8.0,3.0,0,0.1095890410958904,0.0,20.0,180.0,2.0,2.4657534246575343
1968,1,89,2479.97,27.864831460674154,6187,69.51685393258427,459.08,0.18511514252188535,529,79,31.392025316455694,0.0,0.0,Unknown,Unknown,Unknown,Unknown,Unknown,Unknown,Unknown,0.0,0.0,0,0.0,0.0,15.0,129.0,2.0,1.449438202247191
1969,0,230,2246.2,9.766086956521738,1392,6.052173913043478,670.81,0.2986421511886742,507,204,11.01078431372549,0.0,0.0,Unknown,Unknown,Unknown,Unknown,Unknown,Unknown,Unknown,3.0,1.0,0,0.013043478260869565,0.0,14.0,131.0,2.0,0.5695652173913044
1970,3,69,1091.08,15.812753623188405,9113,132.07246376811594,221.79,0.20327565348095467,303,59,18.4928813559322,0.0,0.0,Unknown,Unknown,Unknown,Unknown,Unknown,Unknown,Unknown,3.0,1.0,0,0.043478260869565216,0.0,9.0,111.0,2.0,1.608695652173913
1971,15,155,5297.13,34.17503225806452,421982,2722.4645161290323,734.53,0.1386656547979755,814,131,40.43610687022901,0.0,0.0,Unknown,Unknown,Unknown,Unknown,Unknown,Unknown,Unknown,1.0,1.0,0,0.0064516129032258064,0.0,10.0,81.0,2.0,0.5225806451612903
1972,6,120,2435.73,20.29775,17139,142.825,392.88,0.1612986661083125,756,87,27.996896551724138,0.0,0.0,Unknown,Unknown,Unknown,Unknown,Unknown,Unknown,Unknown,5.0,1.0,0,0.041666666666666664,0.0,18.0,151.0,2.0,1.2583333333333333
1973,125,130,1683.55,12.950384615384616,418,3.2153846153846155,155.13,0.09214457545068457,179,94,17.91010638297872,0.0,0.0,Unknown,Unknown,Unknown,Unknown,Unknown,Unknown,Unknown,3.0,1.0,0,0.023076923076923078,0.0,16.0,148.0,2.0,1.1384615384615384
1974,201,198,5266.0,26.595959595959595,237349,1198.7323232323233,801.42,0.1521876186859096,647,166,31.72289156626506,0.0,0.0,Unknown,Unknown,Unknown,Unknown,Unknown,Unknown,Unknown,0.0,0.0,0,0.0,0.0,9.0,74.0,2.0,0.37373737373737376
1975,1,363,17548.27,48.34234159779614,545648,1503.1625344352617,1625.6,0.09263591225801746,1673,285,61.57287719298246,6.0,0.01652892561983471,Age Group3,Z,Level6,Renter,Group2,1,None/Unknown,5.0,1.0,1,0.013774104683195593,1.2,17.0,148.0,2.0,0.40771349862258954
1976,1,165,3546.81,21.49581818181818,1667,10.103030303030303,525.92,0.1482797217781612,853,138,25.701521739130435,0.0,0.0,Age Group2,X,Level5,Homeowner,Group4,5+,3+,14.0,3.0,0,0.08484848484848485,0.0,19.0,216.0,2.0,1.309090909090909
1977,71,30,357.99,11.933,10179,339.3,94.41000000000001,0.2637224503477751,74,27,13.258888888888889,0.0,0.0,Unknown,Unknown,Unknown,Unknown,Unknown,Unknown,Unknown,7.0,3.0,0,0.23333333333333334,0.0,15.0,163.0,2.0,5.433333333333334
1978,1,89,1459.68,16.400898876404494,64598,725.8202247191011,183.63,0.12580154554422887,329,83,17.586506024096387,0.0,0.0,Unknown,Unknown,Unknown,Unknown,Unknown,Unknown,Unknown,0.0,0.0,0,0.0,0.0,9.0,42.0,2.0,0.47191011235955055
1979,3,101,1146.67,11.353168316831685,26122,258.63366336633663,257.56,0.22461562611736594,204,94,12.198617021276597,0.0,0.0,Age Group4,Y,Level9,Unknown,Group4,3,1,6.0,2.0,0,0.0594059405940594,0.0,12.0,112.0,2.0,1.108910891089109
1980,49,54,4443.15,82.28055555555555,110374,2043.962962962963,853.7,0.19213846032657014,838,50,88.863,0.0,0.0,Age Group5,X,Level5,Homeowner,Group3,2,None/Unknown,3.0,2.0,0,0.05555555555555555,0.0,8.0,79.0,2.0,1.462962962962963
1981,0,100,1450.68,14.5068,775,7.75,498.37,0.3435423387652687,369,96,15.11125,0.0,0.0,Unknown,Unknown,Unknown,Unknown,Unknown,Unknown,Unknown,1.0,1.0,0,0.01,0.0,19.0,156.0,2.0,1.56
1982,0,160,4213.85,26.336562500000003,353562,2209.7625,517.22,0.12274285985500195,550,141,29.885460992907802,0.0,0.0,Age Group2,Y,Level7,Unknown,Group2,1,None/Unknown,1.0,1.0,0,0.00625,0.0,13.0,101.0,2.0,0.63125
1983,7,38,2497.9,65.73421052631579,22755,598.8157894736842,323.49,0.1295047840185756,461,34,73.46764705882353,0.0,0.0,Unknown,Unknown,Unknown,Unknown,Unknown,Unknown,Unknown,2.0,1.0,0,0.05263157894736842,0.0,12.0,113.0,2.0,2.973684210526316
1984,66,3,38.94,12.979999999999999,22,7.333333333333333,12.26,0.3148433487416538,15,3,12.979999999999999,0.0,0.0,Unknown,Unknown,Unknown,Unknown,Unknown,Unknown,Unknown,0.0,0.0,0,0.0,0.0,15.0,139.0,2.0,46.333333333333336
1985,0,156,8605.36,55.162564102564104,3291,21.096153846153847,1193.53,0.13869611497950113,1298,141,61.03092198581561,3.0,0.019230769230769232,Age Group2,Y,Level5,Unknown,Group6,5+,3+,0.0,0.0,1,0.0,0.0,2.0,9.0,2.0,0.057692307692307696
1986,74,12,230.06,19.171666666666667,130,10.833333333333334,52.86,0.22976614796140138,94,12,19.171666666666667,0.0,0.0,Unknown,Unknown,Unknown,Unknown,Unknown,Unknown,Unknown,12.0,2.0,0,1.0,0.0,18.0,170.0,2.0,14.166666666666666
1987,4,76,1973.54,25.96763157894737,1168,15.368421052631579,652.92,0.3308369731548385,694,70,28.19342857142857,0.0,0.0,Unknown,Unknown,Unknown,Unknown,Unknown,Unknown,Unknown,0.0,0.0,0,0.0,0.0,6.0,58.0,2.0,0.7631578947368421
1988,7,184,7907.93,42.97788043478261,402444,2187.195652173913,1321.93,0.16716511147670757,1110,129,61.301782945736434,0.0,0.0,Unknown,Unknown,Unknown,Unknown,Unknown,Unknown,Unknown,1.0,1.0,0,0.005434782608695652,0.0,14.0,150.0,2.0,0.8152173913043478
1989,4,153,3052.87,19.953398692810456,117677,769.1307189542483,660.52,0.21636034289046047,452,135,22.61385185185185,8.0,0.05228758169934641,Age Group6,Y,Level2,Homeowner,Group3,1,None/Unknown,1.0,1.0,1,0.006535947712418301,8.0,19.0,159.0,2.0,1.0392156862745099
1990,9,131,4593.26,35.063053435114504,474924,3625.374045801527,756.25,0.16464341230411514,603,112,41.011250000000004,10.0,0.07633587786259542,Age Group3,X,Level8,Homeowner,Group4,5+,3+,3.0,2.0,1,0.022900763358778626,3.3333333333333335,12.0,113.0,2.0,0.8625954198473282
1991,2,45,320.14,7.114222222222222,13658,303.5111111111111,38.01,0.11872930592865621,89,42,7.6223809523809525,0.0,0.0,Unknown,Unknown,Unknown,Unknown,Unknown,Unknown,Unknown,3.0,1.0,0,0.06666666666666667,0.0,16.0,129.0,2.0,2.8666666666666667
1992,27,30,528.65,17.621666666666666,204,6.8,104.7,0.19805164097228792,113,30,17.621666666666666,0.0,0.0,Unknown,Unknown,Unknown,Unknown,Unknown,Unknown,Unknown,0.0,0.0,0,0.0,0.0,6.0,40.0,2.0,1.3333333333333333
1993,19,82,1359.33,16.57719512195122,62653,764.060975609756,332.08,0.2442968226994181,444,73,18.62095890410959,0.0,0.0,Unknown,Unknown,Unknown,Unknown,Unknown,Unknown,Unknown,0.0,0.0,0,0.0,0.0,12.0,57.0,2.0,0.6951219512195121
1994,0,43,1069.0,24.86046511627907,494,11.488372093023257,217.46,0.20342376052385408,318,42,25.452380952380953,0.0,0.0,Unknown,Unknown,Unknown,Unknown,Unknown,Unknown,Unknown,1.0,1.0,0,0.023255813953488372,0.0,12.0,113.0,2.0,2.627906976744186
1995,0,154,15332.43,99.56123376623377,427801,2777.9285714285716,2480.39,0.1617740958217321,2225,141,108.74063829787234,7.0,0.045454545454545456,Age Group2,Z,Level3,Unknown,Group1,3,2,0.0,0.0,1,0.0,0.0,12.0,101.0,2.0,0.6558441558441559
1996,3,119,2654.2,22.304201680672268,833,7.0,333.54,0.12566498379926155,455,110,24.12909090909091,0.0,0.0,Unknown,Unknown,Unknown,Unknown,Unknown,Unknown,Unknown,11.0,3.0,0,0.09243697478991597,0.0,20.0,224.0,2.0,1.8823529411764706
1997,0,67,4295.68,64.11462686567165,118002,1761.2238805970148,481.85,0.11217083209177592,734,59,72.80813559322034,0.0,0.0,Age Group2,Y,Level5,Unknown,Group2,1,None/Unknown,2.0,1.0,0,0.029850746268656716,0.0,12.0,117.0,2.0,1.7462686567164178
1998,4,331,2383.54,7.201027190332326,1950,5.891238670694864,594.16,0.24927628653179723,441,304,7.840592105263158,0.0,0.0,Unknown,Unknown,Unknown,Unknown,Unknown,Unknown,Unknown,4.0,2.0,0,0.012084592145015106,0.0,17.0,150.0,2.0,0.45317220543806647
1999,0,52,783.33,15.064038461538463,398,7.653846153846154,158.93,0.20289022506478752,249,47,16.66659574468085,0.0,0.0,Unknown,Unknown,Unknown,Unknown,Unknown,Unknown,Unknown,5.0,1.0,0,0.09615384615384616,0.0,8.0,88.0,2.0,1.6923076923076923
2000,0,61,552.29,9.053934426229507,259,4.245901639344262,156.52,0.2834018359919608,163,59,9.360847457627118,0.0,0.0,Unknown,Unknown,Unknown,Unknown,Unknown,Unknown,Unknown,0.0,0.0,0,0.0,0.0,11.0,82.0,2.0,1.3442622950819672
2001,20,35,1214.28,34.693714285714286,57473,1642.0857142857142,219.3,0.18060084988635242,291,32,37.94625,0.0,0.0,Unknown,Unknown,Unknown,Unknown,Unknown,Unknown,Unknown,0.0,0.0,0,0.0,0.0,9.0,65.0,2.0,1.8571428571428572
2002,24,63,2465.12,39.12888888888889,64774,1028.1587301587301,671.14,0.2722544947101967,600,56,44.019999999999996,0.0,0.0,Age Group3,Y,Level4,Homeowner,Group3,1,None/Unknown,0.0,0.0,0,0.0,0.0,12.0,115.0,2.0,1.8253968253968254
2003,4,42,1976.48,47.05904761904762,950,22.61904761904762,248.06,0.1255059499716668,542,40,49.412,0.0,0.0,Unknown,Unknown,Unknown,Unknown,Unknown,Unknown,Unknown,1.0,1.0,0,0.023809523809523808,0.0,13.0,137.0,2.0,3.261904761904762
2004,0,248,10053.87,40.53979838709678,4227,17.044354838709676,1399.57,0.13920709139863555,1106,224,44.88334821428572,16.0,0.06451612903225806,Age Group4,Y,Level5,Unknown,Group6,1,None/Unknown,0.0,0.0,1,0.0,0.0,14.0,141.0,2.0,0.5685483870967742
2005,6,52,1439.19,27.67673076923077,32277,620.7115384615385,344.17,0.2391414615165475,459,50,28.7838,0.0,0.0,Unknown,Unknown,Unknown,Unknown,Unknown,Unknown,Unknown,10.0,3.0,0,0.19230769230769232,0.0,13.0,168.0,2.0,3.230769230769231
2006,0,111,4873.24,43.90306306306306,68094,613.4594594594595,1188.7,0.24392396024000462,913,99,49.22464646464646,1.0,0.009009009009009009,Age Group4,Y,Level1,Unknown,Group2,1,None/Unknown,0.0,0.0,1,0.0,0.0,13.0,110.0,2.0,0.990990990990991
2007,1,191,8887.75,46.532722513089006,650821,3407.439790575916,1249.22,0.1405552586425136,1179,160,55.5484375,23.0,0.12041884816753927,Age Group4,X,Level5,Homeowner,Group4,3,1,5.0,2.0,1,0.02617801047120419,4.6,15.0,151.0,2.0,0.7905759162303665
2008,11,68,2332.45,34.30073529411764,952,14.0,275.44,0.11809041994469335,544,65,35.88384615384615,0.0,0.0,Unknown,Unknown,Unknown,Unknown,Unknown,Unknown,Unknown,10.0,3.0,0,0.14705882352941177,0.0,14.0,173.0,2.0,2.5441176470588234
2009,395,33,1506.88,45.663030303030304,31504,954.6666666666666,294.23,0.19525775111488639,339,30,50.22933333333334,0.0,0.0,Unknown,Unknown,Unknown,Unknown,Unknown,Unknown,Unknown,3.0,2.0,0,0.09090909090909091,0.0,15.0,137.0,2.0,4.151515151515151
2010,3,58,1605.98,27.689310344827586,8006,138.0344827586207,258.88,0.16119752425310402,375,47,34.16978723404255,0.0,0.0,Unknown,Unknown,Unknown,Unknown,Unknown,Unknown,Unknown,1.0,1.0,0,0.017241379310344827,0.0,13.0,111.0,2.0,1.9137931034482758
2011,1,104,1367.34,13.147499999999999,716,6.884615384615385,325.51,0.2380607603083359,230,102,13.405294117647058,2.0,0.019230769230769232,Age Group4,Y,Level6,Homeowner,Group2,1,None/Unknown,0.0,0.0,1,0.0,0.0,10.0,95.0,2.0,0.9134615384615384
2012,6,303,8535.06,28.168514851485146,488172,1611.1287128712872,1908.31,0.22358483713061186,1380,226,37.76575221238938,0.0,0.0,Age Group4,X,Level3,Renter,Group2,2,None/Unknown,3.0,1.0,0,0.009900990099009901,0.0,10.0,62.0,2.0,0.20462046204620463
2013,95,94,1182.47,12.579468085106383,622,6.617021276595745,211.5,0.17886288869907904,440,81,14.598395061728395,0.0,0.0,Age Group1,Y,Level3,Unknown,Group3,1,None/Unknown,6.0,2.0,0,0.06382978723404255,0.0,18.0,158.0,2.0,1.6808510638297873
2014,7,44,1489.89,33.86113636363637,803,18.25,266.78,0.17906019907509949,429,42,35.47357142857143,0.0,0.0,Unknown,Unknown,Unknown,Unknown,Unknown,Unknown,Unknown,2.0,2.0,0,0.045454545454545456,0.0,16.0,128.0,2.0,2.909090909090909
2015,6,122,6628.7,54.333606557377045,2387,19.565573770491802,973.87,0.14691719341650702,759,115,57.64086956521739,0.0,0.0,Unknown,Unknown,Unknown,Unknown,Unknown,Unknown,Unknown,1.0,1.0,0,0.00819672131147541,0.0,12.0,107.0,2.0,0.8770491803278688
2016,11,126,1728.53,13.718492063492063,1217,9.658730158730158,453.61,0.26242529779639345,455,97,17.819896907216496,0.0,0.0,Unknown,Unknown,Unknown,Unknown,Unknown,Unknown,Unknown,6.0,3.0,0,0.047619047619047616,0.0,13.0,162.0,2.0,1.2857142857142858
2017,0,170,7106.62,41.80364705882353,606148,3565.576470588235,1261.55,0.17751758219800692,1240,154,46.14688311688312,0.0,0.0,Age Group4,X,Level6,Homeowner,Group5,2,None/Unknown,2.0,1.0,0,0.011764705882352941,0.0,16.0,117.0,2.0,0.6882352941176471
2018,3,148,4038.15,27.2847972972973,1783,12.047297297297296,572.32,0.14172826665676114,804,118,34.22161016949153,0.0,0.0,Age Group4,Y,Level5,Unknown,Group6,1,None/Unknown,7.0,3.0,0,0.0472972972972973,0.0,16.0,174.0,2.0,1.1756756756756757
2019,0,337,13160.5,39.05192878338279,110411,327.6290801186944,2393.38,0.1818608715474336,1637,250,52.642,9.0,0.026706231454005934,Unknown,Unknown,Unknown,Unknown,Unknown,Unknown,Unknown,3.0,2.0,1,0.008902077151335312,3.0,19.0,158.0,2.0,0.4688427299703264
2020,6,252,8458.210000000001,33.5643253968254,3707,14.71031746031746,1259.87,0.14895231969884878,1277,214,39.52434579439253,0.0,0.0,Age Group3,X,Level7,Unknown,Group4,5+,3+,10.0,3.0,0,0.03968253968253968,0.0,15.0,187.0,2.0,0.7420634920634921
2021,8,77,1393.24,18.094025974025975,645,8.376623376623376,301.35,0.21629439292584193,248,68,20.488823529411764,0.0,0.0,Unknown,Unknown,Unknown,Unknown,Unknown,Unknown,Unknown,6.0,3.0,0,0.07792207792207792,0.0,19.0,185.0,2.0,2.4025974025974026
2022,9,86,7875.78,91.57883720930232,71943,836.546511627907,1040.66,0.13213421400800937,1396,83,94.8889156626506,0.0,0.0,Unknown,Unknown,Unknown,Unknown,Unknown,Unknown,Unknown,1.0,1.0,0,0.011627906976744186,0.0,9.0,86.0,2.0,1.0
2023,1,109,1805.63,16.565412844036697,2670,24.495412844036696,493.7,0.27342257273084736,276,89,20.28797752808989,0.0,0.0,Age Group4,Y,Level4,Homeowner,Group4,3,1,0.0,0.0,0,0.0,0.0,19.0,209.0,2.0,1.9174311926605505
2024,2,99,4956.99,50.07060606060606,226198,2284.8282828282827,574.44,0.11588484140577247,789,90,55.077666666666666,1.0,0.010101010101010102,Age Group2,Z,Level8,Homeowner,Group5,2,None/Unknown,0.0,0.0,1,0.0,0.0,12.0,77.0,2.0,0.7777777777777778
2025,26,33,1119.54,33.92545454545454,151530,4591.818181818182,116.61,0.10415885095664291,210,31,36.11419354838709,0.0,0.0,Unknown,Unknown,Unknown,Unknown,Unknown,Unknown,Unknown,5.0,3.0,0,0.15151515151515152,0.0,18.0,169.0,2.0,5.121212121212121
2026,36,18,1181.63,65.64611111111111,722,40.111111111111114,654.05,0.5535150597056607,292,16,73.851875,0.0,0.0,Unknown,Unknown,Unknown,Unknown,Unknown,Unknown,Unknown,0.0,0.0,0,0.0,0.0,10.0,85.0,2.0,4.722222222222222
2027,21,133,1915.28,14.400601503759399,1029,7.7368421052631575,505.75,0.26406060732634395,492,112,17.100714285714286,0.0,0.0,Unknown,Unknown,Unknown,Unknown,Unknown,Unknown,Unknown,0.0,0.0,0,0.0,0.0,13.0,87.0,2.0,0.6541353383458647
2028,18,91,1984.73,21.810219780219782,5114,56.1978021978022,319.83,0.1611453447068367,382,86,23.07825581395349,0.0,0.0,Unknown,Unknown,Unknown,Unknown,Unknown,Unknown,Unknown,4.0,1.0,0,0.04395604395604396,0.0,11.0,124.0,2.0,1.3626373626373627
2029,40,46,1688.9,36.71521739130435,609,13.23913043478261,364.8,0.2159985789567174,337,44,38.38409090909091,0.0,0.0,Unknown,Unknown,Unknown,Unknown,Unknown,Unknown,Unknown,0.0,0.0,0,0.0,0.0,10.0,98.0,2.0,2.130434782608696
2030,1,90,2628.1,29.20111111111111,18944,210.48888888888888,450.93,0.17158022906282105,702,84,31.28690476190476,0.0,0.0,Age Group3,Z,Level6,Homeowner,Group3,1,None/Unknown,2.0,2.0,0,0.022222222222222223,0.0,14.0,91.0,2.0,1.011111111111111
2031,28,15,306.37,20.424666666666667,196,13.066666666666666,52.9,0.17266703658974442,120,11,27.85181818181818,0.0,0.0,Unknown,Unknown,Unknown,Unknown,Unknown,Unknown,Unknown,5.0,2.0,0,0.3333333333333333,0.0,16.0,149.0,2.0,9.933333333333334
2032,7,66,1274.78,19.314848484848483,54904,831.8787878787879,140.17,0.10995622774125731,162,61,20.898032786885246,0.0,0.0,Unknown,Unknown,Unknown,Unknown,Unknown,Unknown,Unknown,0.0,0.0,0,0.0,0.0,7.0,51.0,2.0,0.7727272727272727
2033,0,109,2512.78,23.053027522935782,155622,1427.7247706422017,226.89,0.09029441495077165,418,91,27.612967032967035,0.0,0.0,Unknown,Unknown,Unknown,Unknown,Unknown,Unknown,Unknown,1.0,1.0,0,0.009174311926605505,0.0,12.0,79.0,2.0,0.7247706422018348
2034,0,140,3118.35,22.27392857142857,208720,1490.857142857143,645.68,0.20705821989193002,668,119,26.204621848739496,0.0,0.0,Unknown,Unknown,Unknown,Unknown,Unknown,Unknown,Unknown,1.0,1.0,0,0.007142857142857143,0.0,14.0,132.0,2.0,0.9428571428571428
2035,69,68,1083.6200000000001,15.93558823529412,658,9.676470588235293,293.72,0.2710544286742585,332,51,21.24745098039216,0.0,0.0,Unknown,Unknown,Unknown,Unknown,Unknown,Unknown,Unknown,2.0,1.0,0,0.029411764705882353,0.0,14.0,117.0,2.0,1.7205882352941178
2036,2,49,4064.45,82.94795918367346,17855,364.38775510204084,407.37,0.10022758306781976,685,47,86.47765957446808,0.0,0.0,Unknown,Unknown,Unknown,Unknown,Unknown,Unknown,Unknown,1.0,1.0,0,0.02040816326530612,0.0,12.0,107.0,2.0,2.183673469387755
2037,13,97,1743.97,17.979072164948455,894,9.216494845360824,317.27,0.1819240009862555,404,88,19.817840909090908,0.0,0.0,Unknown,Unknown,Unknown,Unknown,Unknown,Unknown,Unknown,2.0,1.0,0,0.020618556701030927,0.0,18.0,151.0,2.0,1.556701030927835
2038,8,59,1489.8,25.250847457627117,63815,1081.6101694915253,285.22,0.19144851657940665,278,58,25.686206896551724,0.0,0.0,Unknown,Unknown,Unknown,Unknown,Unknown,Unknown,Unknown,4.0,2.0,0,0.06779661016949153,0.0,10.0,115.0,2.0,1.9491525423728813
2039,1,74,2260.46,30.546756756756757,59000,797.2972972972973,504.85,0.2233394972704671,471,53,42.65018867924528,0.0,0.0,Unknown,Unknown,Unknown,Unknown,Unknown,Unknown,Unknown,0.0,0.0,0,0.0,0.0,10.0,89.0,2.0,1.2027027027027026
2040,12,422,2968.51,7.034383886255925,139750,331.1611374407583,581.8100000000001,0.19599394982668072,577,240,12.368791666666668,0.0,0.0,Age Group2,Y,Level3,Homeowner,Group2,1,None/Unknown,1.0,1.0,0,0.002369668246445498,0.0,12.0,113.0,2.0,0.2677725118483412
2041,1,152,6406.99,42.15125,171837,1130.5065789473683,1052.28,0.16423936981328205,859,126,50.84912698412698,1.0,0.006578947368421052,Age Group3,Z,Level4,Renter,Group5,2,None/Unknown,0.0,0.0,1,0.0,0.0,13.0,124.0,2.0,0.8157894736842105
2042,28,29,4809.05,165.8293103448276,33007,1138.1724137931035,868.52,0.180601158232915,604,27,178.11296296296297,5.0,0.1724137931034483,Unknown,Unknown,Unknown,Unknown,Unknown,Unknown,Unknown,3.0,1.0,1,0.10344827586206896,1.6666666666666667,13.0,142.0,2.0,4.896551724137931
2043,7,65,1640.79,25.242923076923077,10295,158.3846153846154,332.25,0.2024939206114128,451,61,26.898196721311475,0.0,0.0,Unknown,Unknown,Unknown,Unknown,Unknown,Unknown,Unknown,4.0,3.0,0,0.06153846153846154,0.0,14.0,129.0,2.0,1.9846153846153847
2044,62,49,1000.84,20.42530612244898,413,8.428571428571429,115.26,0.11516326285919827,268,47,21.294468085106384,0.0,0.0,Unknown,Unknown,Unknown,Unknown,Unknown,Unknown,Unknown,1.0,1.0,0,0.02040816326530612,0.0,11.0,119.0,2.0,2.4285714285714284
2045,114,19,310.64,16.349473684210526,13893,731.2105263157895,33.8,0.10880762297192892,86,19,16.349473684210526,0.0,0.0,Unknown,Unknown,Unknown,Unknown,Unknown,Unknown,Unknown,2.0,1.0,0,0.10526315789473684,0.0,13.0,93.0,2.0,4.894736842105263
2046,21,48,638.8,13.308333333333332,16367,340.9791666666667,82.79,0.1296023794614903,160,45,14.195555555555554,0.0,0.0,Unknown,Unknown,Unknown,Unknown,Unknown,Unknown,Unknown,0.0,0.0,0,0.0,0.0,10.0,45.0,2.0,0.9375
2047,14,119,4816.35,40.47352941176471,398288,3346.9579831932774,788.88,0.16379208321654362,997,89,54.11629213483147,0.0,0.0,Unknown,Unknown,Unknown,Unknown,Unknown,Unknown,Unknown,1.0,1.0,0,0.008403361344537815,0.0,12.0,79.0,2.0,0.6638655462184874
2048,26,47,1538.46,32.7331914893617,65575,1395.212765957447,182.62,0.1187031187031187,252,28,54.945,0.0,0.0,Unknown,Unknown,Unknown,Unknown,Unknown,Unknown,Unknown,5.0,2.0,0,0.10638297872340426,0.0,19.0,170.0,2.0,3.617021276595745
2049,2,36,998.12,27.725555555555555,390,10.833333333333334,183.93,0.1842764397066485,235,34,29.356470588235293,0.0,0.0,Unknown,Unknown,Unknown,Unknown,Unknown,Unknown,Unknown,0.0,0.0,0,0.0,0.0,12.0,100.0,2.0,2.7777777777777777
2050,3,160,5193.22,32.457625,395770,2473.5625,1014.32,0.1953162007386554,877,146,35.57,0.0,0.0,Age Group3,X,Level3,Homeowner,Group4,5+,3+,0.0,0.0,0,0.0,0.0,9.0,91.0,2.0,0.56875
2051,249,288,4923.16,17.094305555555554,250384,869.3888888888889,577.62,0.11732708260548104,644,189,26.04846560846561,0.0,0.0,Unknown,Unknown,Unknown,Unknown,Unknown,Unknown,Unknown,5.0,1.0,0,0.017361111111111112,0.0,15.0,163.0,2.0,0.5659722222222222
2052,120,6,131.83,21.971666666666668,68,11.333333333333334,40.38,0.30630357278312975,51,6,21.971666666666668,0.0,0.0,Unknown,Unknown,Unknown,Unknown,Unknown,Unknown,Unknown,6.0,2.0,0,1.0,0.0,14.0,138.0,2.0,23.0
2053,11,165,3351.34,20.311151515151515,44566,270.0969696969697,625.07,0.18651345431976463,598,138,24.285072463768117,0.0,0.0,Age Group4,X,Level2,Homeowner,Group5,2,None/Unknown,0.0,0.0,0,0.0,0.0,5.0,30.0,2.0,0.18181818181818182
2054,4,26,217.6,8.36923076923077,110,4.230769230769231,171.02,0.7859375000000001,66,25,8.704,0.0,0.0,Unknown,Unknown,Unknown,Unknown,Unknown,Unknown,Unknown,5.0,2.0,0,0.19230769230769232,0.0,14.0,132.0,2.0,5.076923076923077
2055,0,133,2408.7400000000002,18.110827067669174,32010,240.6766917293233,304.45,0.1263938822787017,443,125,19.269920000000003,0.0,0.0,Unknown,Unknown,Unknown,Unknown,Unknown,Unknown,Unknown,0.0,0.0,0,0.0,0.0,7.0,32.0,2.0,0.24060150375939848
2056,0,108,2450.8,22.692592592592593,929,8.601851851851851,414.28,0.16903868124693974,502,70,35.011428571428574,0.0,0.0,Unknown,Unknown,Unknown,Unknown,Unknown,Unknown,Unknown,3.0,2.0,0,0.027777777777777776,0.0,12.0,126.0,2.0,1.1666666666666667
2057,0,125,3150.45,25.203599999999998,307581,2460.648,709.07,0.2250694345252266,689,107,29.44345794392523,1.0,0.008,Age Group3,X,Level4,Homeowner,Group5,2,None/Unknown,3.0,3.0,1,0.024,0.3333333333333333,16.0,140.0,2.0,1.12
2058,0,167,5970.57,35.75191616766467,138770,830.9580838323353,520.63,0.08719937962372103,790,150,39.803799999999995,0.0,0.0,Age Group2,Z,Level8,Homeowner,Group5,2,None/Unknown,2.0,1.0,0,0.011976047904191617,0.0,13.0,139.0,2.0,0.8323353293413174
2059,1,54,2359.12,43.687407407407406,25283,468.2037037037037,481.69,0.2041820678897216,534,48,49.14833333333333,0.0,0.0,Unknown,Unknown,Unknown,Unknown,Unknown,Unknown,Unknown,7.0,2.0,0,0.12962962962962962,0.0,19.0,175.0,2.0,3.240740740740741
2060,15,32,629.9,19.684375,31540,985.625,61.19,0.09714240355612001,109,31,20.31935483870968,0.0,0.0,Unknown,Unknown,Unknown,Unknown,Unknown,Unknown,Unknown,1.0,1.0,0,0.03125,0.0,14.0,149.0,2.0,4.65625
2061,66,18,226.71,12.595,97,5.388888888888889,40.93,0.18053901460014996,73,18,12.595,0.0,0.0,Unknown,Unknown,Unknown,Unknown,Unknown,Unknown,Unknown,0.0,0.0,0,0.0,0.0,10.0,48.0,2.0,2.6666666666666665
2062,5,220,5357.62,24.352818181818183,54586,248.11818181818182,1641.34,0.30635618054285296,1081,174,30.790919540229883,7.0,0.031818181818181815,Age Group2,Y,Level3,Unknown,Group5,2,None/Unknown,0.0,0.0,1,0.0,0.0,8.0,45.0,2.0,0.20454545454545456
2063,5,81,2591.43,31.99296296296296,1340,16.54320987654321,529.5600000000001,0.204350493742837,432,79,32.80291139240506,0.0,0.0,Age Group5,X,Level6,Homeowner,Group5,2,None/Unknown,6.0,3.0,0,0.07407407407407407,0.0,18.0,175.0,2.0,2.1604938271604937
2064,0,271,5424.85,20.017896678966792,22382,82.59040590405904,584.7,0.10778178198475534,1140,222,24.43626126126126,2.0,0.007380073800738007,Age Group1,Y,Level5,Unknown,Group3,1,None/Unknown,2.0,1.0,1,0.007380073800738007,1.0,14.0,103.0,2.0,0.3800738007380074
2065,2,89,3268.33,36.722808988764044,1358,15.258426966292134,637.25,0.1949772513791447,739,84,38.90869047619047,0.0,0.0,Unknown,Unknown,Unknown,Unknown,Unknown,Unknown,Unknown,3.0,1.0,0,0.033707865168539325,0.0,17.0,180.0,2.0,2.0224719101123596
2066,1,112,2141.78,19.123035714285717,19031,169.91964285714286,567.74,0.265078579499295,404,86,24.904418604651166,1.0,0.008928571428571428,Unknown,Unknown,Unknown,Unknown,Unknown,Unknown,Unknown,3.0,3.0,1,0.026785714285714284,0.3333333333333333,13.0,127.0,2.0,1.1339285714285714
2067,9,6,120.01,20.00166666666667,76,12.666666666666666,16.04,0.13365552870594116,52,5,24.002000000000002,0.0,0.0,Unknown,Unknown,Unknown,Unknown,Unknown,Unknown,Unknown,5.0,2.0,0,0.8333333333333334,0.0,11.0,112.0,2.0,18.666666666666668
2068,15,108,2561.4,23.71666666666667,33021,305.75,720.52,0.2812992894510814,755,101,25.360396039603962,0.0,0.0,Age Group5,X,Level5,Homeowner,Group3,2,None/Unknown,0.0,0.0,0,0.0,0.0,6.0,35.0,2.0,0.32407407407407407
2069,17,89,2068.17,23.237865168539326,3381,37.98876404494382,301.64,0.14584874550931498,540,73,28.33109589041096,0.0,0.0,Age Group3,Y,Level2,Unknown,Group3,1,None/Unknown,4.0,2.0,0,0.0449438202247191,0.0,16.0,148.0,2.0,1.6629213483146068
2070,1,635,9210.42,14.50459842519685,122835,193.44094488188978,2206.18,0.23953087915643367,1646,363,25.37305785123967,0.0,0.0,Age Group4,Y,Level5,Unknown,Group6,1,None/Unknown,3.0,1.0,0,0.004724409448818898,0.0,13.0,138.0,2.0,0.2173228346456693
2071,0,215,1732.97,8.060325581395348,761,3.5395348837209304,362.63,0.2092534781329163,370,154,11.253051948051949,0.0,0.0,Unknown,Unknown,Unknown,Unknown,Unknown,Unknown,Unknown,7.0,3.0,0,0.03255813953488372,0.0,20.0,199.0,2.0,0.9255813953488372
2072,35,12,278.28,23.189999999999998,178,14.833333333333334,65.99,0.23713525945091277,120,11,25.298181818181817,0.0,0.0,Unknown,Unknown,Unknown,Unknown,Unknown,Unknown,Unknown,2.0,1.0,0,0.16666666666666666,0.0,10.0,102.0,2.0,8.5
2073,128,72,1697.23,23.57263888888889,114970,1596.8055555555557,496.33,0.2924353210819983,422,58,29.26258620689655,0.0,0.0,Unknown,Unknown,Unknown,Unknown,Unknown,Unknown,Unknown,0.0,0.0,0,0.0,0.0,7.0,53.0,2.0,0.7361111111111112
2074,66,29,678.72,23.404137931034484,3941,135.89655172413794,147.29,0.21701143328618575,201,28,24.240000000000002,0.0,0.0,Unknown,Unknown,Unknown,Unknown,Unknown,Unknown,Unknown,0.0,0.0,0,0.0,0.0,11.0,83.0,2.0,2.8620689655172415
2075,0,155,4736.51,30.558129032258066,169218,1091.7290322580645,969.76,0.20474146576276625,960,115,41.18704347826087,0.0,0.0,Unknown,Unknown,Unknown,Unknown,Unknown,Unknown,Unknown,1.0,1.0,0,0.0064516129032258064,0.0,11.0,88.0,2.0,0.567741935483871
2076,6,252,8297.94,32.928333333333335,682151,2706.9484126984125,1068.15,0.12872471962920917,986,207,40.086666666666666,0.0,0.0,Age Group2,X,Level7,Homeowner,Group4,3,1,4.0,2.0,0,0.015873015873015872,0.0,15.0,155.0,2.0,0.6150793650793651
2077,13,109,1835.18,16.83651376146789,82476,756.6605504587156,203.9,0.11110626750509486,350,89,20.62,0.0,0.0,Unknown,Unknown,Unknown,Unknown,Unknown,Unknown,Unknown,10.0,3.0,0,0.09174311926605505,0.0,19.0,169.0,2.0,1.5504587155963303
2078,1,92,2323.92,25.26,143234,1556.891304347826,378.67,0.16294450755619816,343,65,35.75261538461539,0.0,0.0,Unknown,Unknown,Unknown,Unknown,Unknown,Unknown,Unknown,0.0,0.0,0,0.0,0.0,18.0,116.0,2.0,1.2608695652173914
2079,13,120,4802.87,40.023916666666665,9783,81.525,717.45,0.14937943354702501,678,95,50.55652631578947,0.0,0.0,Unknown,Unknown,Unknown,Unknown,Unknown,Unknown,Unknown,5.0,2.0,0,0.041666666666666664,0.0,13.0,97.0,2.0,0.8083333333333333
2080,0,130,5704.14,43.878,77840,598.7692307692307,858.97,0.15058711742699163,655,94,60.68234042553192,3.0,0.023076923076923078,Unknown,Unknown,Unknown,Unknown,Unknown,Unknown,Unknown,7.0,2.0,1,0.05384615384615385,0.42857142857142855,19.0,141.0,2.0,1.0846153846153845
2081,32,35,921.84,26.338285714285714,492,14.057142857142857,191.22,0.20743296016662327,197,31,29.73677419354839,0.0,0.0,Unknown,Unknown,Unknown,Unknown,Unknown,Unknown,Unknown,8.0,2.0,0,0.22857142857142856,0.0,14.0,126.0,2.0,3.6
2082,0,191,5082.41,26.609476439790576,456309,2389.0523560209426,981.97,0.1932095206801498,825,157,32.37203821656051,3.0,0.015706806282722512,Age Group4,X,Level1,Homeowner,Group4,3,1,1.0,1.0,1,0.005235602094240838,3.0,11.0,79.0,2.0,0.41361256544502617
2083,0,383,8308.39,21.692924281984332,368048,960.9608355091384,1195.81,0.14392800530548036,1013,297,27.9743771043771,1.0,0.0026109660574412533,Unknown,Unknown,Unknown,Unknown,Unknown,Unknown,Unknown,5.0,2.0,1,0.013054830287206266,0.2,18.0,151.0,2.0,0.39425587467362927
2084,6,132,2937.95,22.257196969696967,150947,1143.5378787878788,817.94,0.27840501029629505,677,112,26.23169642857143,2.0,0.015151515151515152,Age Group5,X,Level8,Homeowner,Group5,2,None/Unknown,6.0,2.0,1,0.045454545454545456,0.3333333333333333,18.0,177.0,2.0,1.3409090909090908
2085,0,359,12894.57,35.918022284122564,412750,1149.7214484679666,2914.36,0.2260145161878217,1886,255,50.566941176470586,8.0,0.022284122562674095,Age Group3,X,Level4,Homeowner,Group5,2,None/Unknown,3.0,1.0,1,0.008356545961002786,2.6666666666666665,17.0,139.0,2.0,0.3871866295264624
2086,1,575,6269.54,10.903547826086957,19982,34.751304347826085,973.51,0.15527614466133083,911,374,16.763475935828875,0.0,0.0,Age Group4,X,Level3,Homeowner,Group5,2,None/Unknown,8.0,3.0,0,0.01391304347826087,0.0,19.0,208.0,2.0,0.3617391304347826
2087,7,227,7832.74,34.50546255506608,492857,2171.1762114537446,1818.86,0.23221248247739615,1311,200,39.1637,6.0,0.02643171806167401,Age Group4,Z,Level7,Homeowner,Group6,1,None/Unknown,6.0,2.0,1,0.02643171806167401,1.0,19.0,177.0,2.0,0.7797356828193832
2088,0,109,4905.71,45.00651376146789,3279,30.08256880733945,972.03,0.19814257263474602,984,104,47.17028846153846,2.0,0.01834862385321101,Age Group2,Y,Level4,Unknown,Group3,1,None/Unknown,7.0,2.0,1,0.06422018348623854,0.2857142857142857,17.0,166.0,2.0,1.5229357798165137
2089,17,34,159.96,4.7047058823529415,68,2.0,24.36,0.15228807201800448,23,34,4.7047058823529415,0.0,0.0,Unknown,Unknown,Unknown,Unknown,Unknown,Unknown,Unknown,10.0,3.0,0,0.29411764705882354,0.0,17.0,167.0,2.0,4.911764705882353
2090,14,56,1201.03,21.446964285714284,35842,640.0357142857143,304.83,0.25380714886389183,374,53,22.660943396226415,0.0,0.0,Unknown,Unknown,Unknown,Unknown,Unknown,Unknown,Unknown,0.0,0.0,0,0.0,0.0,2.0,15.0,2.0,0.26785714285714285
2091,19,15,834.5600000000001,55.63733333333334,343,22.866666666666667,153.51,0.1839412384969325,235,15,55.63733333333334,0.0,0.0,Unknown,Unknown,Unknown,Unknown,Unknown,Unknown,Unknown,0.0,0.0,0,0.0,0.0,13.0,98.0,2.0,6.533333333333333
2092,152,122,2290.54,18.774918032786886,162402,1331.1639344262296,361.52,0.15783177765941656,436,94,24.36744680851064,0.0,0.0,Age Group3,X,Level1,Homeowner,Group1,3,1,0.0,0.0,0,0.0,0.0,12.0,86.0,2.0,0.7049180327868853
2093,50,19,490.98,25.841052631578947,62652,3297.4736842105262,89.57,0.18243105625483724,98,17,28.881176470588237,0.0,0.0,Unknown,Unknown,Unknown,Unknown,Unknown,Unknown,Unknown,3.0,1.0,0,0.15789473684210525,0.0,14.0,111.0,2.0,5.842105263157895
2094,3,75,3055.52,40.74026666666666,1663,22.173333333333332,691.96,0.22646227156097817,730,73,41.85643835616438,3.0,0.04,Age Group4,X,Level5,Homeowner,Group5,2,None/Unknown,0.0,0.0,1,0.0,0.0,11.0,57.0,2.0,0.76
2095,0,164,3790.49,23.11274390243902,80276,489.4878048780488,500.85,0.13213331257964012,976,111,34.148558558558555,0.0,0.0,Unknown,Unknown,Unknown,Unknown,Unknown,Unknown,Unknown,2.0,2.0,0,0.012195121951219513,0.0,17.0,150.0,2.0,0.9146341463414634
2096,120,26,1301.65,50.06346153846154,618,23.76923076923077,343.75,0.2640878884492759,303,24,54.23541666666667,0.0,0.0,Unknown,Unknown,Unknown,Unknown,Unknown,Unknown,Unknown,9.0,3.0,0,0.34615384615384615,0.0,17.0,162.0,2.0,6.230769230769231
2097,66,202,8823.83,43.68232673267327,692236,3426.910891089109,1862.11,0.211031944178435,730,166,53.155602409638554,0.0,0.0,Age Group3,X,Level2,Homeowner,Group4,5+,3+,0.0,0.0,0,0.0,0.0,9.0,90.0,2.0,0.44554455445544555
2098,79,13,682.46,52.49692307692308,279,21.46153846153846,103.5,0.151657239984761,158,13,52.49692307692308,0.0,0.0,Unknown,Unknown,Unknown,Unknown,Unknown,Unknown,Unknown,6.0,2.0,0,0.46153846153846156,0.0,15.0,152.0,2.0,11.692307692307692
2099,15,53,691.3,13.043396226415094,52524,991.0188679245283,81.17,0.11741646173875309,109,48,14.402083333333332,0.0,0.0,Unknown,Unknown,Unknown,Unknown,Unknown,Unknown,Unknown,1.0,1.0,0,0.018867924528301886,0.0,7.0,77.0,2.0,1.4528301886792452
2100,2,71,3185.31,44.86352112676056,23296,328.11267605633805,1274.55,0.400133738945346,660,57,55.88263157894737,15.0,0.2112676056338028,Age Group6,X,Level4,Homeowner,Group5,2,None/Unknown,1.0,1.0,1,0.014084507042253521,15.0,11.0,64.0,2.0,0.9014084507042254
2101,8,10,420.02,42.001999999999995,170,17.0,59.92,0.1426598733393648,86,10,42.001999999999995,0.0,0.0,Unknown,Unknown,Unknown,Unknown,Unknown,Unknown,Unknown,4.0,2.0,0,0.4,0.0,13.0,117.0,2.0,11.7
2102,0,106,3619.76,34.14867924528302,1236,11.660377358490566,642.34,0.1774537538400336,542,104,34.80538461538462,0.0,0.0,Age Group5,X,Level10,Homeowner,Group5,2,None/Unknown,0.0,0.0,0,0.0,0.0,7.0,32.0,2.0,0.3018867924528302
2103,6,30,361.01,12.033666666666667,162,5.4,53.69,0.14872164205977673,117,30,12.033666666666667,0.0,0.0,Unknown,Unknown,Unknown,Unknown,Unknown,Unknown,Unknown,3.0,2.0,0,0.1,0.0,15.0,138.0,2.0,4.6
2104,82,29,494.57,17.054137931034482,15575,537.0689655172414,123.37,0.24944901631720487,162,21,23.55095238095238,0.0,0.0,Unknown,Unknown,Unknown,Unknown,Unknown,Unknown,Unknown,0.0,0.0,0,0.0,0.0,10.0,58.0,2.0,2.0
2105,10,35,899.92,25.712,4236,121.02857142857142,179.47,0.1994288381189439,309,27,33.33037037037037,0.0,0.0,Unknown,Unknown,Unknown,Unknown,Unknown,Unknown,Unknown,0.0,0.0,0,0.0,0.0,11.0,71.0,2.0,2.0285714285714285
2106,219,52,2807.03,53.98134615384616,134928,2594.769230769231,237.1,0.08446650017990544,473,47,59.724042553191495,0.0,0.0,Unknown,Unknown,Unknown,Unknown,Unknown,Unknown,Unknown,0.0,0.0,0,0.0,0.0,10.0,104.0,2.0,2.0
2107,14,87,3409.06,39.18459770114942,1563,17.96551724137931,812.14,0.23822989328436578,575,86,39.64023255813954,0.0,0.0,Age Group3,X,Level6,Homeowner,Group4,5+,3+,0.0,0.0,0,0.0,0.0,19.0,141.0,2.0,1.6206896551724137
2108,3,131,1830.99,13.977022900763359,4324,33.00763358778626,504.74,0.2756650773625197,423,121,15.132148760330578,0.0,0.0,Unknown,Unknown,Unknown,Unknown,Unknown,Unknown,Unknown,4.0,2.0,0,0.030534351145038167,0.0,14.0,127.0,2.0,0.9694656488549618
2109,2,120,2508.2400000000002,20.902,1231,10.258333333333333,495.24,0.1974452205530571,383,110,22.802181818181822,0.0,0.0,Unknown,Unknown,Unknown,Unknown,Unknown,Unknown,Unknown,2.0,1.0,0,0.016666666666666666,0.0,13.0,119.0,2.0,0.9916666666666667
2110,7,222,12470.03,56.171306306306306,284700,1282.4324324324325,954.66,0.07655635150837647,1798,204,61.12759803921569,0.0,0.0,Age Group3,X,Level8,Homeowner,Group5,2,None/Unknown,4.0,2.0,0,0.018018018018018018,0.0,9.0,91.0,2.0,0.4099099099099099
2111,24,123,2590.37,21.05991869918699,122100,992.6829268292682,1632.26,0.6301261981879037,428,114,22.72254385964912,1.0,0.008130081300813009,Age Group4,Y,Level6,Homeowner,Group5,2,None/Unknown,11.0,2.0,1,0.08943089430894309,0.09090909090909091,22.0,212.0,2.0,1.7235772357723578
2112,0,132,5116.15,38.75871212121212,82034,621.469696969697,1689.84,0.33029524153904793,979,106,48.265566037735844,4.0,0.030303030303030304,Age Group4,X,Level4,Homeowner,Group4,5+,3+,5.0,2.0,1,0.03787878787878788,0.8,13.0,112.0,2.0,0.8484848484848485
2113,21,60,1599.08,26.651333333333334,13656,227.6,257.99,0.16133651849813643,484,58,27.570344827586204,0.0,0.0,Unknown,Unknown,Unknown,Unknown,Unknown,Unknown,Unknown,7.0,2.0,0,0.11666666666666667,0.0,17.0,161.0,2.0,2.683333333333333
2114,23,156,3170.28,20.322307692307692,28782,184.5,433.91,0.1368680368926404,519,146,21.714246575342468,0.0,0.0,Unknown,Unknown,Unknown,Unknown,Unknown,Unknown,Unknown,0.0,0.0,0,0.0,0.0,16.0,129.0,2.0,0.8269230769230769
2115,0,320,14774.86,46.1714375,1976712,6177.225,1497.02,0.10132211066636164,1566,248,59.576048387096776,2.0,0.00625,Age Group3,X,Level9,Homeowner,Group4,5+,3+,5.0,1.0,1,0.015625,0.4,18.0,121.0,2.0,0.378125
2116,3,224,12228.09,54.589687500000004,495774,2213.276785714286,1969.74,0.1610832108693999,2136,185,66.09778378378378,0.0,0.0,Age Group3,X,Level6,Homeowner,Group4,5+,3+,9.0,3.0,0,0.04017857142857143,0.0,19.0,190.0,2.0,0.8482142857142857
2117,4,63,1050.39,16.672857142857143,678,10.761904761904763,274.18,0.26102685669132414,350,62,16.94177419354839,1.0,0.015873015873015872,Unknown,Unknown,Unknown,Unknown,Unknown,Unknown,Unknown,7.0,3.0,1,0.1111111111111111,0.14285714285714285,21.0,206.0,2.0,3.2698412698412698
2118,3,29,1107.79,38.19965517241379,24224,835.3103448275862,255.5,0.2306393811101382,291,26,42.60730769230769,0.0,0.0,Unknown,Unknown,Unknown,Unknown,Unknown,Unknown,Unknown,4.0,2.0,0,0.13793103448275862,0.0,13.0,107.0,2.0,3.689655172413793
2119,7,44,2295.16,52.16272727272727,157304,3575.090909090909,833.96,0.3633559316126109,707,38,60.39894736842105,0.0,0.0,Age Group2,Y,Level5,Homeowner,Group2,1,None/Unknown,0.0,0.0,0,0.0,0.0,10.0,90.0,2.0,2.0454545454545454
2120,14,72,1643.2,22.822222222222223,36411,505.7083333333333,221.81,0.13498661148977603,324,52,31.6,0.0,0.0,Unknown,Unknown,Unknown,Unknown,Unknown,Unknown,Unknown,0.0,0.0,0,0.0,0.0,12.0,110.0,2.0,1.5277777777777777
2121,1,143,5582.79,39.04048951048951,512254,3582.195804195804,777.4,0.13924937172990565,987,123,45.388536585365856,0.0,0.0,Age Group5,Z,Level4,Homeowner,Group5,2,None/Unknown,0.0,0.0,0,0.0,0.0,9.0,96.0,2.0,0.6713286713286714
2122,0,12,441.84000000000003,36.82,28759,2396.5833333333335,63.35,0.14337769328263625,140,12,36.82,0.0,0.0,Unknown,Unknown,Unknown,Unknown,Unknown,Unknown,Unknown,4.0,2.0,0,0.3333333333333333,0.0,18.0,189.0,2.0,15.75
2123,1,59,4332.45,73.43135593220339,1833,31.06779661016949,883.69,0.20397004004662492,647,59,73.43135593220339,10.0,0.1694915254237288,Age Group4,Y,Level6,Homeowner,Group5,2,None/Unknown,0.0,0.0,1,0.0,0.0,10.0,59.0,2.0,1.0
2124,0,240,7859.41,32.74754166666666,1122323,4676.345833333334,975.98,0.12417980484540189,962,200,39.29705,20.0,0.08333333333333333,Age Group2,X,Level5,Homeowner,Group4,4,2,3.0,1.0,1,0.0125,6.666666666666667,14.0,133.0,2.0,0.5541666666666667
2125,0,113,4833.29,42.772477876106194,470921,4167.442477876106,916.07,0.1895334234031064,708,96,50.34677083333333,0.0,0.0,Unknown,Unknown,Unknown,Unknown,Unknown,Unknown,Unknown,8.0,2.0,0,0.07079646017699115,0.0,18.0,169.0,2.0,1.4955752212389382
2126,12,127,4713.85,37.11692913385827,69145,544.4488188976378,642.82,0.13636836131824304,870,114,41.34956140350877,0.0,0.0,Unknown,Unknown,Unknown,Unknown,Unknown,Unknown,Unknown,0.0,0.0,0,0.0,0.0,17.0,131.0,2.0,1.031496062992126
2127,4,26,1461.82,56.223846153846154,65569,2521.8846153846152,406.35,0.2779754005281088,328,23,63.557391304347824,0.0,0.0,Unknown,Unknown,Unknown,Unknown,Unknown,Unknown,Unknown,0.0,0.0,0,0.0,0.0,16.0,174.0,2.0,6.6923076923076925
2128,15,82,1877.71,22.89890243902439,97584,1190.0487804878048,167.7,0.08931091595613805,348,62,30.285645161290322,0.0,0.0,Unknown,Unknown,Unknown,Unknown,Unknown,Unknown,Unknown,0.0,0.0,0,0.0,0.0,13.0,82.0,2.0,1.0
2129,4,163,7164.99,43.956993865030675,377508,2316.0,1190.44,0.1661467775949443,1234,140,51.1785,0.0,0.0,Age Group2,Y,Level4,Unknown,Group1,2,1,2.0,1.0,0,0.012269938650306749,0.0,13.0,99.0,2.0,0.6073619631901841
2130,6,97,6060.39,62.47824742268042,34696,357.69072164948454,1003.54,0.16559000328361703,1121,85,71.29870588235295,15.0,0.15463917525773196,Age Group2,Z,Level5,Homeowner,Group3,1,None/Unknown,8.0,2.0,1,0.08247422680412371,1.875,19.0,181.0,2.0,1.865979381443299
2131,29,140,3982.87,28.44907142857143,1730,12.357142857142858,672.99,0.16897111881633095,779,110,36.20790909090909,0.0,0.0,Unknown,Unknown,Unknown,Unknown,Unknown,Unknown,Unknown,3.0,1.0,0,0.02142857142857143,0.0,18.0,183.0,2.0,1.3071428571428572
2132,12,42,575.87,13.711190476190476,283,6.738095238095238,92.92,0.16135586156597845,187,36,15.99638888888889,0.0,0.0,Unknown,Unknown,Unknown,Unknown,Unknown,Unknown,Unknown,6.0,3.0,0,0.14285714285714285,0.0,15.0,144.0,2.0,3.4285714285714284
2133,2,141,6759.92,47.94269503546099,301668,2139.4893617021276,748.84,0.11077645889300465,965,121,55.86710743801653,0.0,0.0,Age Group5,X,Level7,Unknown,Group5,2,None/Unknown,0.0,0.0,0,0.0,0.0,11.0,67.0,2.0,0.475177304964539
2134,0,89,9129.83,102.58235955056179,13877,155.92134831460675,1580.03,0.17306236808352402,1449,78,117.04910256410257,1.0,0.011235955056179775,Age Group3,Y,Level4,Unknown,Group3,1,None/Unknown,7.0,3.0,1,0.07865168539325842,0.14285714285714285,15.0,168.0,2.0,1.8876404494382022
2135,34,45,779.29,17.317555555555554,4933,109.62222222222222,89.31,0.11460431931630075,216,41,19.007073170731708,0.0,0.0,Unknown,Unknown,Unknown,Unknown,Unknown,Unknown,Unknown,9.0,3.0,0,0.2,0.0,20.0,200.0,2.0,4.444444444444445
2136,7,18,1552.43,86.24611111111112,581,32.27777777777778,166.82,0.10745734107173914,371,18,86.24611111111112,0.0,0.0,Unknown,Unknown,Unknown,Unknown,Unknown,Unknown,Unknown,0.0,0.0,0,0.0,0.0,13.0,81.0,2.0,4.5
2137,26,186,2970.14,15.968494623655912,232943,1252.3817204301076,594.98,0.20032052361168162,657,156,19.039358974358972,0.0,0.0,Unknown,Unknown,Unknown,Unknown,Unknown,Unknown,Unknown,0.0,0.0,0,0.0,0.0,12.0,128.0,2.0,0.6881720430107527
2138,22,66,1878.48,28.46181818181818,957,14.5,438.89,0.2336410289169967,529,62,30.29806451612903,0.0,0.0,Unknown,Unknown,Unknown,Unknown,Unknown,Unknown,Unknown,3.0,1.0,0,0.045454545454545456,0.0,16.0,142.0,2.0,2.1515151515151514
2139,0,372,4695.59,12.62255376344086,97803,262.91129032258067,556.38,0.11848990222740911,863,244,19.24422131147541,0.0,0.0,Unknown,Unknown,Unknown,Unknown,Unknown,Unknown,Unknown,3.0,2.0,0,0.008064516129032258,0.0,13.0,128.0,2.0,0.34408602150537637
2140,59,51,1567.89,30.74294117647059,25199,494.0980392156863,219.55,0.14002895611299263,331,47,33.359361702127664,0.0,0.0,Age Group6,X,Level2,Homeowner,Group5,2,None/Unknown,9.0,3.0,0,0.17647058823529413,0.0,17.0,157.0,2.0,3.0784313725490198
2141,2,90,5246.67,58.29633333333334,2251,25.011111111111113,708.48,0.13503422170633944,693,86,61.007790697674416,0.0,0.0,Unknown,Unknown,Unknown,Unknown,Unknown,Unknown,Unknown,0.0,0.0,0,0.0,0.0,15.0,114.0,2.0,1.2666666666666666
2142,0,106,7631.12,71.99169811320755,33073,312.00943396226415,959.5,0.12573514765853505,1087,90,84.79022222222223,0.0,0.0,Unknown,Unknown,Unknown,Unknown,Unknown,Unknown,Unknown,8.0,2.0,0,0.07547169811320754,0.0,12.0,138.0,2.0,1.3018867924528301
2143,101,9,298.65,33.18333333333333,148,16.444444444444443,84.75,0.2837769964841788,105,8,37.33125,0.0,0.0,Unknown,Unknown,Unknown,Unknown,Unknown,Unknown,Unknown,5.0,2.0,0,0.5555555555555556,0.0,14.0,139.0,2.0,15.444444444444445
2144,69,49,2265.9,46.24285714285715,47316,965.6326530612245,358.96,0.15841828853877046,435,45,50.35333333333334,0.0,0.0,Unknown,Unknown,Unknown,Unknown,Unknown,Unknown,Unknown,0.0,0.0,0,0.0,0.0,6.0,48.0,2.0,0.9795918367346939
2145,27,38,1090.6200000000001,28.700526315789478,30233,795.6052631578947,110.32,0.10115347233683591,223,32,34.081875000000004,0.0,0.0,Unknown,Unknown,Unknown,Unknown,Unknown,Unknown,Unknown,1.0,1.0,0,0.02631578947368421,0.0,13.0,119.0,2.0,3.1315789473684212
2146,17,58,1692.54,29.181724137931035,616,10.620689655172415,217.55,0.1285346284282794,391,54,31.343333333333334,0.0,0.0,Unknown,Unknown,Unknown,Unknown,Unknown,Unknown,Unknown,1.0,1.0,0,0.017241379310344827,0.0,9.0,95.0,2.0,1.6379310344827587
2147,1,96,5706.01,59.43760416666667,117458,1223.5208333333333,1138.64,0.19955099973536675,1075,86,66.34895348837209,9.0,0.09375,Age Group2,X,Level6,Homeowner,Group4,3,1,2.0,1.0,1,0.020833333333333332,4.5,12.0,97.0,2.0,1.0104166666666667
2148,0,124,3263.92,26.32193548387097,11961,96.45967741935483,906.76,0.2778131816956298,523,120,27.199333333333335,2.0,0.016129032258064516,Age Group5,X,Level4,Homeowner,Group4,4,2,4.0,2.0,1,0.03225806451612903,0.5,15.0,155.0,2.0,1.25
2149,9,112,3703.42,33.066250000000004,365281,3261.4375,1225.8799999999999,0.33101295559239835,260,92,40.2545652173913,0.0,0.0,Unknown,Unknown,Unknown,Unknown,Unknown,Unknown,Unknown,5.0,1.0,0,0.044642857142857144,0.0,15.0,115.0,2.0,1.0267857142857142
2150,120,8,69.32,8.665,56,7.0,15.31,0.22085978072706292,36,8,8.665,0.0,0.0,Unknown,Unknown,Unknown,Unknown,Unknown,Unknown,Unknown,4.0,2.0,0,0.5,0.0,13.0,79.0,2.0,9.875
2151,12,41,834.27,20.348048780487805,463,11.292682926829269,149.5,0.17919858079518622,269,38,21.954473684210527,0.0,0.0,Unknown,Unknown,Unknown,Unknown,Unknown,Unknown,Unknown,0.0,0.0,0,0.0,0.0,5.0,24.0,2.0,0.5853658536585366
2152,84,25,156.55,6.2620000000000005,12677,507.08,30.990000000000002,0.19795592462472053,51,25,6.2620000000000005,0.0,0.0,Unknown,Unknown,Unknown,Unknown,Unknown,Unknown,Unknown,0.0,0.0,0,0.0,0.0,11.0,91.0,2.0,3.64
2153,17,41,933.4300000000001,22.76658536585366,9640,235.1219512195122,215.91,0.231308185937885,284,36,25.928611111111113,0.0,0.0,Unknown,Unknown,Unknown,Unknown,Unknown,Unknown,Unknown,0.0,0.0,0,0.0,0.0,9.0,31.0,2.0,0.7560975609756098
2154,2,120,2523.34,21.027833333333334,63902,532.5166666666667,783.16,0.310366419111178,506,106,23.80509433962264,0.0,0.0,Age Group4,X,Level4,Homeowner,Group5,2,None/Unknown,0.0,0.0,0,0.0,0.0,15.0,95.0,2.0,0.7916666666666666
2155,41,11,313.83,28.529999999999998,168,15.272727272727273,78.31,0.24953000031864386,126,11,28.529999999999998,0.0,0.0,Unknown,Unknown,Unknown,Unknown,Unknown,Unknown,Unknown,3.0,2.0,0,0.2727272727272727,0.0,15.0,123.0,2.0,11.181818181818182
2156,8,108,5874.46,54.39314814814815,356102,3297.240740740741,839.36,0.14288292030246186,900,89,66.00516853932584,1.0,0.009259259259259259,Age Group4,X,Level5,Homeowner,Group5,2,None/Unknown,0.0,0.0,1,0.0,0.0,7.0,65.0,2.0,0.6018518518518519
2157,113,12,390.7,32.55833333333333,272,22.666666666666668,224.98,0.5758382390581008,157,11,35.518181818181816,0.0,0.0,Unknown,Unknown,Unknown,Unknown,Unknown,Unknown,Unknown,6.0,2.0,0,0.5,0.0,17.0,145.0,2.0,12.083333333333334
2158,2,131,3194.17,24.38297709923664,402835,3075.0763358778627,593.38,0.18576969917067657,631,107,29.852056074766356,6.0,0.04580152671755725,Age Group2,Z,Level5,Probable Renter,Group3,1,None/Unknown,0.0,0.0,1,0.0,0.0,7.0,55.0,2.0,0.4198473282442748
2159,3,121,2018.95,16.685537190082645,45231,373.8099173553719,394.79,0.19554223730156764,306,91,22.186263736263736,0.0,0.0,Unknown,Unknown,Unknown,Unknown,Unknown,Unknown,Unknown,1.0,1.0,0,0.008264462809917356,0.0,17.0,128.0,2.0,1.0578512396694215
2160,19,57,748.07,13.1240350877193,227,3.982456140350877,260.92,0.3487908885532103,91,57,13.1240350877193,0.0,0.0,Unknown,Unknown,Unknown,Unknown,Unknown,Unknown,Unknown,1.0,1.0,0,0.017543859649122806,0.0,12.0,78.0,2.0,1.368421052631579
2161,12,40,2064.11,51.60275,166521,4163.025,203.76,0.09871566922305497,303,39,52.92589743589744,0.0,0.0,Unknown,Unknown,Unknown,Unknown,Unknown,Unknown,Unknown,0.0,0.0,0,0.0,0.0,12.0,51.0,2.0,1.275
2162,1,180,13923.45,77.3525,708787,3937.7055555555557,1187.7,0.08530213416933304,1011,132,105.48068181818182,1.0,0.005555555555555556,Age Group4,Y,Level6,Homeowner,Group6,1,None/Unknown,1.0,1.0,1,0.005555555555555556,1.0,15.0,117.0,2.0,0.65
2163,37,14,356.09999999999997,25.435714285714283,43,3.0714285714285716,23.099999999999998,0.06486941870261162,18,14,25.435714285714283,0.0,0.0,Unknown,Unknown,Unknown,Unknown,Unknown,Unknown,Unknown,7.0,3.0,0,0.5,0.0,18.0,171.0,2.0,12.214285714285714
2164,311,40,1596.48,39.912,1034,25.85,697.82,0.43709911805973145,484,37,43.14810810810811,0.0,0.0,Unknown,Unknown,Unknown,Unknown,Unknown,Unknown,Unknown,0.0,0.0,0,0.0,0.0,5.0,11.0,2.0,0.275
2165,70,11,182.1,16.554545454545455,47,4.2727272727272725,17.83,0.09791323448654585,43,11,16.554545454545455,0.0,0.0,Unknown,Unknown,Unknown,Unknown,Unknown,Unknown,Unknown,3.0,2.0,0,0.2727272727272727,0.0,12.0,123.0,2.0,11.181818181818182
2166,204,30,84.21,2.807,54,1.8,21.57,0.2561453509084432,19,21,4.01,0.0,0.0,Unknown,Unknown,Unknown,Unknown,Unknown,Unknown,Unknown,0.0,0.0,0,0.0,0.0,7.0,28.0,2.0,0.9333333333333333
2167,20,75,1714.61,22.861466666666665,966,12.88,384.07,0.22399846029126158,448,71,24.14943661971831,0.0,0.0,Unknown,Unknown,Unknown,Unknown,Unknown,Unknown,Unknown,0.0,0.0,0,0.0,0.0,6.0,11.0,2.0,0.14666666666666667
2168,0,197,5666.66,28.76477157360406,3124,15.857868020304569,1723.83,0.3042056520066494,953,188,30.141808510638295,5.0,0.025380710659898477,Age Group3,Y,Level5,Unknown,Group3,1,None/Unknown,8.0,3.0,1,0.04060913705583756,0.625,10.0,113.0,2.0,0.5736040609137056
2169,16,40,857.96,21.449,32925,823.125,162.77,0.18971746934589026,245,35,24.513142857142856,0.0,0.0,Unknown,Unknown,Unknown,Unknown,Unknown,Unknown,Unknown,7.0,2.0,0,0.175,0.0,21.0,167.0,2.0,4.175
2170,0,266,6198.89,23.304097744360902,194303,730.4624060150376,1316.3,0.2123444681225187,1137,235,26.378255319148938,0.0,0.0,Unknown,Unknown,Unknown,Unknown,Unknown,Unknown,Unknown,0.0,0.0,0,0.0,0.0,12.0,100.0,2.0,0.37593984962406013
2171,2,107,4031.08,37.67364485981308,30541,285.4299065420561,455.99,0.11311856872103754,771,99,40.717979797979794,1.0,0.009345794392523364,Unknown,Unknown,Unknown,Unknown,Unknown,Unknown,Unknown,10.0,3.0,1,0.09345794392523364,0.1,16.0,164.0,2.0,1.5327102803738317
2172,6,99,2408.11,24.324343434343437,852,8.606060606060606,242.71,0.1007885852390464,505,93,25.893655913978495,0.0,0.0,Age Group2,X,Level7,Homeowner,Group5,2,None/Unknown,7.0,2.0,0,0.0707070707070707,0.0,16.0,152.0,2.0,1.5353535353535352
2173,1,86,2177.52,25.32,11142,129.5581395348837,478.71999999999997,0.2198464308020133,511,70,31.10742857142857,0.0,0.0,Age Group2,Y,Level4,Unknown,Group5,2,None/Unknown,0.0,0.0,0,0.0,0.0,15.0,137.0,2.0,1.5930232558139534
2174,31,39,644.33,16.521282051282054,454,11.64102564102564,161.23,0.25022891996337276,354,35,18.409428571428574,0.0,0.0,Unknown,Unknown,Unknown,Unknown,Unknown,Unknown,Unknown,1.0,1.0,0,0.02564102564102564,0.0,11.0,110.0,2.0,2.8205128205128207
2175,40,17,610.22,35.89529411764706,194,11.411764705882353,101.81,0.16684146701189734,150,16,38.13875,0.0,0.0,Unknown,Unknown,Unknown,Unknown,Unknown,Unknown,Unknown,0.0,0.0,0,0.0,0.0,14.0,115.0,2.0,6.764705882352941
2176,29,195,2601.56,13.341333333333333,214961,1102.3641025641025,487.72,0.18747213210535218,634,130,20.012,0.0,0.0,Unknown,Unknown,Unknown,Unknown,Unknown,Unknown,Unknown,0.0,0.0,0,0.0,0.0,9.0,64.0,2.0,0.3282051282051282
2177,103,3,133.5,44.5,53,17.666666666666668,32.26,0.24164794007490636,43,3,44.5,0.0,0.0,Unknown,Unknown,Unknown,Unknown,Unknown,Unknown,Unknown,3.0,1.0,0,1.0,0.0,14.0,123.0,2.0,41.0
2178,101,152,3681.13,24.21796052631579,111403,732.9144736842105,466.08,0.12661329537397484,869,133,27.677669172932333,0.0,0.0,Unknown,Unknown,Unknown,Unknown,Unknown,Unknown,Unknown,0.0,0.0,0,0.0,0.0,5.0,31.0,2.0,0.20394736842105263
2179,0,46,1452.29,31.571521739130436,20821,452.6304347826087,255.8,0.17613562029622185,373,44,33.00659090909091,0.0,0.0,Age Group4,X,Level4,Homeowner,Group4,3,1,12.0,3.0,0,0.2608695652173913,0.0,16.0,169.0,2.0,3.6739130434782608
2180,83,44,936.39,21.28159090909091,465,10.568181818181818,186.64000000000001,0.1993186599600594,305,32,29.2621875,0.0,0.0,Unknown,Unknown,Unknown,Unknown,Unknown,Unknown,Unknown,1.0,1.0,0,0.022727272727272728,0.0,13.0,120.0,2.0,2.727272727272727
2181,9,55,3074.45,55.89909090909091,1039,18.89090909090909,371.12,0.12071102148351738,665,50,61.489,0.0,0.0,Age Group5,X,Level7,Homeowner,Group4,3,1,0.0,0.0,0,0.0,0.0,10.0,88.0,2.0,1.6
2182,12,85,1530.52,18.006117647058822,730,8.588235294117647,216.86,0.1416904058751274,406,82,18.664878048780487,0.0,0.0,Age Group4,X,Level6,Homeowner,Group5,2,None/Unknown,1.0,1.0,0,0.011764705882352941,0.0,16.0,156.0,2.0,1.8352941176470587
2183,5,173,4093.12,23.65965317919075,418421,2418.6184971098264,941.95,0.2301300719255727,653,144,28.424444444444443,0.0,0.0,Age Group6,X,Level3,Homeowner,Group5,2,None/Unknown,4.0,1.0,0,0.023121387283236993,0.0,11.0,89.0,2.0,0.5144508670520231
2184,4,260,5094.8,19.595384615384617,295639,1137.073076923077,656.22,0.12880191567873125,929,197,25.86192893401015,0.0,0.0,Age Group2,Y,Level5,Unknown,Group3,1,None/Unknown,5.0,2.0,0,0.019230769230769232,0.0,15.0,143.0,2.0,0.55
2185,1,106,8550.73,80.6672641509434,224110,2114.245283018868,786.09,0.09193250166944811,1141,97,88.15185567010309,3.0,0.02830188679245283,Age Group2,Y,Level8,Homeowner,Group4,4,2,5.0,3.0,1,0.04716981132075472,0.6,17.0,170.0,2.0,1.6037735849056605
2186,9,113,5469.53,48.402920353982296,1985,17.56637168141593,749.0,0.13694046837662469,812,100,54.695299999999996,0.0,0.0,Age Group3,Y,Level3,Unknown,Group3,1,None/Unknown,12.0,3.0,0,0.10619469026548672,0.0,16.0,165.0,2.0,1.4601769911504425
2187,20,46,2667.13,57.98108695652174,1080,23.47826086956522,953.0,0.35731291688069194,382,43,62.02627906976745,0.0,0.0,Unknown,Unknown,Unknown,Unknown,Unknown,Unknown,Unknown,5.0,2.0,0,0.10869565217391304,0.0,19.0,162.0,2.0,3.5217391304347827
2188,2,129,3917.34,30.366976744186047,92010,713.2558139534884,631.53,0.1612139870422276,715,125,31.338720000000002,0.0,0.0,Age Group6,Z,Level4,Homeowner,Group5,2,None/Unknown,1.0,1.0,0,0.007751937984496124,0.0,14.0,103.0,2.0,0.7984496124031008
2189,3,91,1335.47,14.675494505494505,116307,1278.098901098901,106.12,0.07946266108561031,147,79,16.904683544303797,0.0,0.0,Unknown,Unknown,Unknown,Unknown,Unknown,Unknown,Unknown,5.0,2.0,0,0.054945054945054944,0.0,15.0,141.0,2.0,1.5494505494505495
2190,0,225,9520.85,42.31488888888889,1002151,4454.004444444445,2200.28,0.2311012147024688,1399,190,50.109736842105264,0.0,0.0,Age Group3,X,Level5,Homeowner,Group4,4,2,0.0,0.0,0,0.0,0.0,13.0,59.0,2.0,0.26222222222222225
2191,0,15,780.92,52.06133333333333,180,12.0,48.74,0.06241356348921785,154,15,52.06133333333333,0.0,0.0,Unknown,Unknown,Unknown,Unknown,Unknown,Unknown,Unknown,8.0,3.0,0,0.5333333333333333,0.0,18.0,188.0,2.0,12.533333333333333
2192,4,29,492.03,16.96655172413793,134,4.620689655172414,27.24,0.055362477897689166,81,26,18.924230769230768,0.0,0.0,Unknown,Unknown,Unknown,Unknown,Unknown,Unknown,Unknown,0.0,0.0,0,0.0,0.0,8.0,81.0,2.0,2.793103448275862
2193,8,117,9155.01,78.24794871794872,203617,1740.3162393162393,1035.01,0.11305394532611106,1792,93,98.44096774193548,0.0,0.0,Age Group2,X,Level5,Homeowner,Group5,2,None/Unknown,0.0,0.0,0,0.0,0.0,10.0,48.0,2.0,0.41025641025641024
2194,0,404,7169.78,17.746980198019802,382751,947.4034653465346,1119.19,0.15609823453439298,1052,306,23.43065359477124,0.0,0.0,Age Group5,Z,Level3,Homeowner,Group2,1,None/Unknown,10.0,2.0,0,0.024752475247524754,0.0,21.0,217.0,2.0,0.5371287128712872
2195,6,84,1180.72,14.056190476190476,32625,388.39285714285717,288.26,0.24413916932041466,350,77,15.334025974025975,0.0,0.0,Unknown,Unknown,Unknown,Unknown,Unknown,Unknown,Unknown,12.0,3.0,0,0.14285714285714285,0.0,15.0,162.0,2.0,1.9285714285714286
2196,2,65,1153.05,17.73923076923077,10377,159.64615384615385,450.28,0.390512120029487,271,65,17.73923076923077,0.0,0.0,Unknown,Unknown,Unknown,Unknown,Unknown,Unknown,Unknown,0.0,0.0,0,0.0,0.0,15.0,94.0,2.0,1.4461538461538461
2197,10,48,670.43,13.967291666666666,274,5.708333333333333,143.72,0.2143698820160196,176,46,14.574565217391303,0.0,0.0,Unknown,Unknown,Unknown,Unknown,Unknown,Unknown,Unknown,0.0,0.0,0,0.0,0.0,9.0,88.0,2.0,1.8333333333333333
2198,0,403,7205.88,17.88059553349876,324271,804.6426799007444,1114.07,0.15460568313654957,1118,263,27.398783269961978,0.0,0.0,Age Group3,Z,Level3,Unknown,Group3,1,None/Unknown,0.0,0.0,0,0.0,0.0,7.0,74.0,2.0,0.18362282878411912
2199,5,155,5639.17,36.38174193548387,415613,2681.374193548387,1046.77,0.1856248348604493,801,145,38.890827586206896,13.0,0.08387096774193549,Age Group1,Y,Level5,Unknown,Group4,3,1,4.0,2.0,1,0.025806451612903226,3.25,18.0,180.0,2.0,1.1612903225806452
2200,5,197,8673.11,44.02593908629442,498728,2531.6142131979695,2089.91,0.24096431383898045,1572,180,48.18394444444445,20.0,0.10152284263959391,Age Group4,Y,Level1,Unknown,Group2,1,None/Unknown,8.0,3.0,1,0.04060913705583756,2.5,12.0,117.0,2.0,0.5939086294416244
2201,639,2,27.509999999999998,13.754999999999999,12,6.0,7.93,0.28825881497637224,11,2,13.754999999999999,0.0,0.0,Unknown,Unknown,Unknown,Unknown,Unknown,Unknown,Unknown,11.0,3.0,0,5.5,0.0,19.0,158.0,2.0,79.0
2202,0,18,319.90000000000003,17.772222222222226,9224,512.4444444444445,63.0,0.1969365426695842,96,17,18.817647058823532,0.0,0.0,Unknown,Unknown,Unknown,Unknown,Unknown,Unknown,Unknown,0.0,0.0,0,0.0,0.0,3.0,10.0,2.0,0.5555555555555556
2203,0,103,5239.09,50.86495145631068,108189,1050.378640776699,454.16,0.08668681011397017,655,83,63.121566265060245,0.0,0.0,Age Group4,X,Level5,Homeowner,Group5,2,None/Unknown,0.0,0.0,0,0.0,0.0,8.0,52.0,2.0,0.5048543689320388
2204,10,190,2646.05,13.926578947368421,62071,326.68947368421055,687.06,0.2596549573893161,800,148,17.87871621621622,0.0,0.0,Unknown,Unknown,Unknown,Unknown,Unknown,Unknown,Unknown,5.0,2.0,0,0.02631578947368421,0.0,19.0,155.0,2.0,0.8157894736842105
2205,3,107,1978.76,18.493084112149532,32012,299.1775700934579,504.49,0.25495259657563324,484,104,19.02653846153846,0.0,0.0,Unknown,Unknown,Unknown,Unknown,Unknown,Unknown,Unknown,2.0,1.0,0,0.018691588785046728,0.0,14.0,134.0,2.0,1.2523364485981308
2206,0,41,502.25,12.25,259,6.317073170731708,77.54,0.15438526630164262,150,40,12.55625,0.0,0.0,Unknown,Unknown,Unknown,Unknown,Unknown,Unknown,Unknown,4.0,1.0,0,0.0975609756097561,0.0,15.0,129.0,2.0,3.1463414634146343
2207,17,372,4866.06,13.080806451612904,15428,41.473118279569896,990.39,0.2035301660891974,1355,211,23.061895734597158,0.0,0.0,Unknown,Unknown,Unknown,Unknown,Unknown,Unknown,Unknown,0.0,0.0,0,0.0,0.0,9.0,65.0,2.0,0.17473118279569894
2208,13,193,9456.83,48.99911917098446,63959,331.3937823834197,1575.78,0.16662877518153546,1555,167,56.6277245508982,0.0,0.0,Age Group3,Y,Level5,Unknown,Group1,3,2,7.0,3.0,0,0.03626943005181347,0.0,19.0,190.0,2.0,0.9844559585492227
2209,2,232,6996.68,30.158103448275863,644475,2777.9094827586205,771.27,0.11023371084571539,1275,189,37.0194708994709,0.0,0.0,Age Group2,X,Level4,Renter,Group4,5+,3+,10.0,3.0,0,0.04310344827586207,0.0,17.0,186.0,2.0,0.8017241379310345
2210,63,34,1727.97,50.82264705882353,775,22.794117647058822,275.06,0.15918100429984317,427,32,53.9990625,0.0,0.0,Unknown,Unknown,Unknown,Unknown,Unknown,Unknown,Unknown,6.0,3.0,0,0.17647058823529413,0.0,18.0,191.0,2.0,5.617647058823529
2211,4,78,2292.52,29.39128205128205,150781,1933.0897435897436,333.26,0.14536841554272154,483,64,35.820625,0.0,0.0,Unknown,Unknown,Unknown,Unknown,Unknown,Unknown,Unknown,3.0,3.0,0,0.038461538461538464,0.0,12.0,101.0,2.0,1.294871794871795
2212,32,46,251.33,5.4636956521739135,196,4.260869565217392,49.230000000000004,0.1958779294155095,49,46,5.4636956521739135,0.0,0.0,Unknown,Unknown,Unknown,Unknown,Unknown,Unknown,Unknown,2.0,1.0,0,0.043478260869565216,0.0,14.0,133.0,2.0,2.891304347826087
2213,19,55,3505.21,63.73109090909091,9061,164.74545454545455,531.31,0.15157722361855636,831,53,66.13603773584906,2.0,0.03636363636363636,Unknown,Unknown,Unknown,Unknown,Unknown,Unknown,Unknown,0.0,0.0,1,0.0,0.0,3.0,14.0,2.0,0.2545454545454545
2214,0,15,450.87,30.058,182,12.133333333333333,80.55,0.17865460110453124,116,14,32.205,0.0,0.0,Unknown,Unknown,Unknown,Unknown,Unknown,Unknown,Unknown,3.0,2.0,0,0.2,0.0,13.0,159.0,2.0,10.6
2215,0,132,2402.11,18.19780303030303,1047,7.931818181818182,468.23,0.19492446224361082,476,123,19.529349593495937,0.0,0.0,Unknown,Unknown,Unknown,Unknown,Unknown,Unknown,Unknown,0.0,0.0,0,0.0,0.0,7.0,55.0,2.0,0.4166666666666667
2216,2,34,454.57,13.36970588235294,246,7.235294117647059,75.67999999999999,0.16648700970147612,123,33,13.774848484848485,0.0,0.0,Unknown,Unknown,Unknown,Unknown,Unknown,Unknown,Unknown,5.0,1.0,0,0.14705882352941177,0.0,12.0,108.0,2.0,3.176470588235294
2217,3,192,4430.01,23.07296875,187408,976.0833333333334,1095.02,0.24718228627023414,1091,170,26.05888235294118,2.0,0.010416666666666666,Age Group3,Z,Level2,Unknown,Group3,1,None/Unknown,0.0,0.0,1,0.0,0.0,8.0,62.0,2.0,0.3229166666666667
2218,2,19,975.25,51.328947368421055,564,29.68421052631579,363.21,0.3724275826711099,387,19,51.328947368421055,0.0,0.0,Unknown,Unknown,Unknown,Unknown,Unknown,Unknown,Unknown,7.0,2.0,0,0.3684210526315789,0.0,20.0,179.0,2.0,9.421052631578947
2219,9,23,1077.42,46.84434782608696,374454,16280.608695652174,20.33,0.018869150377754263,46,23,46.84434782608696,0.0,0.0,Unknown,Unknown,Unknown,Unknown,Unknown,Unknown,Unknown,0.0,0.0,0,0.0,0.0,11.0,101.0,2.0,4.391304347826087
2220,67,15,215.58,14.372000000000002,19972,1331.4666666666667,50.58,0.2346228778179794,40,13,16.583076923076923,0.0,0.0,Unknown,Unknown,Unknown,Unknown,Unknown,Unknown,Unknown,0.0,0.0,0,0.0,0.0,5.0,23.0,2.0,1.5333333333333334
2221,2,113,2301.4,20.36637168141593,1267,11.212389380530974,636.59,0.2766098896323977,615,111,20.733333333333334,0.0,0.0,Age Group6,Z,Level4,Homeowner,Group2,1,None/Unknown,0.0,0.0,0,0.0,0.0,9.0,28.0,2.0,0.24778761061946902
2222,4,40,3076.27,76.90675,46102,1152.55,582.31,0.18929092699925557,655,40,76.90675,1.0,0.025,Unknown,Unknown,Unknown,Unknown,Unknown,Unknown,Unknown,4.0,2.0,1,0.1,0.25,10.0,117.0,2.0,2.925
2223,30,300,2059.76,6.865866666666667,1050,3.5,371.51,0.1803656736707189,465,170,12.116235294117649,0.0,0.0,Unknown,Unknown,Unknown,Unknown,Unknown,Unknown,Unknown,2.0,2.0,0,0.006666666666666667,0.0,15.0,135.0,2.0,0.45
2224,0,106,3984.1,37.58584905660377,1679,15.839622641509434,1010.49,0.2536306819607942,780,105,37.94380952380952,0.0,0.0,Age Group1,Z,Level12,Homeowner,Group2,1,None/Unknown,3.0,1.0,0,0.02830188679245283,0.0,14.0,118.0,2.0,1.1132075471698113
2225,0,98,3352.07,34.204795918367346,53957,550.5816326530612,374.12,0.1116086477907681,697,90,37.245222222222225,0.0,0.0,Unknown,Unknown,Unknown,Unknown,Unknown,Unknown,Unknown,8.0,3.0,0,0.08163265306122448,0.0,14.0,138.0,2.0,1.4081632653061225
2226,1,640,8917.54,13.933656250000002,559756,874.61875,894.64,0.10032363185362778,1412,352,25.333920454545456,0.0,0.0,Unknown,Unknown,Unknown,Unknown,Unknown,Unknown,Unknown,5.0,2.0,0,0.0078125,0.0,13.0,146.0,2.0,0.228125
2227,61,173,4893.9,28.28843930635838,7326,42.346820809248555,1179.1,0.24093258955025645,1151,145,33.75103448275862,0.0,0.0,Unknown,Unknown,Unknown,Unknown,Unknown,Unknown,Unknown,10.0,3.0,0,0.057803468208092484,0.0,20.0,207.0,2.0,1.1965317919075145
2228,11,202,5298.05,26.227970297029703,236991,1173.2227722772277,657.02,0.12401166466907636,844,148,35.79763513513514,0.0,0.0,Unknown,Unknown,Unknown,Unknown,Unknown,Unknown,Unknown,0.0,0.0,0,0.0,0.0,17.0,157.0,2.0,0.7772277227722773
2229,4,56,2415.4900000000002,43.133750000000006,1065,19.017857142857142,469.44,0.1943456607148032,596,55,43.918000000000006,0.0,0.0,Unknown,Unknown,Unknown,Unknown,Unknown,Unknown,Unknown,6.0,2.0,0,0.10714285714285714,0.0,19.0,178.0,2.0,3.1785714285714284
2230,49,38,1195.65,31.464473684210528,502,13.210526315789474,115.28,0.0964161753021369,329,33,36.231818181818184,0.0,0.0,Unknown,Unknown,Unknown,Unknown,Unknown,Unknown,Unknown,0.0,0.0,0,0.0,0.0,14.0,138.0,2.0,3.6315789473684212
2231,2,94,4400.26,46.81127659574468,51277,545.5,474.95,0.10793680373432478,929,85,51.76776470588236,4.0,0.0425531914893617,Age Group3,X,Level11,Homeowner,Group5,2,None/Unknown,1.0,1.0,1,0.010638297872340425,4.0,10.0,107.0,2.0,1.1382978723404256
2232,1,37,1131.65,30.585135135135136,33824,914.1621621621622,290.42,0.256634118322803,257,36,31.434722222222224,0.0,0.0,Unknown,Unknown,Unknown,Unknown,Unknown,Unknown,Unknown,3.0,2.0,0,0.08108108108108109,0.0,17.0,176.0,2.0,4.756756756756757
2233,2,273,8440.77,30.91857142857143,563028,2062.3736263736264,868.47,0.10288990222456008,1529,220,38.36713636363636,11.0,0.040293040293040296,Age Group2,Z,Level9,Homeowner,Group2,1,None/Unknown,0.0,0.0,1,0.0,0.0,12.0,89.0,2.0,0.326007326007326
2234,1,192,7971.57,41.51859375,365453,1903.4010416666667,1268.56,0.1591355278822114,903,169,47.16905325443787,3.0,0.015625,Age Group6,X,Level1,Homeowner,Group5,2,None/Unknown,11.0,3.0,1,0.057291666666666664,0.2727272727272727,19.0,204.0,2.0,1.0625
2235,6,89,3824.87,42.976067415730334,168386,1891.9775280898875,439.04,0.11478560055635878,622,81,47.22061728395062,0.0,0.0,Age Group4,Y,Level10,Homeowner,Group4,3,1,4.0,3.0,0,0.0449438202247191,0.0,19.0,156.0,2.0,1.752808988764045
2236,23,219,2880.5,13.15296803652968,204164,932.2557077625571,383.91,0.13327894462766882,609,183,15.740437158469945,0.0,0.0,Unknown,Unknown,Unknown,Unknown,Unknown,Unknown,Unknown,5.0,3.0,0,0.0228310502283105,0.0,16.0,158.0,2.0,0.7214611872146118
2237,6,158,4941.52,31.275443037974686,225305,1425.9810126582279,1132.81,0.22924322880409265,799,137,36.06948905109489,9.0,0.056962025316455694,Age Group4,Y,Level5,Homeowner,Group3,1,None/Unknown,6.0,2.0,1,0.0379746835443038,1.5,15.0,126.0,2.0,0.7974683544303798
2238,8,180,2479.46,13.774777777777778,1393,7.738888888888889,416.42,0.1679478596145935,679,142,17.46098591549296,0.0,0.0,Unknown,Unknown,Unknown,Unknown,Unknown,Unknown,Unknown,6.0,2.0,0,0.03333333333333333,0.0,17.0,133.0,2.0,0.7388888888888889
2239,20,43,1787.48,41.5693023255814,19077,443.6511627906977,483.07,0.27025197484727104,408,32,55.85875,0.0,0.0,Unknown,Unknown,Unknown,Unknown,Unknown,Unknown,Unknown,3.0,1.0,0,0.06976744186046512,0.0,11.0,127.0,2.0,2.953488372093023
2240,0,216,5413.2,25.06111111111111,9961,46.11574074074074,985.46,0.1820475873789995,868,148,36.575675675675676,10.0,0.046296296296296294,Unknown,Unknown,Unknown,Unknown,Unknown,Unknown,Unknown,1.0,1.0,1,0.004629629629629629,10.0,11.0,111.0,2.0,0.5138888888888888
2241,0,79,1505.67,19.059113924050635,11403,144.34177215189874,460.64,0.3059368918820193,438,73,20.625616438356165,0.0,0.0,Unknown,Unknown,Unknown,Unknown,Unknown,Unknown,Unknown,10.0,3.0,0,0.12658227848101267,0.0,14.0,133.0,2.0,1.6835443037974684
2242,2,118,1239.07,10.500593220338983,5269,44.652542372881356,316.76,0.255643345412285,466,92,13.468152173913042,0.0,0.0,Unknown,Unknown,Unknown,Unknown,Unknown,Unknown,Unknown,1.0,1.0,0,0.00847457627118644,0.0,13.0,110.0,2.0,0.9322033898305084
2243,4,44,4019.71,91.35704545454546,1577,35.84090909090909,866.9,0.21566232389898773,528,43,93.48162790697674,0.0,0.0,Age Group4,X,Level5,Homeowner,Group5,2,None/Unknown,0.0,0.0,0,0.0,0.0,14.0,138.0,2.0,3.1363636363636362
2244,0,324,5477.2,16.904938271604937,31514,97.26543209876543,1387.88,0.25339224421237133,1018,209,26.2066985645933,1.0,0.0030864197530864196,Unknown,Unknown,Unknown,Unknown,Unknown,Unknown,Unknown,2.0,2.0,1,0.006172839506172839,0.5,15.0,126.0,2.0,0.3888888888888889
2245,0,178,4614.02,25.921460674157306,208774,1172.887640449438,506.03,0.10967225976480378,844,128,36.04703125,0.0,0.0,Unknown,Unknown,Unknown,Unknown,Unknown,Unknown,Unknown,9.0,2.0,0,0.05056179775280899,0.0,17.0,157.0,2.0,0.8820224719101124
2246,259,5,321.35,64.27000000000001,103,20.6,35.81,0.11143612883149215,80,5,64.27000000000001,0.0,0.0,Unknown,Unknown,Unknown,Unknown,Unknown,Unknown,Unknown,5.0,2.0,0,1.0,0.0,17.0,162.0,2.0,32.4
2247,0,90,3992.67,44.363,1466,16.288888888888888,729.23,0.18264219181650374,659,77,51.85285714285715,0.0,0.0,Unknown,Unknown,Unknown,Unknown,Unknown,Unknown,Unknown,0.0,0.0,0,0.0,0.0,6.0,39.0,2.0,0.43333333333333335
2248,8,26,937.23,36.04730769230769,397,15.26923076923077,135.7,0.14478836571599285,276,25,37.489200000000004,0.0,0.0,Unknown,Unknown,Unknown,Unknown,Unknown,Unknown,Unknown,1.0,1.0,0,0.038461538461538464,0.0,15.0,135.0,2.0,5.1923076923076925
2249,406,3,181.51,60.50333333333333,81,27.0,33.51,0.18461792738692082,64,3,60.50333333333333,0.0,0.0,Unknown,Unknown,Unknown,Unknown,Unknown,Unknown,Unknown,1.0,1.0,0,0.3333333333333333,0.0,8.0,101.0,2.0,33.666666666666664
2250,2,68,2333.16,34.31117647058824,111592,1641.0588235294117,794.77,0.34064101904712923,406,58,40.22689655172414,0.0,0.0,Age Group3,Y,Level6,Unknown,Group6,1,None/Unknown,0.0,0.0,0,0.0,0.0,7.0,44.0,2.0,0.6470588235294118
2251,49,26,2022.54,77.78999999999999,961,36.96153846153846,445.82,0.2204258012202478,533,23,87.93652173913043,0.0,0.0,Unknown,Unknown,Unknown,Unknown,Unknown,Unknown,Unknown,1.0,1.0,0,0.038461538461538464,0.0,11.0,96.0,2.0,3.6923076923076925
2252,0,346,9489.82,27.42722543352601,642887,1858.0549132947976,2541.54,0.26781751392544856,1711,227,41.805374449339205,0.0,0.0,Age Group4,X,Level5,Homeowner,Group4,4,2,1.0,1.0,0,0.002890173410404624,0.0,10.0,105.0,2.0,0.30346820809248554
2253,19,29,450.33,15.528620689655172,36145,1246.3793103448277,110.93,0.2463304687673484,189,26,17.320384615384615,0.0,0.0,Unknown,Unknown,Unknown,Unknown,Unknown,Unknown,Unknown,1.0,1.0,0,0.034482758620689655,0.0,18.0,194.0,2.0,6.689655172413793
2254,142,80,1270.35,15.879375,60411,755.1375,209.69,0.16506474593615933,338,67,18.96044776119403,0.0,0.0,Age Group1,Y,Level4,Unknown,Group2,1,None/Unknown,0.0,0.0,0,0.0,0.0,8.0,68.0,2.0,0.85
2255,62,21,570.03,27.14428571428571,15472,736.7619047619048,116.60000000000001,0.20455063768573586,122,19,30.00157894736842,0.0,0.0,Unknown,Unknown,Unknown,Unknown,Unknown,Unknown,Unknown,2.0,2.0,0,0.09523809523809523,0.0,13.0,125.0,2.0,5.9523809523809526
2256,1,30,1497.56,49.91866666666667,60157,2005.2333333333333,194.06,0.1295841235075723,398,27,55.465185185185184,0.0,0.0,Unknown,Unknown,Unknown,Unknown,Unknown,Unknown,Unknown,0.0,0.0,0,0.0,0.0,9.0,60.0,2.0,2.0
2257,7,75,791.54,10.553866666666666,230,3.066666666666667,36.53,0.04615054198145388,75,74,10.696486486486487,0.0,0.0,Unknown,Unknown,Unknown,Unknown,Unknown,Unknown,Unknown,0.0,0.0,0,0.0,0.0,11.0,107.0,2.0,1.4266666666666667
2258,0,49,1574.94,32.14163265306122,598,12.204081632653061,216.15,0.13724332355518307,383,49,32.14163265306122,0.0,0.0,Unknown,Unknown,Unknown,Unknown,Unknown,Unknown,Unknown,0.0,0.0,0,0.0,0.0,7.0,37.0,2.0,0.7551020408163265
2259,0,16,589.17,36.823125,17589,1099.3125,129.76,0.22024203540574028,147,11,53.560909090909085,0.0,0.0,Unknown,Unknown,Unknown,Unknown,Unknown,Unknown,Unknown,1.0,1.0,0,0.0625,0.0,13.0,129.0,2.0,8.0625
2260,4,133,7456.64,56.06496240601504,747146,5617.639097744361,832.4,0.11163204875118014,767,117,63.731965811965814,4.0,0.03007518796992481,Age Group4,Y,Level3,Homeowner,Group3,1,None/Unknown,0.0,0.0,1,0.0,0.0,7.0,72.0,2.0,0.5413533834586466
2261,0,429,13379.78,31.18829836829837,992658,2313.888111888112,1691.49,0.12642136118830055,1382,225,59.46568888888889,0.0,0.0,Unknown,Unknown,Unknown,Unknown,Unknown,Unknown,Unknown,4.0,2.0,0,0.009324009324009324,0.0,15.0,143.0,2.0,0.3333333333333333
2262,0,151,1491.0,9.874172185430464,27120,179.60264900662253,193.06,0.12948356807511738,361,138,10.804347826086957,0.0,0.0,Unknown,Unknown,Unknown,Unknown,Unknown,Unknown,Unknown,8.0,3.0,0,0.052980132450331126,0.0,16.0,177.0,2.0,1.1721854304635762
2263,2,460,5763.97,12.530369565217391,12588,27.36521739130435,1047.32,0.18170115389219582,1333,323,17.84510835913313,0.0,0.0,Unknown,Unknown,Unknown,Unknown,Unknown,Unknown,Unknown,7.0,2.0,0,0.015217391304347827,0.0,16.0,111.0,2.0,0.24130434782608695
2264,1,315,16960.59,53.84314285714286,27358,86.85079365079365,2444.51,0.14412883042394165,1973,267,63.52280898876405,1.0,0.0031746031746031746,Age Group4,X,Level12,Homeowner,Group5,2,None/Unknown,7.0,3.0,1,0.022222222222222223,0.14285714285714285,20.0,188.0,2.0,0.5968253968253968
2265,639,3,77.44,25.813333333333333,7170,2390.0,5.45,0.07037706611570248,20,2,38.72,0.0,0.0,Unknown,Unknown,Unknown,Unknown,Unknown,Unknown,Unknown,9.0,3.0,0,3.0,0.0,23.0,218.0,2.0,72.66666666666667
2266,7,148,8754.12,59.149459459459464,346272,2339.675675675676,1069.45,0.12216533472239356,1405,130,67.33938461538462,0.0,0.0,Age Group2,Z,Level4,Homeowner,Group2,1,None/Unknown,0.0,0.0,0,0.0,0.0,5.0,17.0,2.0,0.11486486486486487
2267,2,67,2304.15,34.39029850746269,44446,663.3731343283582,398.94,0.17313976954625349,542,59,39.05338983050848,0.0,0.0,Unknown,Unknown,Unknown,Unknown,Unknown,Unknown,Unknown,7.0,2.0,0,0.1044776119402985,0.0,20.0,194.0,2.0,2.8955223880597014
2268,53,23,668.96,29.08521739130435,15491,673.5217391304348,105.09,0.1570945945945946,171,22,30.40727272727273,0.0,0.0,Unknown,Unknown,Unknown,Unknown,Unknown,Unknown,Unknown,0.0,0.0,0,0.0,0.0,14.0,115.0,2.0,5.0
2269,4,209,3273.95,15.664832535885166,12484,59.73205741626794,1185.73,0.36217107775011836,436,176,18.601988636363636,0.0,0.0,Age Group5,X,Level4,Homeowner,Group5,2,None/Unknown,0.0,0.0,0,0.0,0.0,10.0,76.0,2.0,0.36363636363636365
2270,0,312,4728.67,15.15599358974359,14399,46.15064102564103,1295.04,0.27386981963215873,1287,234,20.207991452991454,1.0,0.003205128205128205,Unknown,Unknown,Unknown,Unknown,Unknown,Unknown,Unknown,4.0,2.0,1,0.01282051282051282,0.25,12.0,110.0,2.0,0.3525641025641026
2271,33,46,361.88,7.86695652173913,265,5.760869565217392,174.14000000000001,0.48120924063225384,106,45,8.041777777777778,0.0,0.0,Unknown,Unknown,Unknown,Unknown,Unknown,Unknown,Unknown,10.0,3.0,0,0.21739130434782608,0.0,19.0,169.0,2.0,3.6739130434782608
2272,12,70,2244.17,32.05957142857143,742,10.6,267.32,0.11911753565906326,252,59,38.03677966101695,0.0,0.0,Age Group6,X,Level3,Homeowner,Group5,2,None/Unknown,0.0,0.0,0,0.0,0.0,7.0,51.0,2.0,0.7285714285714285
2273,7,52,1594.87,30.670576923076922,710,13.653846153846153,210.7,0.13211108115394984,332,49,32.548367346938775,0.0,0.0,Unknown,Unknown,Unknown,Unknown,Unknown,Unknown,Unknown,0.0,0.0,0,0.0,0.0,10.0,100.0,2.0,1.9230769230769231
2274,2,71,6974.46,98.2318309859155,146367,2061.507042253521,1314.86,0.18852498974831025,1050,63,110.70571428571428,0.0,0.0,Unknown,Unknown,Unknown,Unknown,Unknown,Unknown,Unknown,1.0,1.0,0,0.014084507042253521,0.0,10.0,106.0,2.0,1.4929577464788732
2275,5,134,2789.51,20.817238805970153,1360,10.149253731343284,626.2,0.22448386992697641,748,121,23.053801652892563,3.0,0.022388059701492536,Unknown,Unknown,Unknown,Unknown,Unknown,Unknown,Unknown,6.0,2.0,1,0.04477611940298507,0.5,17.0,167.0,2.0,1.2462686567164178
2276,37,31,1007.97,32.51516129032258,548,17.677419354838708,218.29,0.21656398503923727,353,29,34.757586206896555,0.0,0.0,Unknown,Unknown,Unknown,Unknown,Unknown,Unknown,Unknown,3.0,2.0,0,0.0967741935483871,0.0,17.0,152.0,2.0,4.903225806451613
2277,3,126,3888.44,30.860634920634922,2250,17.857142857142858,1013.38,0.2606135108166771,853,103,37.75184466019417,0.0,0.0,Unknown,Unknown,Unknown,Unknown,Unknown,Unknown,Unknown,0.0,0.0,0,0.0,0.0,12.0,103.0,2.0,0.8174603174603174
2278,24,46,1160.57,25.22978260869565,15751,342.4130434782609,125.79,0.10838639633972963,258,43,26.99,0.0,0.0,Unknown,Unknown,Unknown,Unknown,Unknown,Unknown,Unknown,7.0,3.0,0,0.15217391304347827,0.0,14.0,155.0,2.0,3.369565217391304
2279,6,59,972.47,16.482542372881355,463,7.8474576271186445,242.77,0.24964266249858608,323,56,17.365535714285716,0.0,0.0,Age Group2,Y,Level5,Unknown,Group5,2,None/Unknown,3.0,2.0,0,0.05084745762711865,0.0,12.0,103.0,2.0,1.7457627118644068
2280,3,228,12332.91,54.09171052631579,231467,1015.2061403508771,3041.62,0.246626303119053,1445,165,74.74490909090909,13.0,0.05701754385964912,Age Group3,Y,Level2,Homeowner,Group4,3,1,2.0,2.0,1,0.008771929824561403,6.5,14.0,100.0,2.0,0.43859649122807015
2281,1,105,5008.79,47.70276190476191,1911,18.2,847.66,0.1692344857740093,696,92,54.44336956521739,0.0,0.0,Unknown,Unknown,Unknown,Unknown,Unknown,Unknown,Unknown,13.0,3.0,0,0.12380952380952381,0.0,19.0,173.0,2.0,1.6476190476190475
2282,2,79,1103.88,13.973164556962027,602,7.620253164556962,100.1,0.09068014639272383,302,76,14.524736842105265,1.0,0.012658227848101266,Age Group5,Z,Level10,Homeowner,Group3,1,None/Unknown,2.0,2.0,1,0.02531645569620253,0.5,17.0,147.0,2.0,1.860759493670886
2283,20,17,1389.3700000000001,81.72764705882354,59090,3475.8823529411766,173.83,0.12511426042019044,327,17,81.72764705882354,0.0,0.0,Unknown,Unknown,Unknown,Unknown,Unknown,Unknown,Unknown,2.0,2.0,0,0.11764705882352941,0.0,16.0,97.0,2.0,5.705882352941177
2284,1,265,17152.63,64.72690566037737,185015,698.1698113207547,2141.1,0.12482633858481176,2375,221,77.61371040723982,2.0,0.007547169811320755,Age Group4,X,Level12,Homeowner,Group5,2,None/Unknown,0.0,0.0,1,0.0,0.0,12.0,119.0,2.0,0.4490566037735849
2285,13,73,2057.9,28.19041095890411,129949,1780.123287671233,405.86,0.1972204674668351,478,66,31.180303030303033,0.0,0.0,Unknown,Unknown,Unknown,Unknown,Unknown,Unknown,Unknown,10.0,3.0,0,0.136986301369863,0.0,21.0,228.0,2.0,3.1232876712328768
2286,52,26,989.26,38.04846153846154,24443,940.1153846153846,112.78999999999999,0.11401451590077431,213,26,38.04846153846154,0.0,0.0,Unknown,Unknown,Unknown,Unknown,Unknown,Unknown,Unknown,0.0,0.0,0,0.0,0.0,14.0,119.0,2.0,4.576923076923077
2287,9,33,833.51,25.257878787878788,14544,440.72727272727275,147.4,0.17684250938800974,207,33,25.257878787878788,0.0,0.0,Unknown,Unknown,Unknown,Unknown,Unknown,Unknown,Unknown,1.0,1.0,0,0.030303030303030304,0.0,12.0,96.0,2.0,2.909090909090909
2288,0,157,2093.06,13.331592356687898,12915,82.26114649681529,416.21,0.19885239792456977,483,112,18.688035714285714,0.0,0.0,Unknown,Unknown,Unknown,Unknown,Unknown,Unknown,Unknown,0.0,0.0,0,0.0,0.0,11.0,86.0,2.0,0.5477707006369427
2289,2,88,2428.06,27.591590909090908,1084,12.318181818181818,645.41,0.2658130359216823,601,86,28.233255813953487,0.0,0.0,Unknown,Unknown,Unknown,Unknown,Unknown,Unknown,Unknown,4.0,2.0,0,0.045454545454545456,0.0,13.0,132.0,2.0,1.5
2290,17,70,916.97,13.099571428571428,10888,155.54285714285714,138.82,0.1513899037045923,206,53,17.301320754716983,0.0,0.0,Unknown,Unknown,Unknown,Unknown,Unknown,Unknown,Unknown,3.0,2.0,0,0.04285714285714286,0.0,10.0,135.0,2.0,1.9285714285714286
2291,46,55,439.03000000000003,7.982363636363637,190,3.4545454545454546,43.58,0.09926428717855271,102,53,8.283584905660378,0.0,0.0,Unknown,Unknown,Unknown,Unknown,Unknown,Unknown,Unknown,0.0,0.0,0,0.0,0.0,10.0,81.0,2.0,1.4727272727272727
2292,1,116,1336.14,11.51844827586207,150450,1296.9827586206898,219.27,0.16410705464996184,301,97,13.774639175257732,0.0,0.0,Age Group4,X,Level4,Renter,Group4,5+,3+,0.0,0.0,0,0.0,0.0,8.0,49.0,2.0,0.4224137931034483
2293,1,45,2462.95,54.73222222222222,58314,1295.8666666666666,268.75,0.10911711565399217,446,36,68.41527777777777,0.0,0.0,Unknown,Unknown,Unknown,Unknown,Unknown,Unknown,Unknown,0.0,0.0,0,0.0,0.0,10.0,98.0,2.0,2.1777777777777776
2294,29,186,8381.66,45.06268817204301,297380,1598.8172043010752,1155.32,0.13783904381709589,1555,139,60.299712230215825,0.0,0.0,Age Group4,Z,Level3,Renter,Group4,4,2,1.0,1.0,0,0.005376344086021506,0.0,13.0,116.0,2.0,0.6236559139784946
2295,20,98,8003.99,81.67336734693878,153833,1569.7244897959183,1600.7,0.19998775610664182,1436,78,102.6152564102564,0.0,0.0,Age Group3,Z,Level4,Renter,Group2,1,None/Unknown,6.0,2.0,0,0.061224489795918366,0.0,19.0,179.0,2.0,1.8265306122448979
2296,0,230,13404.83,58.28186956521739,22997,99.98695652173913,2233.59,0.16662576101300802,2050,206,65.07199029126214,0.0,0.0,Age Group3,Y,Level8,Homeowner,Group5,2,None/Unknown,9.0,3.0,0,0.0391304347826087,0.0,16.0,184.0,2.0,0.8
2297,13,45,698.36,15.519111111111112,294,6.533333333333333,115.48,0.1653588407125265,157,41,17.03317073170732,0.0,0.0,Unknown,Unknown,Unknown,Unknown,Unknown,Unknown,Unknown,8.0,3.0,0,0.17777777777777778,0.0,18.0,195.0,2.0,4.333333333333333
2298,0,83,2709.53,32.64493975903615,1218,14.674698795180722,544.2,0.20084664129941354,535,76,35.65171052631579,0.0,0.0,Age Group6,X,Level5,Probable Renter,Group3,2,None/Unknown,0.0,0.0,0,0.0,0.0,12.0,64.0,2.0,0.7710843373493976
2299,5,62,2057.89,33.19177419354838,1204,19.419354838709676,350.58,0.17035895990553432,576,59,34.879491525423724,0.0,0.0,Unknown,Unknown,Unknown,Unknown,Unknown,Unknown,Unknown,2.0,1.0,0,0.03225806451612903,0.0,11.0,112.0,2.0,1.8064516129032258
2300,5,118,4615.35,39.11313559322034,14543,123.2457627118644,982.82,0.21294593042781154,996,115,40.133478260869566,0.0,0.0,Age Group4,Y,Level5,Homeowner,Group5,2,None/Unknown,1.0,1.0,0,0.00847457627118644,0.0,13.0,135.0,2.0,1.1440677966101696
2301,1,137,4661.63,34.026496350364965,109181,796.9416058394161,909.59,0.19512273603868174,733,108,43.16324074074074,0.0,0.0,Unknown,Unknown,Unknown,Unknown,Unknown,Unknown,Unknown,7.0,3.0,0,0.051094890510948905,0.0,16.0,163.0,2.0,1.1897810218978102
2302,28,74,1960.24,26.48972972972973,17353,234.5,509.3,0.2598151246786108,569,72,27.225555555555555,0.0,0.0,Age Group3,X,Level4,Homeowner,Group1,3,1,5.0,2.0,0,0.06756756756756757,0.0,13.0,136.0,2.0,1.837837837837838
2303,5,66,2158.85,32.709848484848486,11496,174.1818181818182,290.15,0.13440025939736433,372,62,34.82016129032258,0.0,0.0,Unknown,Unknown,Unknown,Unknown,Unknown,Unknown,Unknown,2.0,1.0,0,0.030303030303030304,0.0,18.0,150.0,2.0,2.272727272727273
2304,137,88,240.09,2.7282954545454547,4761,54.10227272727273,43.32,0.18043233787329752,75,69,3.4795652173913045,0.0,0.0,Unknown,Unknown,Unknown,Unknown,Unknown,Unknown,Unknown,3.0,1.0,0,0.03409090909090909,0.0,12.0,124.0,2.0,1.4090909090909092
2305,7,123,6320.64,51.387317073170735,46576,378.6666666666667,1665.72,0.2635366038882138,1029,114,55.44421052631579,15.0,0.12195121951219512,Age Group4,Z,Level5,Homeowner,Group3,1,None/Unknown,0.0,0.0,1,0.0,0.0,10.0,36.0,2.0,0.2926829268292683
2306,370,8,62.06,7.7575,45,5.625,11.56,0.18627135030615533,32,8,7.7575,0.0,0.0,Unknown,Unknown,Unknown,Unknown,Unknown,Unknown,Unknown,9.0,3.0,0,1.125,0.0,18.0,159.0,2.0,19.875
2307,2,179,6009.24,33.57117318435754,317994,1776.5027932960893,1180.04,0.1963709221132789,873,166,36.20024096385542,0.0,0.0,Age Group4,X,Level6,Homeowner,Group4,3,1,0.0,0.0,0,0.0,0.0,3.0,15.0,2.0,0.08379888268156424
2308,13,31,582.45,18.788709677419355,196,6.32258064516129,68.52,0.11764099922740148,137,28,20.801785714285717,0.0,0.0,Unknown,Unknown,Unknown,Unknown,Unknown,Unknown,Unknown,9.0,3.0,0,0.2903225806451613,0.0,16.0,149.0,2.0,4.806451612903226
2309,75,12,275.01,22.9175,110,9.166666666666666,88.57000000000001,0.3220610159630559,80,11,25.00090909090909,0.0,0.0,Unknown,Unknown,Unknown,Unknown,Unknown,Unknown,Unknown,0.0,0.0,0,0.0,0.0,8.0,71.0,2.0,5.916666666666667
2310,6,74,1389.32,18.774594594594593,762,10.297297297297296,306.43,0.2205611378228198,420,65,21.374153846153845,0.0,0.0,Unknown,Unknown,Unknown,Unknown,Unknown,Unknown,Unknown,0.0,0.0,0,0.0,0.0,6.0,47.0,2.0,0.6351351351351351
2311,3,58,1830.83,31.56603448275862,142500,2456.896551724138,258.5,0.1411927923400862,266,55,33.28781818181818,0.0,0.0,Unknown,Unknown,Unknown,Unknown,Unknown,Unknown,Unknown,1.0,1.0,0,0.017241379310344827,0.0,13.0,101.0,2.0,1.7413793103448276
2312,2,321,14682.81,45.74084112149533,6181,19.25545171339564,2542.57,0.1731664442977877,1585,295,49.77223728813559,0.0,0.0,Age Group4,X,Level12,Homeowner,Group5,2,None/Unknown,0.0,0.0,0,0.0,0.0,10.0,89.0,2.0,0.2772585669781931
2313,0,11,105.69,9.608181818181817,23731,2157.3636363636365,13.03,0.1232850790046362,28,10,10.568999999999999,0.0,0.0,Unknown,Unknown,Unknown,Unknown,Unknown,Unknown,Unknown,8.0,2.0,0,0.7272727272727273,0.0,17.0,201.0,2.0,18.272727272727273
2314,16,86,5078.05,59.04709302325582,15979,185.80232558139534,806.68,0.15885625387698032,723,83,61.18132530120482,3.0,0.03488372093023256,Age Group4,X,Level8,Homeowner,Group5,2,None/Unknown,0.0,0.0,1,0.0,0.0,6.0,17.0,2.0,0.19767441860465115
2315,0,9,266.1,29.56666666666667,72,8.0,38.199999999999996,0.1435550544907929,50,6,44.35,0.0,0.0,Unknown,Unknown,Unknown,Unknown,Unknown,Unknown,Unknown,4.0,2.0,0,0.4444444444444444,0.0,14.0,156.0,2.0,17.333333333333332
2316,134,27,751.89,27.84777777777778,7571,280.4074074074074,99.65,0.13253268430222506,180,25,30.075599999999998,0.0,0.0,Unknown,Unknown,Unknown,Unknown,Unknown,Unknown,Unknown,0.0,0.0,0,0.0,0.0,8.0,30.0,2.0,1.1111111111111112
2317,6,150,13967.37,93.11580000000001,283454,1889.6933333333334,3079.04,0.22044522340283101,1878,136,102.70125,10.0,0.06666666666666667,Age Group3,X,Level5,Homeowner,Group4,5+,3+,1.0,1.0,1,0.006666666666666667,10.0,12.0,86.0,2.0,0.5733333333333334
2318,89,366,10685.72,29.195956284153002,196685,537.3907103825137,1843.35,0.17250592379362364,1923,232,46.05913793103448,0.0,0.0,Age Group1,Y,Level1,Unknown,Group3,1,None/Unknown,17.0,3.0,0,0.04644808743169399,0.0,18.0,183.0,2.0,0.5
2319,2,117,1148.68,9.817777777777778,612,5.230769230769231,207.63,0.18075530173764667,344,85,13.513882352941177,0.0,0.0,Unknown,Unknown,Unknown,Unknown,Unknown,Unknown,Unknown,13.0,3.0,0,0.1111111111111111,0.0,21.0,188.0,2.0,1.606837606837607
2320,25,25,369.59000000000003,14.783600000000002,162,6.48,37.06,0.10027327579209394,117,24,15.399583333333334,0.0,0.0,Unknown,Unknown,Unknown,Unknown,Unknown,Unknown,Unknown,2.0,1.0,0,0.08,0.0,12.0,109.0,2.0,4.36
2321,4,18,336.09000000000003,18.671666666666667,137,7.611111111111111,38.81,0.11547502157160285,106,17,19.770000000000003,0.0,0.0,Unknown,Unknown,Unknown,Unknown,Unknown,Unknown,Unknown,0.0,0.0,0,0.0,0.0,9.0,65.0,2.0,3.611111111111111
2322,0,323,23646.920000000002,73.2102786377709,992718,3073.4303405572755,2358.69,0.09974618258952962,2808,256,92.37078125000001,3.0,0.009287925696594427,Age Group4,Y,Level10,Homeowner,Group2,1,None/Unknown,0.0,0.0,1,0.0,0.0,9.0,65.0,2.0,0.20123839009287925
2323,27,29,781.34,26.942758620689656,159775,5509.482758620689,57.18,0.07318196943712084,131,29,26.942758620689656,0.0,0.0,Unknown,Unknown,Unknown,Unknown,Unknown,Unknown,Unknown,10.0,3.0,0,0.3448275862068966,0.0,24.0,243.0,2.0,8.379310344827585
2324,8,146,2671.77,18.299794520547945,14347,98.26712328767124,498.89,0.18672640234750745,577,132,20.24068181818182,5.0,0.03424657534246575,Age Group3,X,Level5,Homeowner,Group5,2,None/Unknown,0.0,0.0,1,0.0,0.0,13.0,65.0,2.0,0.4452054794520548
2325,14,3,106.36,35.45333333333333,30,10.0,11.37,0.10690109063557728,19,3,35.45333333333333,0.0,0.0,Unknown,Unknown,Unknown,Unknown,Unknown,Unknown,Unknown,9.0,3.0,0,3.0,0.0,17.0,147.0,2.0,49.0
2326,3,47,1322.87,28.146170212765956,9179,195.29787234042553,321.46,0.24300195786434042,390,41,32.26512195121951,0.0,0.0,Unknown,Unknown,Unknown,Unknown,Unknown,Unknown,Unknown,0.0,0.0,0,0.0,0.0,4.0,15.0,2.0,0.3191489361702128
2327,22,43,1267.76,29.482790697674417,45096,1048.7441860465117,365.44,0.2882564523253613,478,32,39.6175,0.0,0.0,Unknown,Unknown,Unknown,Unknown,Unknown,Unknown,Unknown,0.0,0.0,0,0.0,0.0,13.0,111.0,2.0,2.5813953488372094
2328,2,166,14193.61,85.50367469879518,150355,905.7530120481928,1260.1,0.08877938734402312,1549,154,92.1662987012987,0.0,0.0,Age Group4,Y,Level12,Homeowner,Group5,2,None/Unknown,1.0,1.0,0,0.006024096385542169,0.0,10.0,110.0,2.0,0.6626506024096386
2329,130,100,2722.37,27.223699999999997,48499,484.99,516.67,0.18978684014296365,689,95,28.656526315789474,0.0,0.0,Unknown,Unknown,Unknown,Unknown,Unknown,Unknown,Unknown,11.0,3.0,0,0.11,0.0,22.0,204.0,2.0,2.04
2330,2,73,5683.36,77.85424657534246,548384,7512.109589041096,616.5,0.1084745643422201,1011,65,87.4363076923077,3.0,0.0410958904109589,Age Group4,Y,Level5,Homeowner,Group6,1,None/Unknown,5.0,2.0,1,0.0684931506849315,0.6,11.0,148.0,2.0,2.0273972602739727
2331,14,103,5903.55,57.31601941747573,442338,4294.543689320389,1589.78,0.2692922055373462,1154,89,66.33202247191011,3.0,0.02912621359223301,Age Group3,X,Level4,Homeowner,Group4,5+,3+,6.0,3.0,1,0.05825242718446602,0.5,18.0,167.0,2.0,1.6213592233009708
2332,61,16,353.8,22.1125,20972,1310.75,27.76,0.0784624081401922,56,15,23.586666666666666,0.0,0.0,Unknown,Unknown,Unknown,Unknown,Unknown,Unknown,Unknown,8.0,2.0,0,0.5,0.0,17.0,158.0,2.0,9.875
2333,2,24,270.6,11.275,207,8.625,156.9,0.5798226164079823,154,22,12.3,0.0,0.0,Unknown,Unknown,Unknown,Unknown,Unknown,Unknown,Unknown,0.0,0.0,0,0.0,0.0,5.0,37.0,2.0,1.5416666666666667
2334,0,361,11955.380000000001,33.11739612188366,4617,12.789473684210526,1818.26,0.15208717748829395,1827,298,40.11872483221477,2.0,0.00554016620498615,Age Group3,Y,Level5,Homeowner,Group6,1,None/Unknown,0.0,0.0,1,0.0,0.0,8.0,58.0,2.0,0.16066481994459833
2335,6,53,1955.25,36.89150943396226,883,16.660377358490567,444.16,0.22716276690960235,494,43,45.47093023255814,0.0,0.0,Unknown,Unknown,Unknown,Unknown,Unknown,Unknown,Unknown,12.0,3.0,0,0.22641509433962265,0.0,21.0,188.0,2.0,3.547169811320755
2336,12,76,2384.25,31.37171052631579,1467,19.30263157894737,578.4,0.2425920100660585,633,72,33.114583333333336,0.0,0.0,Unknown,Unknown,Unknown,Unknown,Unknown,Unknown,Unknown,0.0,0.0,0,0.0,0.0,12.0,124.0,2.0,1.631578947368421
2337,2,1210,11703.97,9.672702479338842,7340,6.066115702479339,1816.7,0.15522083532339884,1590,444,26.36029279279279,0.0,0.0,Age Group6,Y,Level1,Homeowner,Group1,3,2,2.0,2.0,0,0.001652892561983471,0.0,13.0,122.0,2.0,0.10082644628099173
2338,0,69,2111.55,30.60217391304348,68499,992.7391304347826,329.36,0.1559802041154602,586,61,34.61557377049181,0.0,0.0,Unknown,Unknown,Unknown,Unknown,Unknown,Unknown,Unknown,9.0,3.0,0,0.13043478260869565,0.0,18.0,191.0,2.0,2.7681159420289854
2339,25,10,262.42,26.242,165,16.5,54.800000000000004,0.20882554683332064,103,9,29.15777777777778,0.0,0.0,Unknown,Unknown,Unknown,Unknown,Unknown,Unknown,Unknown,1.0,1.0,0,0.1,0.0,16.0,156.0,2.0,15.6
2340,5,149,2996.82,20.11288590604027,212853,1428.543624161074,445.79,0.1487543462737168,657,118,25.39677966101695,0.0,0.0,Unknown,Unknown,Unknown,Unknown,Unknown,Unknown,Unknown,0.0,0.0,0,0.0,0.0,8.0,58.0,2.0,0.38926174496644295
2341,14,306,5698.38,18.622156862745097,45846,149.8235294117647,1582.42,0.2776964681190093,1222,227,25.102995594713658,2.0,0.006535947712418301,Age Group4,Y,Level5,Homeowner,Group6,1,None/Unknown,0.0,0.0,1,0.0,0.0,17.0,140.0,2.0,0.45751633986928103
2342,0,196,5934.36,30.27734693877551,1006929,5137.392857142857,1094.48,0.18443100856705694,524,159,37.323018867924524,2.0,0.01020408163265306,Age Group5,Y,Level7,Homeowner,Group6,1,None/Unknown,12.0,3.0,1,0.061224489795918366,0.16666666666666666,17.0,182.0,2.0,0.9285714285714286
2343,2,240,4627.4800000000005,19.281166666666667,340084,1417.0166666666667,824.53,0.17818121310086696,1000,196,23.609591836734698,0.0,0.0,Age Group1,Y,Level5,Unknown,Group2,1,None/Unknown,2.0,2.0,0,0.008333333333333333,0.0,16.0,125.0,2.0,0.5208333333333334
2344,0,57,2690.84,47.207719298245614,41054,720.2456140350877,618.33,0.2297906973287152,642,55,48.92436363636364,0.0,0.0,Unknown,Unknown,Unknown,Unknown,Unknown,Unknown,Unknown,5.0,2.0,0,0.08771929824561403,0.0,17.0,168.0,2.0,2.9473684210526314
2345,13,109,4278.51,39.25238532110092,30173,276.8165137614679,825.49,0.19293866322621658,1046,94,45.516063829787235,0.0,0.0,Unknown,Unknown,Unknown,Unknown,Unknown,Unknown,Unknown,3.0,1.0,0,0.027522935779816515,0.0,18.0,146.0,2.0,1.3394495412844036
2346,2,30,1220.38,40.67933333333334,511,17.033333333333335,172.97,0.14173454170012617,226,29,42.082068965517244,0.0,0.0,Unknown,Unknown,Unknown,Unknown,Unknown,Unknown,Unknown,5.0,3.0,0,0.16666666666666666,0.0,15.0,160.0,2.0,5.333333333333333
2347,0,93,3232.55,34.758602150537634,185783,1997.6666666666667,655.49,0.20277799260645618,500,80,40.406875,1.0,0.010752688172043012,Age Group4,Y,Level4,Unknown,Group5,2,None/Unknown,1.0,1.0,1,0.010752688172043012,1.0,10.0,84.0,2.0,0.9032258064516129
2348,54,56,278.87,4.979821428571428,156,2.7857142857142856,81.72,0.2930397676336644,75,33,8.450606060606061,0.0,0.0,Unknown,Unknown,Unknown,Unknown,Unknown,Unknown,Unknown,1.0,1.0,0,0.017857142857142856,0.0,13.0,136.0,2.0,2.4285714285714284
2349,7,72,2100.28,29.17055555555556,102680,1426.111111111111,360.27,0.17153427162092671,491,64,32.816875,0.0,0.0,Unknown,Unknown,Unknown,Unknown,Unknown,Unknown,Unknown,0.0,0.0,0,0.0,0.0,7.0,43.0,2.0,0.5972222222222222
2350,2,46,1915.65,41.6445652173913,38996,847.7391304347826,467.37,0.24397463002114164,490,38,50.41184210526316,0.0,0.0,Unknown,Unknown,Unknown,Unknown,Unknown,Unknown,Unknown,0.0,0.0,0,0.0,0.0,15.0,132.0,2.0,2.869565217391304
2351,3,322,16616.78,51.604906832298134,1077032,3344.8198757763976,3447.25,0.20745595717100426,1778,252,65.93960317460316,12.0,0.037267080745341616,Age Group4,X,Level6,Homeowner,Group5,2,None/Unknown,3.0,1.0,1,0.009316770186335404,4.0,14.0,113.0,2.0,0.35093167701863354
2352,32,43,1255.85,29.20581395348837,499,11.604651162790697,176.69,0.14069355416650078,351,40,31.39625,0.0,0.0,Unknown,Unknown,Unknown,Unknown,Unknown,Unknown,Unknown,10.0,3.0,0,0.23255813953488372,0.0,18.0,203.0,2.0,4.72093023255814
2353,23,14,412.75,29.482142857142858,189,13.5,82.52,0.19992731677771047,110,14,29.482142857142858,0.0,0.0,Unknown,Unknown,Unknown,Unknown,Unknown,Unknown,Unknown,0.0,0.0,0,0.0,0.0,12.0,121.0,2.0,8.642857142857142
2354,7,80,4821.89,60.273625,343476,4293.45,640.43,0.1328172148265514,625,74,65.16067567567568,0.0,0.0,Unknown,Unknown,Unknown,Unknown,Unknown,Unknown,Unknown,0.0,0.0,0,0.0,0.0,12.0,71.0,2.0,0.8875
2355,57,16,111.34,6.95875,43,2.6875,13.14,0.1180168852164541,28,16,6.95875,0.0,0.0,Unknown,Unknown,Unknown,Unknown,Unknown,Unknown,Unknown,5.0,2.0,0,0.3125,0.0,18.0,131.0,2.0,8.1875
2356,94,98,2159.78,22.03857142857143,1250,12.755102040816327,667.65,0.3091287075535471,659,86,25.11372093023256,0.0,0.0,Unknown,Unknown,Unknown,Unknown,Unknown,Unknown,Unknown,0.0,0.0,0,0.0,0.0,6.0,22.0,2.0,0.22448979591836735
2357,49,29,234.37,8.081724137931035,7293,251.48275862068965,35.97,0.15347527413918163,78,24,9.765416666666667,0.0,0.0,Unknown,Unknown,Unknown,Unknown,Unknown,Unknown,Unknown,2.0,1.0,0,0.06896551724137931,0.0,11.0,127.0,2.0,4.379310344827586
2358,3,79,2423.25,30.674050632911392,733,9.278481012658228,579.89,0.23930258949757557,280,76,31.88486842105263,0.0,0.0,Unknown,Unknown,Unknown,Unknown,Unknown,Unknown,Unknown,0.0,0.0,0,0.0,0.0,11.0,39.0,2.0,0.4936708860759494
2359,14,174,2806.27,16.127988505747126,171616,986.2988505747127,528.36,0.18827839088897363,454,131,21.421908396946566,0.0,0.0,Age Group4,X,Level3,Homeowner,Group5,2,None/Unknown,2.0,1.0,0,0.011494252873563218,0.0,11.0,81.0,2.0,0.46551724137931033
2360,3,343,9394.58,27.389446064139943,972720,2835.918367346939,1377.56,0.14663348441335322,1351,277,33.9154512635379,0.0,0.0,Age Group2,Z,Level5,Homeowner,Group6,1,None/Unknown,4.0,2.0,0,0.011661807580174927,0.0,10.0,118.0,2.0,0.34402332361516036
2361,14,90,4528.71,50.319,1648,18.31111111111111,552.15,0.12192213676742383,508,87,52.05413793103448,0.0,0.0,Age Group2,Y,Level4,Unknown,Group5,2,None/Unknown,10.0,3.0,0,0.1111111111111111,0.0,21.0,181.0,2.0,2.011111111111111
2362,49,41,520.29,12.69,228,5.560975609756097,105.47,0.2027138711103423,167,37,14.061891891891891,0.0,0.0,Unknown,Unknown,Unknown,Unknown,Unknown,Unknown,Unknown,7.0,3.0,0,0.17073170731707318,0.0,12.0,135.0,2.0,3.292682926829268
2363,32,43,843.76,19.622325581395348,322,7.488372093023256,115.09,0.1364013463544136,226,41,20.57951219512195,0.0,0.0,Unknown,Unknown,Unknown,Unknown,Unknown,Unknown,Unknown,0.0,0.0,0,0.0,0.0,11.0,72.0,2.0,1.6744186046511629
2364,5,117,7414.1,63.36837606837607,3209,27.427350427350426,1168.8,0.15764556723000767,1227,113,65.61150442477876,2.0,0.017094017094017096,Age Group4,X,Level3,Renter,Group5,2,None/Unknown,0.0,0.0,1,0.0,0.0,10.0,91.0,2.0,0.7777777777777778
2365,486,7,313.65,44.80714285714286,132,18.857142857142858,35.06,0.1117806472182369,106,7,44.80714285714286,0.0,0.0,Unknown,Unknown,Unknown,Unknown,Unknown,Unknown,Unknown,3.0,2.0,0,0.42857142857142855,0.0,11.0,166.0,2.0,23.714285714285715
2366,6,168,5500.03,32.73827380952381,456603,2717.875,941.91,0.171255429515839,1095,136,40.441397058823526,9.0,0.05357142857142857,Unknown,Unknown,Unknown,Unknown,Unknown,Unknown,Unknown,0.0,0.0,1,0.0,0.0,7.0,58.0,2.0,0.34523809523809523
2367,3,142,4495.53,31.658661971830984,17039,119.99295774647888,711.85,0.15834617942711984,993,112,40.13866071428571,0.0,0.0,Age Group4,Y,Level1,Unknown,Group5,2,None/Unknown,9.0,3.0,0,0.06338028169014084,0.0,18.0,148.0,2.0,1.0422535211267605
2368,38,27,1377.69,51.025555555555556,635,23.51851851851852,229.97,0.16692434437355283,295,25,55.107600000000005,0.0,0.0,Unknown,Unknown,Unknown,Unknown,Unknown,Unknown,Unknown,7.0,2.0,0,0.25925925925925924,0.0,13.0,152.0,2.0,5.62962962962963
2369,2,76,2709.79,35.65513157894737,242305,3188.2236842105262,279.99,0.1033253499348658,461,72,37.63597222222222,0.0,0.0,Unknown,Unknown,Unknown,Unknown,Unknown,Unknown,Unknown,0.0,0.0,0,0.0,0.0,12.0,90.0,2.0,1.1842105263157894
2370,2,172,5307.52,30.857674418604653,327308,1902.953488372093,1937.25,0.365000979741951,972,140,37.91085714285715,8.0,0.046511627906976744,Age Group2,X,Level1,Homeowner,Group5,2,None/Unknown,3.0,2.0,1,0.01744186046511628,2.6666666666666665,14.0,122.0,2.0,0.7093023255813954
2371,5,98,2138.71,21.82357142857143,869,8.86734693877551,214.79,0.1004296982760636,375,92,23.246847826086956,0.0,0.0,Unknown,Unknown,Unknown,Unknown,Unknown,Unknown,Unknown,5.0,2.0,0,0.05102040816326531,0.0,19.0,151.0,2.0,1.5408163265306123
2372,5,71,3208.19,45.18577464788733,23808,335.32394366197184,678.5,0.21148996786349936,866,64,50.12796875,0.0,0.0,Unknown,Unknown,Unknown,Unknown,Unknown,Unknown,Unknown,6.0,2.0,0,0.08450704225352113,0.0,11.0,108.0,2.0,1.5211267605633803
2373,14,124,2585.6,20.851612903225806,80205,646.8145161290323,708.82,0.27414139851485153,714,97,26.65567010309278,0.0,0.0,Unknown,Unknown,Unknown,Unknown,Unknown,Unknown,Unknown,3.0,2.0,0,0.024193548387096774,0.0,19.0,154.0,2.0,1.2419354838709677
2374,28,82,6249.35,76.21158536585367,33372,406.9756097560976,1258.67,0.2014081464472305,1096,77,81.16038961038961,7.0,0.08536585365853659,Age Group4,Y,Level9,Homeowner,Group5,2,None/Unknown,2.0,2.0,1,0.024390243902439025,3.5,15.0,125.0,2.0,1.524390243902439
2375,6,114,2841.4,24.924561403508772,1135,9.956140350877194,467.79,0.1646336313085099,493,95,29.90947368421053,9.0,0.07894736842105263,Unknown,Unknown,Unknown,Unknown,Unknown,Unknown,Unknown,6.0,2.0,1,0.05263157894736842,1.5,16.0,161.0,2.0,1.412280701754386
2376,3,183,3925.4900000000002,21.450765027322404,193504,1057.3989071038252,693.63,0.17669895987507292,869,145,27.072344827586207,0.0,0.0,Age Group4,Y,Level4,Unknown,Group3,1,None/Unknown,2.0,1.0,0,0.01092896174863388,0.0,13.0,132.0,2.0,0.7213114754098361
2377,1,82,1107.54,13.506585365853658,68033,829.670731707317,227.11,0.20505805659389278,345,73,15.171780821917809,0.0,0.0,Unknown,Unknown,Unknown,Unknown,Unknown,Unknown,Unknown,3.0,2.0,0,0.036585365853658534,0.0,16.0,163.0,2.0,1.9878048780487805
2378,1,154,8311.08,53.96805194805195,36890,239.54545454545453,1764.0,0.2122467838114902,1238,150,55.407199999999996,3.0,0.01948051948051948,Age Group2,X,Level5,Unknown,Group4,5+,3+,2.0,1.0,1,0.012987012987012988,1.5,10.0,93.0,2.0,0.6038961038961039
2379,18,56,1323.34,23.631071428571428,47028,839.7857142857143,282.3,0.21332386234830053,311,51,25.9478431372549,0.0,0.0,Unknown,Unknown,Unknown,Unknown,Unknown,Unknown,Unknown,9.0,3.0,0,0.16071428571428573,0.0,18.0,187.0,2.0,3.3392857142857144
2380,3,177,5018.78,28.35468926553672,617132,3486.6214689265535,1465.36,0.2919753406206289,861,145,34.61227586206896,19.0,0.10734463276836158,Age Group4,Y,Level5,Homeowner,Group6,1,None/Unknown,2.0,2.0,1,0.011299435028248588,9.5,13.0,107.0,2.0,0.6045197740112994
2381,4,92,2185.28,23.75304347826087,61769,671.4021739130435,669.12,0.3061941719138966,542,89,24.55370786516854,0.0,0.0,Unknown,Unknown,Unknown,Unknown,Unknown,Unknown,Unknown,6.0,2.0,0,0.06521739130434782,0.0,14.0,137.0,2.0,1.4891304347826086
2382,109,36,822.64,22.85111111111111,14472,402.0,139.33,0.1693693474666926,206,34,24.19529411764706,0.0,0.0,Unknown,Unknown,Unknown,Unknown,Unknown,Unknown,Unknown,4.0,2.0,0,0.1111111111111111,0.0,16.0,125.0,2.0,3.4722222222222223
2383,62,18,555.64,30.86888888888889,187,10.38888888888889,298.58,0.537362320927219,122,14,39.68857142857143,0.0,0.0,Unknown,Unknown,Unknown,Unknown,Unknown,Unknown,Unknown,0.0,0.0,0,0.0,0.0,11.0,78.0,2.0,4.333333333333333
2384,3,19,801.41,42.17947368421053,393,20.68421052631579,140.63,0.17547821963788823,208,19,42.17947368421053,0.0,0.0,Unknown,Unknown,Unknown,Unknown,Unknown,Unknown,Unknown,0.0,0.0,0,0.0,0.0,9.0,52.0,2.0,2.736842105263158
2385,2,306,6158.06,20.124379084967323,344185,1124.7875816993464,755.11,0.12262140998950968,959,184,33.46771739130435,0.0,0.0,Unknown,Unknown,Unknown,Unknown,Unknown,Unknown,Unknown,1.0,1.0,0,0.0032679738562091504,0.0,11.0,81.0,2.0,0.2647058823529412
2386,5,51,1056.96,20.724705882352943,25267,495.4313725490196,221.45,0.20951597033000302,258,49,21.57061224489796,0.0,0.0,Unknown,Unknown,Unknown,Unknown,Unknown,Unknown,Unknown,3.0,2.0,0,0.058823529411764705,0.0,17.0,165.0,2.0,3.235294117647059
2387,11,33,865.7,26.233333333333334,447,13.545454545454545,233.38,0.26958530668822916,230,19,45.56315789473685,0.0,0.0,Unknown,Unknown,Unknown,Unknown,Unknown,Unknown,Unknown,1.0,1.0,0,0.030303030303030304,0.0,10.0,89.0,2.0,2.696969696969697
2388,2,63,1703.02,27.032063492063493,740,11.746031746031745,261.94,0.1538091155711618,471,45,37.84488888888889,0.0,0.0,Unknown,Unknown,Unknown,Unknown,Unknown,Unknown,Unknown,0.0,0.0,0,0.0,0.0,12.0,78.0,2.0,1.2380952380952381
2389,23,62,1485.44,23.958709677419357,4499,72.56451612903226,411.84,0.2772511848341232,443,44,33.76,0.0,0.0,Unknown,Unknown,Unknown,Unknown,Unknown,Unknown,Unknown,1.0,1.0,0,0.016129032258064516,0.0,11.0,119.0,2.0,1.9193548387096775
2390,87,47,1046.59,22.26787234042553,15467,329.0851063829787,121.75,0.11633017705118529,283,45,23.257555555555555,0.0,0.0,Age Group2,X,Level5,Unknown,Group3,2,None/Unknown,0.0,0.0,0,0.0,0.0,16.0,123.0,2.0,2.617021276595745
2391,104,54,633.92,11.739259259259258,44890,831.2962962962963,234.24,0.3695103483089349,134,50,12.6784,0.0,0.0,Unknown,Unknown,Unknown,Unknown,Unknown,Unknown,Unknown,2.0,2.0,0,0.037037037037037035,0.0,18.0,125.0,2.0,2.314814814814815
2392,1,39,1428.9,36.63846153846154,22718,582.5128205128206,293.67,0.20552173000209953,321,32,44.653125,0.0,0.0,Unknown,Unknown,Unknown,Unknown,Unknown,Unknown,Unknown,2.0,1.0,0,0.05128205128205128,0.0,11.0,61.0,2.0,1.564102564102564
2393,3,61,4048.29,66.36540983606557,1627,26.672131147540984,574.53,0.14191918069110662,633,59,68.61508474576272,0.0,0.0,Age Group3,Y,Level6,Homeowner,Group2,1,None/Unknown,0.0,0.0,0,0.0,0.0,10.0,83.0,2.0,1.360655737704918
2394,9,84,1538.01,18.309642857142858,376506,4482.214285714285,63.99,0.04160571127625958,178,76,20.236973684210525,0.0,0.0,Unknown,Unknown,Unknown,Unknown,Unknown,Unknown,Unknown,3.0,2.0,0,0.03571428571428571,0.0,16.0,158.0,2.0,1.880952380952381
2395,16,227,5262.3,23.18193832599119,2888,12.722466960352422,957.46,0.18194705737035136,982,182,28.913736263736265,0.0,0.0,Unknown,Unknown,Unknown,Unknown,Unknown,Unknown,Unknown,1.0,1.0,0,0.004405286343612335,0.0,11.0,77.0,2.0,0.3392070484581498
2396,69,17,550.48,32.38117647058824,268,15.764705882352942,111.88,0.2032408080220898,179,17,32.38117647058824,0.0,0.0,Unknown,Unknown,Unknown,Unknown,Unknown,Unknown,Unknown,10.0,3.0,0,0.5882352941176471,0.0,18.0,174.0,2.0,10.235294117647058
2397,7,35,1095.1,31.288571428571426,397,11.342857142857143,106.76,0.09748881380695829,217,32,34.221875,0.0,0.0,Age Group6,Z,Level8,Unknown,Group5,2,None/Unknown,0.0,0.0,0,0.0,0.0,10.0,77.0,2.0,2.2
2398,66,76,2035.1,26.777631578947368,881,11.592105263157896,393.11,0.19316495503906445,398,66,30.834848484848482,1.0,0.013157894736842105,Unknown,Unknown,Unknown,Unknown,Unknown,Unknown,Unknown,0.0,0.0,1,0.0,0.0,11.0,94.0,2.0,1.236842105263158
2399,28,10,188.49,18.849,76,7.6,26.14,0.13868109714043184,59,10,18.849,0.0,0.0,Unknown,Unknown,Unknown,Unknown,Unknown,Unknown,Unknown,1.0,1.0,0,0.1,0.0,14.0,110.0,2.0,11.0
2400,0,391,14681.32,37.54813299232737,922234,2358.6547314578006,3911.44,0.266422910201535,1814,203,72.32177339901477,23.0,0.058823529411764705,Age Group3,X,Level3,Homeowner,Group4,3,1,0.0,0.0,1,0.0,0.0,8.0,33.0,2.0,0.08439897698209718
2401,10,67,727.45,10.857462686567166,16019,239.08955223880596,104.15,0.14317135198295416,144,60,12.124166666666667,0.0,0.0,Unknown,Unknown,Unknown,Unknown,Unknown,Unknown,Unknown,6.0,3.0,0,0.08955223880597014,0.0,16.0,169.0,2.0,2.5223880597014925
2402,0,36,1088.9,30.247222222222224,479,13.305555555555555,185.60999999999999,0.17045642391404167,289,33,32.9969696969697,0.0,0.0,Unknown,Unknown,Unknown,Unknown,Unknown,Unknown,Unknown,0.0,0.0,0,0.0,0.0,7.0,61.0,2.0,1.6944444444444444
2403,109,10,118.69,11.869,57,5.7,16.95,0.14280899823068496,48,10,11.869,0.0,0.0,Unknown,Unknown,Unknown,Unknown,Unknown,Unknown,Unknown,0.0,0.0,0,0.0,0.0,9.0,91.0,2.0,9.1
2404,19,18,559.76,31.09777777777778,30165,1675.8333333333333,150.35,0.2685972559668429,140,17,32.927058823529414,0.0,0.0,Unknown,Unknown,Unknown,Unknown,Unknown,Unknown,Unknown,0.0,0.0,0,0.0,0.0,7.0,25.0,2.0,1.3888888888888888
2405,5,151,3425.7,22.686754966887417,234938,1555.8807947019868,511.21,0.14922789502875325,605,125,27.4056,0.0,0.0,Age Group2,Y,Level2,Unknown,Group3,1,None/Unknown,0.0,0.0,0,0.0,0.0,8.0,60.0,2.0,0.3973509933774834
2406,16,138,4860.81,35.22326086956522,155777,1128.8188405797102,603.11,0.12407602848084989,819,128,37.975078125,2.0,0.014492753623188406,Age Group2,X,Level8,Homeowner,Group4,3,1,3.0,1.0,1,0.021739130434782608,0.6666666666666666,13.0,118.0,2.0,0.855072463768116
2407,2,179,6665.22,37.23586592178771,490439,2739.882681564246,2739.4,0.4109991868235407,887,148,45.035270270270274,9.0,0.05027932960893855,Age Group4,X,Level7,Homeowner,Group5,2,None/Unknown,6.0,2.0,1,0.0335195530726257,1.5,14.0,165.0,2.0,0.9217877094972067
2408,19,26,2108.17,81.08346153846153,763,29.346153846153847,384.86,0.18255643520209472,345,25,84.3268,0.0,0.0,Unknown,Unknown,Unknown,Unknown,Unknown,Unknown,Unknown,6.0,2.0,0,0.23076923076923078,0.0,12.0,124.0,2.0,4.769230769230769
2409,7,8,906.5500000000001,113.31875000000001,499,62.375,293.52,0.3237769565936793,319,8,113.31875000000001,0.0,0.0,Unknown,Unknown,Unknown,Unknown,Unknown,Unknown,Unknown,0.0,0.0,0,0.0,0.0,14.0,106.0,2.0,13.25
2410,18,63,2636.57,41.85031746031746,26627,422.6507936507937,460.54,0.17467391345573985,607,63,41.85031746031746,0.0,0.0,Unknown,Unknown,Unknown,Unknown,Unknown,Unknown,Unknown,0.0,0.0,0,0.0,0.0,12.0,104.0,2.0,1.6507936507936507
2411,8,76,2019.25,26.56907894736842,728,9.578947368421053,187.75,0.09298006685650613,458,71,28.440140845070424,0.0,0.0,Age Group6,X,Level1,Homeowner,Group5,2,None/Unknown,4.0,2.0,0,0.05263157894736842,0.0,19.0,143.0,2.0,1.881578947368421
2412,1,279,12763.78,45.74831541218638,6443,23.093189964157705,3390.0099999999998,0.26559608517226085,1676,225,56.72791111111111,0.0,0.0,Unknown,Unknown,Unknown,Unknown,Unknown,Unknown,Unknown,2.0,1.0,0,0.007168458781362007,0.0,14.0,130.0,2.0,0.4659498207885305
2413,93,17,301.41,17.73,142,8.352941176470589,33.77,0.11204007829866296,96,16,18.838125,0.0,0.0,Unknown,Unknown,Unknown,Unknown,Unknown,Unknown,Unknown,9.0,3.0,0,0.5294117647058824,0.0,19.0,197.0,2.0,11.588235294117647
2414,111,6,178.68,29.78,110,18.333333333333332,36.5,0.20427580031340944,85,6,29.78,0.0,0.0,Unknown,Unknown,Unknown,Unknown,Unknown,Unknown,Unknown,0.0,0.0,0,0.0,0.0,10.0,57.0,2.0,9.5
2415,4,126,1676.34,13.304285714285713,770,6.111111111111111,206.13,0.12296431511507212,308,104,16.118653846153844,0.0,0.0,Unknown,Unknown,Unknown,Unknown,Unknown,Unknown,Unknown,0.0,0.0,0,0.0,0.0,9.0,47.0,2.0,0.373015873015873
2416,0,110,4422.9800000000005,40.208909090909096,108121,982.9181818181818,594.86,0.13449303410822566,718,104,42.52865384615385,0.0,0.0,Unknown,Unknown,Unknown,Unknown,Unknown,Unknown,Unknown,1.0,1.0,0,0.00909090909090909,0.0,13.0,110.0,2.0,1.0
2417,5,9,196.11,21.790000000000003,84,9.333333333333334,33.4,0.17031257967467237,59,9,21.790000000000003,0.0,0.0,Unknown,Unknown,Unknown,Unknown,Unknown,Unknown,Unknown,4.0,2.0,0,0.4444444444444444,0.0,15.0,153.0,2.0,17.0
2418,4,113,1572.61,13.916902654867256,903,7.991150442477876,253.19,0.16099986646403114,329,107,14.697289719626168,0.0,0.0,Unknown,Unknown,Unknown,Unknown,Unknown,Unknown,Unknown,0.0,0.0,0,0.0,0.0,9.0,45.0,2.0,0.39823008849557523
2419,19,65,1199.3700000000001,18.451846153846155,25000,384.61538461538464,176.89,0.14748576335909683,275,61,19.661803278688527,0.0,0.0,Unknown,Unknown,Unknown,Unknown,Unknown,Unknown,Unknown,0.0,0.0,0,0.0,0.0,11.0,100.0,2.0,1.5384615384615385
2420,45,102,4583.46,44.93588235294118,58729,575.7745098039215,805.27,0.17569041728301327,692,79,58.01848101265823,1.0,0.00980392156862745,Age Group4,Y,Level2,Unknown,Group4,3,1,2.0,2.0,1,0.0196078431372549,0.5,13.0,91.0,2.0,0.8921568627450981
2421,6,81,8749.76,108.02172839506173,3866,47.72839506172839,1732.56,0.1980122883370515,1643,78,112.17641025641026,7.0,0.08641975308641975,Age Group4,X,Level9,Homeowner,Group4,5+,3+,5.0,1.0,1,0.06172839506172839,1.4,13.0,125.0,2.0,1.5432098765432098
2422,270,5,368.07,73.614,13136,2627.2,45.75,0.12429700872116717,93,5,73.614,0.0,0.0,Unknown,Unknown,Unknown,Unknown,Unknown,Unknown,Unknown,9.0,2.0,0,1.8,0.0,15.0,173.0,2.0,34.6
2423,0,59,2838.62,48.112203389830505,46601,789.8474576271186,647.29,0.22802981730559216,610,43,66.01441860465115,0.0,0.0,Unknown,Unknown,Unknown,Unknown,Unknown,Unknown,Unknown,0.0,0.0,0,0.0,0.0,10.0,59.0,2.0,1.0
2424,1,113,4122.83,36.48522123893805,1759,15.56637168141593,496.33,0.12038575444536884,895,101,40.82009900990099,0.0,0.0,Unknown,Unknown,Unknown,Unknown,Unknown,Unknown,Unknown,2.0,1.0,0,0.017699115044247787,0.0,15.0,115.0,2.0,1.0176991150442478
2425,1,119,4361.02,36.64722689075631,422956,3554.252100840336,587.07,0.13461758946301552,689,101,43.17841584158416,0.0,0.0,Unknown,Unknown,Unknown,Unknown,Unknown,Unknown,Unknown,6.0,2.0,0,0.05042016806722689,0.0,17.0,181.0,2.0,1.5210084033613445
2426,8,115,2437.06,21.19182608695652,191498,1665.2,400.16,0.16419784494431816,282,103,23.660776699029125,0.0,0.0,Age Group1,Y,Level1,Probable Renter,Group3,1,None/Unknown,3.0,2.0,0,0.02608695652173913,0.0,17.0,155.0,2.0,1.3478260869565217
2427,1,346,8725.94,25.21947976878613,660076,1907.7341040462427,2089.55,0.23946417234131795,1303,281,31.053167259786477,8.0,0.023121387283236993,Age Group3,X,Level5,Homeowner,Group4,3,1,3.0,1.0,1,0.008670520231213872,2.6666666666666665,11.0,88.0,2.0,0.2543352601156069
2428,9,19,323.27,17.01421052631579,98640,5191.578947368421,24.84,0.07683979336158629,22,17,19.015882352941176,0.0,0.0,Unknown,Unknown,Unknown,Unknown,Unknown,Unknown,Unknown,12.0,3.0,0,0.631578947368421,0.0,18.0,173.0,2.0,9.105263157894736
2429,8,66,1807.16,27.381212121212123,1014,15.363636363636363,698.75,0.3866564111644791,393,57,31.704561403508773,0.0,0.0,Unknown,Unknown,Unknown,Unknown,Unknown,Unknown,Unknown,0.0,0.0,0,0.0,0.0,8.0,15.0,2.0,0.22727272727272727
2430,56,60,1885.95,31.4325,51075,851.25,379.99,0.20148466290198574,479,57,33.08684210526316,2.0,0.03333333333333333,Unknown,Unknown,Unknown,Unknown,Unknown,Unknown,Unknown,1.0,1.0,1,0.016666666666666666,2.0,13.0,130.0,2.0,2.1666666666666665
2431,12,43,978.85,22.763953488372092,499,11.604651162790697,171.02,0.17471522705215303,287,40,24.47125,0.0,0.0,Unknown,Unknown,Unknown,Unknown,Unknown,Unknown,Unknown,4.0,2.0,0,0.09302325581395349,0.0,14.0,124.0,2.0,2.883720930232558
2432,2,238,4948.11,20.7903781512605,120773,507.4495798319328,1278.46,0.25837339913623586,1183,185,26.74654054054054,0.0,0.0,Age Group1,Y,Level4,Unknown,Group3,1,None/Unknown,0.0,0.0,0,0.0,0.0,13.0,91.0,2.0,0.38235294117647056
2433,93,30,609.75,20.325,314,10.466666666666667,141.94,0.2327839278392784,139,29,21.025862068965516,0.0,0.0,Unknown,Unknown,Unknown,Unknown,Unknown,Unknown,Unknown,11.0,3.0,0,0.36666666666666664,0.0,17.0,156.0,2.0,5.2
2434,39,23,771.51,33.54391304347826,433,18.82608695652174,196.38,0.2545397985768169,284,21,36.738571428571426,0.0,0.0,Unknown,Unknown,Unknown,Unknown,Unknown,Unknown,Unknown,0.0,0.0,0,0.0,0.0,10.0,63.0,2.0,2.739130434782609
2435,8,46,3303.85,71.82282608695652,55236,1200.7826086956522,1159.71,0.35101775201658675,665,38,86.94342105263158,0.0,0.0,Age Group4,Y,Level5,Homeowner,Group1,5+,3+,0.0,0.0,0,0.0,0.0,12.0,88.0,2.0,1.9130434782608696
2436,115,15,972.68,64.84533333333333,20406,1360.4,162.92,0.16749599045934943,260,12,81.05666666666666,0.0,0.0,Unknown,Unknown,Unknown,Unknown,Unknown,Unknown,Unknown,0.0,0.0,0,0.0,0.0,11.0,120.0,2.0,8.0
2437,12,74,4841.9400000000005,65.43162162162163,1816,24.54054054054054,605.12,0.12497470022346413,918,67,72.26776119402986,0.0,0.0,Age Group3,X,Level8,Homeowner,Group4,5+,3+,0.0,0.0,0,0.0,0.0,12.0,106.0,2.0,1.4324324324324325
2438,0,184,3061.58,16.639021739130435,218470,1187.3369565217392,333.17,0.1088228953677513,568,163,18.78269938650307,0.0,0.0,Unknown,Unknown,Unknown,Unknown,Unknown,Unknown,Unknown,4.0,2.0,0,0.021739130434782608,0.0,13.0,166.0,2.0,0.9021739130434783
2439,5,72,596.88,8.29,413,5.736111111111111,290.15,0.48611111111111105,172,68,8.77764705882353,0.0,0.0,Unknown,Unknown,Unknown,Unknown,Unknown,Unknown,Unknown,3.0,1.0,0,0.041666666666666664,0.0,13.0,138.0,2.0,1.9166666666666667
2440,0,139,2563.57,18.44294964028777,56961,409.7913669064748,313.16,0.12215777216927956,503,114,22.48745614035088,0.0,0.0,Unknown,Unknown,Unknown,Unknown,Unknown,Unknown,Unknown,1.0,1.0,0,0.007194244604316547,0.0,9.0,60.0,2.0,0.4316546762589928
2441,9,99,1223.56,12.359191919191918,738,7.454545454545454,372.01,0.30403903363954365,316,95,12.87957894736842,4.0,0.04040404040404041,Unknown,Unknown,Unknown,Unknown,Unknown,Unknown,Unknown,1.0,1.0,1,0.010101010101010102,4.0,15.0,120.0,2.0,1.2121212121212122
2442,20,36,624.33,17.3425,260,7.222222222222222,197.51,0.3163551327022568,163,35,17.838,0.0,0.0,Unknown,Unknown,Unknown,Unknown,Unknown,Unknown,Unknown,3.0,1.0,0,0.08333333333333333,0.0,11.0,111.0,2.0,3.0833333333333335
2443,258,153,4029.19,26.334575163398693,352598,2304.5620915032678,788.91,0.1957986592838759,454,129,31.234031007751938,3.0,0.0196078431372549,Unknown,Unknown,Unknown,Unknown,Unknown,Unknown,Unknown,0.0,0.0,1,0.0,0.0,7.0,61.0,2.0,0.39869281045751637
2444,2,6,69.94,11.656666666666666,22,3.6666666666666665,9.13,0.13054046325421792,19,3,23.313333333333333,0.0,0.0,Unknown,Unknown,Unknown,Unknown,Unknown,Unknown,Unknown,6.0,2.0,0,1.0,0.0,16.0,138.0,2.0,23.0
2445,1,217,6546.05,30.166129032258066,200970,926.1290322580645,2194.3,0.33520978299890775,1647,161,40.65869565217391,0.0,0.0,Age Group4,Y,Level4,Unknown,Group6,1,None/Unknown,0.0,0.0,0,0.0,0.0,5.0,12.0,2.0,0.055299539170506916
2446,4,190,6455.78,33.97778947368421,812415,4275.868421052632,1004.42,0.15558460790175627,838,148,43.620135135135136,0.0,0.0,Age Group3,Y,Level8,Homeowner,Group5,2,None/Unknown,9.0,3.0,0,0.04736842105263158,0.0,18.0,181.0,2.0,0.9526315789473684
2447,4,132,7520.9400000000005,56.97681818181819,2287,17.325757575757574,977.07,0.1299132821163312,876,124,60.652741935483874,0.0,0.0,Age Group3,X,Level3,Homeowner,Group5,2,None/Unknown,5.0,2.0,0,0.03787878787878788,0.0,18.0,150.0,2.0,1.1363636363636365
2448,6,205,9300.73,45.36941463414634,16812,82.00975609756098,2320.14,0.2494578382557068,1392,187,49.73652406417112,10.0,0.04878048780487805,Age Group4,X,Level5,Homeowner,Group5,2,None/Unknown,3.0,1.0,1,0.014634146341463415,3.3333333333333335,18.0,155.0,2.0,0.7560975609756098
2449,0,290,10866.87,37.47196551724138,22196,76.53793103448275,1337.08,0.12304186946195177,1534,246,44.17426829268293,0.0,0.0,Age Group3,X,Level10,Homeowner,Group4,5+,3+,10.0,3.0,0,0.034482758620689655,0.0,18.0,182.0,2.0,0.6275862068965518
2450,13,84,3060.77,36.437738095238096,277706,3306.0238095238096,745.88,0.24369031322183635,705,77,39.75025974025974,0.0,0.0,Unknown,Unknown,Unknown,Unknown,Unknown,Unknown,Unknown,0.0,0.0,0,0.0,0.0,17.0,194.0,2.0,2.3095238095238093
2451,4,192,8335.74,43.4153125,82717,430.8177083333333,1862.1,0.22338748569413153,1240,176,47.36215909090909,23.0,0.11979166666666667,Unknown,Unknown,Unknown,Unknown,Unknown,Unknown,Unknown,1.0,1.0,1,0.005208333333333333,23.0,16.0,163.0,2.0,0.8489583333333334
2452,1,146,3060.36,20.9613698630137,5799,39.71917808219178,440.43,0.14391444143826215,653,106,28.871320754716983,0.0,0.0,Unknown,Unknown,Unknown,Unknown,Unknown,Unknown,Unknown,9.0,2.0,0,0.06164383561643835,0.0,17.0,189.0,2.0,1.2945205479452055
2453,6,110,4551.68,41.37890909090909,1647,14.972727272727273,653.5,0.14357336192350956,932,103,44.191067961165054,0.0,0.0,Age Group4,Z,Level5,Homeowner,Group3,1,None/Unknown,7.0,3.0,0,0.06363636363636363,0.0,14.0,132.0,2.0,1.2
2454,7,30,392.87,13.095666666666666,212,7.066666666666666,44.68,0.11372718711024003,114,28,14.031071428571428,0.0,0.0,Unknown,Unknown,Unknown,Unknown,Unknown,Unknown,Unknown,5.0,2.0,0,0.16666666666666666,0.0,14.0,193.0,2.0,6.433333333333334
2455,1,109,5339.03,48.98192660550458,39223,359.8440366972477,772.88,0.14476037782143947,782,102,52.34343137254902,2.0,0.01834862385321101,Age Group4,Z,Level3,Homeowner,Group5,2,None/Unknown,0.0,0.0,1,0.0,0.0,9.0,54.0,2.0,0.4954128440366973
2456,9,76,1271.24,16.72684210526316,704,9.263157894736842,214.74,0.16892168276643277,377,67,18.973731343283582,0.0,0.0,Unknown,Unknown,Unknown,Unknown,Unknown,Unknown,Unknown,7.0,2.0,0,0.09210526315789473,0.0,14.0,154.0,2.0,2.026315789473684
2457,32,77,1540.47,20.006103896103898,14772,191.84415584415584,345.9,0.22454186060098538,480,75,20.5396,1.0,0.012987012987012988,Unknown,Unknown,Unknown,Unknown,Unknown,Unknown,Unknown,1.0,1.0,1,0.012987012987012988,1.0,11.0,106.0,2.0,1.3766233766233766
2458,2,56,1118.33,19.97017857142857,446,7.964285714285714,135.89,0.1215115395276886,255,51,21.928039215686272,0.0,0.0,Unknown,Unknown,Unknown,Unknown,Unknown,Unknown,Unknown,1.0,1.0,0,0.017857142857142856,0.0,11.0,113.0,2.0,2.017857142857143
2459,7,971,20671.5,21.28887744593203,488789,503.38722966014416,4081.3,0.1974360834966016,3159,450,45.93666666666667,0.0,0.0,Unknown,Unknown,Unknown,Unknown,Unknown,Unknown,Unknown,0.0,0.0,0,0.0,0.0,10.0,98.0,2.0,0.10092687950566426
2460,0,32,966.05,30.1890625,253,7.90625,99.44,0.10293463071269603,155,30,32.20166666666667,0.0,0.0,Unknown,Unknown,Unknown,Unknown,Unknown,Unknown,Unknown,15.0,3.0,0,0.46875,0.0,20.0,235.0,2.0,7.34375
2461,13,22,1051.1,47.777272727272724,520,23.636363636363637,160.2,0.15241175910950433,294,20,52.55499999999999,0.0,0.0,Unknown,Unknown,Unknown,Unknown,Unknown,Unknown,Unknown,0.0,0.0,0,0.0,0.0,11.0,63.0,2.0,2.8636363636363638
2462,1,189,11593.06,61.338941798941796,68342,361.5978835978836,2199.16,0.1896962493077755,1318,170,68.19447058823529,9.0,0.047619047619047616,Unknown,Unknown,Unknown,Unknown,Unknown,Unknown,Unknown,0.0,0.0,1,0.0,0.0,9.0,89.0,2.0,0.4708994708994709
2463,216,12,158.42,13.201666666666666,15096,1258.0,22.87,0.14436308546900645,56,10,15.841999999999999,0.0,0.0,Unknown,Unknown,Unknown,Unknown,Unknown,Unknown,Unknown,9.0,2.0,0,0.75,0.0,21.0,181.0,2.0,15.083333333333334
2464,16,51,1121.48,21.989803921568626,17340,340.0,166.48,0.148446695438171,316,46,24.38,0.0,0.0,Unknown,Unknown,Unknown,Unknown,Unknown,Unknown,Unknown,0.0,0.0,0,0.0,0.0,6.0,32.0,2.0,0.6274509803921569
2465,25,165,2089.29,12.662363636363636,106097,643.0121212121212,475.32,0.2275031230705168,415,139,15.030863309352517,0.0,0.0,Age Group6,X,Level2,Homeowner,Group3,2,None/Unknown,0.0,0.0,0,0.0,0.0,12.0,97.0,2.0,0.5878787878787879
2466,1,99,2581.82,26.0789898989899,1111,11.222222222222221,344.72,0.13351821583224238,516,91,28.371648351648354,0.0,0.0,Unknown,Unknown,Unknown,Unknown,Unknown,Unknown,Unknown,0.0,0.0,0,0.0,0.0,14.0,119.0,2.0,1.202020202020202
2467,2,396,12850.56,32.45090909090909,48211,121.7449494949495,4668.59,0.36329856442053887,2002,302,42.55152317880795,5.0,0.012626262626262626,Age Group3,X,Level6,Homeowner,Group4,3,1,4.0,2.0,1,0.010101010101010102,1.25,11.0,114.0,2.0,0.2878787878787879
2468,49,90,2506.89,27.854333333333333,1360,15.11111111111111,653.96,0.2608650559059233,644,77,32.55701298701298,0.0,0.0,Unknown,Unknown,Unknown,Unknown,Unknown,Unknown,Unknown,12.0,3.0,0,0.13333333333333333,0.0,19.0,189.0,2.0,2.1
2469,18,37,660.92,17.862702702702702,269,7.27027027027027,140.67,0.2128396780245718,162,35,18.88342857142857,0.0,0.0,Unknown,Unknown,Unknown,Unknown,Unknown,Unknown,Unknown,2.0,2.0,0,0.05405405405405406,0.0,14.0,141.0,2.0,3.810810810810811
2470,21,91,1042.06,11.45120879120879,65083,715.1978021978022,176.36,0.16924169433621866,215,88,11.84159090909091,0.0,0.0,Unknown,Unknown,Unknown,Unknown,Unknown,Unknown,Unknown,0.0,0.0,0,0.0,0.0,11.0,74.0,2.0,0.8131868131868132
2471,0,52,947.61,18.22326923076923,5634,108.34615384615384,200.09,0.21115226728295397,339,41,23.112439024390245,0.0,0.0,Unknown,Unknown,Unknown,Unknown,Unknown,Unknown,Unknown,2.0,1.0,0,0.038461538461538464,0.0,15.0,82.0,2.0,1.5769230769230769
2472,5,42,1220.81,29.06690476190476,520,12.380952380952381,217.47,0.1781358278519999,302,35,34.88028571428571,0.0,0.0,Unknown,Unknown,Unknown,Unknown,Unknown,Unknown,Unknown,0.0,0.0,0,0.0,0.0,9.0,104.0,2.0,2.4761904761904763
2473,108,9,330.68,36.742222222222225,136,15.11111111111111,53.36,0.1613644611104391,102,6,55.11333333333334,0.0,0.0,Unknown,Unknown,Unknown,Unknown,Unknown,Unknown,Unknown,1.0,1.0,0,0.1111111111111111,0.0,15.0,118.0,2.0,13.11111111111111
2474,21,49,511.41,10.436938775510205,341,6.959183673469388,340.96,0.6667057742320252,157,48,10.654375,0.0,0.0,Unknown,Unknown,Unknown,Unknown,Unknown,Unknown,Unknown,0.0,0.0,0,0.0,0.0,11.0,62.0,2.0,1.2653061224489797
2475,26,124,5079.02,40.95983870967742,17326,139.7258064516129,771.18,0.15183637788392246,823,119,42.68084033613446,2.0,0.016129032258064516,Unknown,Unknown,Unknown,Unknown,Unknown,Unknown,Unknown,2.0,2.0,1,0.016129032258064516,1.0,7.0,52.0,2.0,0.41935483870967744
2476,230,14,403.26,28.804285714285715,77229,5516.357142857143,42.589999999999996,0.10561424391211624,47,13,31.02,0.0,0.0,Unknown,Unknown,Unknown,Unknown,Unknown,Unknown,Unknown,3.0,2.0,0,0.21428571428571427,0.0,15.0,161.0,2.0,11.5
2477,21,40,1871.22,46.7805,85873,2146.825,359.33,0.19202979874092838,427,38,49.24263157894737,0.0,0.0,Unknown,Unknown,Unknown,Unknown,Unknown,Unknown,Unknown,0.0,0.0,0,0.0,0.0,7.0,34.0,2.0,0.85
2478,5,146,3354.42,22.975479452054795,1851,12.678082191780822,612.36,0.18255316865508792,649,136,24.66485294117647,4.0,0.0273972602739726,Unknown,Unknown,Unknown,Unknown,Unknown,Unknown,Unknown,1.0,1.0,1,0.00684931506849315,4.0,13.0,117.0,2.0,0.8013698630136986
2479,5,136,14279.7,104.99779411764706,366135,2692.169117647059,1785.02,0.1250040266952387,1812,128,111.56015625,0.0,0.0,Age Group2,Y,Level9,Homeowner,Group5,2,None/Unknown,5.0,2.0,0,0.03676470588235294,0.0,16.0,131.0,2.0,0.9632352941176471
2480,24,29,1716.05,59.17413793103448,15508,534.7586206896551,235.64000000000001,0.13731534628944378,392,29,59.17413793103448,0.0,0.0,Unknown,Unknown,Unknown,Unknown,Unknown,Unknown,Unknown,11.0,3.0,0,0.3793103448275862,0.0,20.0,198.0,2.0,6.827586206896552
2481,1,148,5403.5,36.51013513513514,488227,3298.8310810810813,1107.66,0.20498935874895902,884,136,39.731617647058826,3.0,0.02027027027027027,Unknown,Unknown,Unknown,Unknown,Unknown,Unknown,Unknown,0.0,0.0,1,0.0,0.0,14.0,110.0,2.0,0.7432432432432432
2482,29,71,2728.77,38.43338028169014,1526,21.492957746478872,591.15,0.21663606679932718,711,54,50.532777777777774,0.0,0.0,Unknown,Unknown,Unknown,Unknown,Unknown,Unknown,Unknown,4.0,2.0,0,0.056338028169014086,0.0,13.0,148.0,2.0,2.084507042253521
2483,3,83,1770.91,21.336265060240965,890,10.72289156626506,266.21999999999997,0.15032949161730408,242,78,22.70397435897436,0.0,0.0,Age Group4,Z,Level6,Homeowner,Group2,1,None/Unknown,3.0,1.0,0,0.03614457831325301,0.0,12.0,121.0,2.0,1.4578313253012047
2484,4,157,7824.64,49.83847133757962,345374,2199.834394904459,1285.29,0.1642618701946671,1274,117,66.87726495726496,0.0,0.0,Unknown,Unknown,Unknown,Unknown,Unknown,Unknown,Unknown,1.0,1.0,0,0.006369426751592357,0.0,12.0,99.0,2.0,0.6305732484076433
2485,5,82,1502.2,18.319512195121952,35368,431.3170731707317,245.82,0.16363999467447743,460,76,19.76578947368421,0.0,0.0,Unknown,Unknown,Unknown,Unknown,Unknown,Unknown,Unknown,5.0,2.0,0,0.06097560975609756,0.0,18.0,184.0,2.0,2.2439024390243905
2486,0,83,3265.52,39.34361445783132,51632,622.0722891566265,836.92,0.256289963007423,1060,69,47.3263768115942,0.0,0.0,Age Group3,Z,Level3,Unknown,Group2,1,None/Unknown,3.0,2.0,0,0.03614457831325301,0.0,10.0,132.0,2.0,1.5903614457831325
2487,25,26,601.25,23.125,18385,707.1153846153846,139.79,0.2324989604989605,185,23,26.141304347826086,0.0,0.0,Unknown,Unknown,Unknown,Unknown,Unknown,Unknown,Unknown,4.0,2.0,0,0.15384615384615385,0.0,18.0,160.0,2.0,6.153846153846154
2488,7,119,6327.51,53.17235294117647,274313,2305.1512605042017,793.18,0.12535420726320462,992,108,58.588055555555556,11.0,0.09243697478991597,Age Group4,Z,Level4,Homeowner,Group3,1,None/Unknown,0.0,0.0,1,0.0,0.0,11.0,85.0,2.0,0.7142857142857143
2489,9,139,9403.42,67.65050359712231,216843,1560.021582733813,1659.45,0.1764730278983604,2081,125,75.22736,28.0,0.2014388489208633,Age Group3,X,Level5,Homeowner,Group5,2,None/Unknown,9.0,3.0,1,0.06474820143884892,3.111111111111111,15.0,167.0,2.0,1.2014388489208634
2490,15,33,699.16,21.186666666666667,404,12.242424242424242,142.76,0.2041878826019795,252,29,24.10896551724138,0.0,0.0,Unknown,Unknown,Unknown,Unknown,Unknown,Unknown,Unknown,16.0,3.0,0,0.48484848484848486,0.0,20.0,199.0,2.0,6.03030303030303
2491,141,62,950.77,15.334999999999999,502,8.096774193548388,171.1,0.1799594013273452,261,51,18.64254901960784,0.0,0.0,Unknown,Unknown,Unknown,Unknown,Unknown,Unknown,Unknown,0.0,0.0,0,0.0,0.0,11.0,99.0,2.0,1.596774193548387
2492,1,133,2858.85,21.495112781954887,55204,415.0676691729323,412.92,0.14443569966944753,611,101,28.305445544554455,0.0,0.0,Unknown,Unknown,Unknown,Unknown,Unknown,Unknown,Unknown,0.0,0.0,0,0.0,0.0,10.0,69.0,2.0,0.518796992481203
2493,168,111,2588.73,23.32189189189189,86014,774.9009009009009,421.75,0.16291772413500055,478,96,26.9659375,0.0,0.0,Unknown,Unknown,Unknown,Unknown,Unknown,Unknown,Unknown,1.0,1.0,0,0.009009009009009009,0.0,14.0,126.0,2.0,1.135135135135135
2494,9,35,2120.93,60.59799999999999,57875,1653.5714285714287,441.98,0.2083897158322057,484,31,68.41709677419354,5.0,0.14285714285714285,Age Group3,Y,Level5,Homeowner,Group5,2,None/Unknown,2.0,1.0,1,0.05714285714285714,2.5,13.0,107.0,2.0,3.057142857142857
2495,67,20,209.0,10.45,90,4.5,33.58,0.16066985645933013,60,19,11.0,0.0,0.0,Unknown,Unknown,Unknown,Unknown,Unknown,Unknown,Unknown,2.0,2.0,0,0.1,0.0,16.0,137.0,2.0,6.85
2496,28,63,4339.66,68.88349206349206,130304,2068.3174603174602,1115.09,0.2569533097062903,758,49,88.56448979591836,11.0,0.1746031746031746,Age Group4,X,Level6,Homeowner,Group6,3,1,0.0,0.0,1,0.0,0.0,8.0,36.0,2.0,0.5714285714285714
2497,11,221,7111.9800000000005,32.18090497737557,61236,277.08597285067873,1341.03,0.18855930416002292,991,193,36.84963730569948,0.0,0.0,Age Group4,Y,Level4,Unknown,Group2,1,None/Unknown,5.0,3.0,0,0.02262443438914027,0.0,16.0,140.0,2.0,0.6334841628959276
2498,1,172,2601.6,15.125581395348837,31339,182.20348837209303,279.4,0.10739544895448953,642,150,17.343999999999998,0.0,0.0,Age Group2,Y,Level5,Homeowner,Group5,2,None/Unknown,3.0,1.0,0,0.01744186046511628,0.0,16.0,179.0,2.0,1.0406976744186047
2499,2,90,3394.07,37.71188888888889,143449,1593.8777777777777,498.1,0.14675595965905242,709,81,41.9020987654321,0.0,0.0,Age Group2,Y,Level1,Unknown,Group4,3,1,6.0,3.0,0,0.06666666666666667,0.0,14.0,133.0,2.0,1.4777777777777779
2500,3,113,5486.16,48.55008849557522,247365,2189.070796460177,958.41,0.174695962203071,1082,99,55.415757575757574,3.0,0.02654867256637168,Unknown,Unknown,Unknown,Unknown,Unknown,Unknown,Unknown,2.0,1.0,1,0.017699115044247787,1.5,14.0,145.0,2.0,1.2831858407079646
